,content_id,title,type,release_year,date_added,age_rating,duration_min,seasons,primary_genre,country,language,imdb_rating,user_rating,is_original,views_30d,completion_rate_pct,likes,content_age,release_decade,is_kids_friendly,duration_bucket,engagement_score
0,1,Title 1,Movie,1983,2018-11-18,TV-MA,118.0,0.0,Romance,Germany,French,7.5,3.8,1,3249454,54.7,1213529,42,1980,0,1.5-2.5 hours,0.7062194404034611
1,2,Title 2,TV Show,1986,2017-04-17,TV-PG,88.0,8.0,Horror,Japan,German,5.2,4.5,1,237089,30.9,32388,39,1980,1,1-1.5 hours,0.15916344779948144
2,3,Title 3,Movie,2024,2016-11-03,PG-13,136.0,2.0,Horror,Germany,French,8.1,4.7,0,1851128,66.5,1900597,1,2020,0,1.5-2.5 hours,0.5436699635923998
3,4,Title 4,Movie,2014,2021-08-15,TV-Y7,103.0,0.0,Thriller,France,Korean,7.6,5.0,0,926079,36.8,448517,11,2010,1,1.5-2.5 hours,0.286112232008638
4,5,Title 5,Movie,1988,2018-10-13,PG-13,118.0,8.0,Horror,Spain,German,9.1,3.1,1,2647687,29.1,656309,37,1980,0,1.5-2.5 hours,0.513554142173891
5,6,Title 6,TV Show,1987,2020-05-29,TV-MA,0.0,5.0,Romance,United Kingdom,English,4.9,3.4,1,742443,73.2,1014341,38,1980,0,N/A,0.40416675625857973
6,7,Title 7,Movie,2024,2016-12-13,PG,118.0,5.0,Drama,India,French,8.1,4.5,1,3034302,21.7,833232,1,2020,1,1.5-2.5 hours,0.5419465516530171
7,8,Title 8,Movie,1996,2015-12-16,TV-14,118.0,0.0,Adventure,Germany,English,4.5,4.1,1,759827,47.6,1663087,29,1990,0,1.5-2.5 hours,0.3043743634294994
8,9,Title 9,Movie,1996,2015-05-30,R,118.0,4.0,Romance,South Korea,English,7.1,3.7,0,3077927,30.8,530981,29,1990,0,1.5-2.5 hours,0.584890319648379
9,10,Title 10,TV Show,2012,2020-05-08,TV-MA,63.0,4.0,Drama,Spain,Japanese,7.0,3.4,0,3118587,86.2,1815500,13,2010,0,1-1.5 hours,0.8125893364206751
10,11,Title 11,Movie,2011,2017-02-23,TV-Y,119.0,0.0,Mystery,Canada,French,6.1,3.6,1,2921020,81.8,344846,14,2010,1,1.5-2.5 hours,0.7653542049240635
11,12,Title 12,Movie,1987,2015-07-17,G,118.0,0.0,Thriller,Canada,Korean,8.6,3.9,1,2473752,24.5,1067461,38,1980,1,1.5-2.5 hours,0.4690638204255062
12,13,Title 13,Movie,1998,2021-03-13,TV-Y7,67.0,0.0,Sci-Fi,India,Hindi,4.0,3.4,1,1923582,61.3,1147938,27,1990,1,1-1.5 hours,0.5337380934797571
13,14,Title 14,Movie,2017,2015-07-23,R,118.0,0.0,Mystery,South Korea,Korean,6.9,4.9,1,1936129,42.2,23026,8,2010,0,1.5-2.5 hours,0.45922014865540883
14,15,Title 15,TV Show,1982,2019-03-09,TV-Y,76.0,5.0,Mystery,United States,English,5.2,3.2,1,2655043,34.4,1111765,43,1980,1,1-1.5 hours,0.5358575452082492
15,16,Title 16,Movie,1984,2017-04-30,TV-14,86.0,4.0,Romance,United Kingdom,English,8.1,5.0,1,339823,43.4,1606449,41,1980,0,1-1.5 hours,0.224573590177373
16,17,Title 17,TV Show,1992,2019-03-03,TV-Y,85.0,5.0,Thriller,Japan,Korean,4.2,4.7,0,1437514,81.2,1071582,33,1990,1,1-1.5 hours,0.5404276929761557
17,18,Title 18,TV Show,2010,2021-05-05,PG,0.0,2.0,Action,Australia,Hindi,8.6,3.8,1,51759,24.3,1567035,15,2010,1,N/A,0.10496387135064622
18,19,Title 19,TV Show,1995,2018-12-25,G,160.0,8.0,Crime,Australia,Hindi,8.6,4.5,1,544645,68.6,1349252,30,1990,1,> 2.5 hours,0.35609697466668033
19,20,Title 20,Movie,2011,2018-10-20,PG-13,118.0,0.0,Mystery,United Kingdom,Japanese,8.6,4.3,1,2727158,88.5,16642,14,2010,0,1.5-2.5 hours,0.7630748249557686
20,21,Title 21,TV Show,2001,2023-04-12,R,0.0,5.0,Horror,Spain,German,4.8,3.4,1,3355428,53.6,1727492,24,2000,0,N/A,0.7177155841178563
21,22,Title 22,Movie,2008,2019-08-28,G,118.0,0.0,Drama,France,Spanish,7.5,3.7,1,2138633,87.6,1887245,17,2000,1,1.5-2.5 hours,0.6711958321885385
22,23,Title 23,TV Show,2001,2021-01-25,TV-PG,0.0,8.0,Action,Spain,English,4.1,4.0,0,735035,88.0,1620860,24,2000,1,N/A,0.46225555320277134
23,24,Title 24,TV Show,2022,2017-09-20,TV-MA,79.0,8.0,Thriller,Canada,Hindi,8.7,4.3,0,3257996,65.7,237650,3,2020,0,1-1.5 hours,0.7515007439270458
24,25,Title 25,TV Show,1982,2016-07-01,TV-PG,0.0,5.0,Sci-Fi,Japan,French,8.0,4.1,1,1619510,54.2,1054593,43,1980,1,N/A,0.45972716804971214
25,26,Title 26,TV Show,1989,2023-09-15,TV-MA,143.0,7.0,Adventure,Canada,Japanese,6.9,3.9,1,1202109,75.3,1985219,36,1980,0,> 2.5 hours,0.48151684587132615
26,27,Title 27,TV Show,2021,2022-01-22,PG,92.0,5.0,Action,Germany,English,8.0,3.9,0,2551594,88.7,1177844,4,2020,1,1-1.5 hours,0.7375401525354195
27,28,Title 28,TV Show,2000,2018-12-10,G,0.0,6.0,Sci-Fi,Canada,Spanish,4.5,4.0,1,1015486,71.0,1783845,25,2000,1,N/A,0.4363233188891269
28,29,Title 29,TV Show,1995,2019-06-12,TV-14,122.0,5.0,Romance,Australia,French,6.9,3.9,1,3344307,35.7,744956,30,1990,0,1.5-2.5 hours,0.6444474295304312
29,30,Title 30,TV Show,1991,2015-04-03,TV-Y,0.0,3.0,Comedy,Australia,English,5.6,4.1,1,1694231,81.5,1235756,34,1990,1,N/A,0.5801353488722094
30,31,Title 31,Movie,1981,2015-12-12,G,118.0,0.0,Crime,Japan,Japanese,9.3,4.8,1,1285676,91.4,862365,44,1980,1,1.5-2.5 hours,0.5584519303428085
31,32,Title 32,Movie,2020,2021-01-14,TV-PG,116.0,5.0,Romance,Canada,Japanese,8.7,4.3,0,3039458,50.8,649197,5,2020,1,1.5-2.5 hours,0.6591199537798729
32,33,Title 33,TV Show,2003,2018-12-01,TV-Y7,0.0,6.0,Thriller,United Kingdom,Hindi,8.0,4.4,1,2284180,72.3,782413,22,2000,1,N/A,0.6318279422268411
33,34,Title 34,TV Show,2014,2023-10-16,TV-MA,0.0,5.0,Comedy,United Kingdom,German,9.1,4.2,1,1097701,58.9,1892382,11,2010,0,N/A,0.40025560280290773
34,35,Title 35,TV Show,2009,2019-01-01,TV-Y7,158.0,4.0,Sci-Fi,India,Korean,5.9,4.3,0,2328050,28.4,1486337,16,2000,1,> 2.5 hours,0.46280846032326584
35,36,Title 36,Movie,2009,2016-09-02,R,118.0,0.0,Comedy,France,Japanese,9.0,4.2,1,3709145,46.2,1613981,16,2000,0,1.5-2.5 hours,0.74117328002652
36,37,Title 37,TV Show,2014,2018-01-09,TV-Y7,0.0,5.0,Adventure,Japan,French,5.8,3.1,0,2108894,32.3,1373826,11,2010,1,N/A,0.44553496992116726
37,38,Title 38,Movie,1998,2020-02-09,G,98.0,0.0,Horror,Canada,Korean,8.0,5.0,0,724049,70.5,1512658,27,1990,1,1-1.5 hours,0.3906076486710338
38,39,Title 39,Movie,1987,2018-11-21,TV-Y,118.0,5.0,Horror,Japan,Hindi,8.1,3.1,0,1558596,63.7,747173,38,1980,1,1.5-2.5 hours,0.48859004292261804
39,40,Title 40,Movie,2005,2020-02-14,R,118.0,6.0,Romance,Spain,Hindi,4.1,3.8,1,1644345,22.5,1342832,20,2000,0,1.5-2.5 hours,0.3366524282941778
40,41,Title 41,Movie,2019,2018-07-19,TV-14,91.0,1.0,Romance,United States,French,6.0,3.2,1,1445861,24.6,481382,6,2010,0,1-1.5 hours,0.3152797464193027
41,42,Title 42,Movie,1986,2017-12-24,TV-14,118.0,0.0,Thriller,South Korea,Spanish,4.1,3.2,1,1578431,39.6,1613964,39,1980,0,1.5-2.5 hours,0.39516530110457804
42,43,Title 43,TV Show,2009,2023-03-06,PG,0.0,7.0,Thriller,Spain,Japanese,9.5,4.6,1,2544562,75.9,1188999,16,2000,1,N/A,0.6852853496347115
43,44,Title 44,TV Show,1986,2017-08-15,TV-Y,0.0,4.0,Drama,Spain,French,4.7,3.9,0,3422134,29.5,1075734,39,1980,1,N/A,0.631321511634157
44,45,Title 45,TV Show,1982,2020-02-04,PG-13,112.0,5.0,Adventure,Canada,English,7.0,4.6,0,1585982,35.4,108643,43,1980,0,1.5-2.5 hours,0.3794979542193741
45,46,Title 46,TV Show,1980,2017-06-25,TV-Y7,0.0,5.0,Thriller,United States,Spanish,8.3,3.5,0,1370971,88.1,1795862,45,1980,1,N/A,0.5580462155270927
46,47,Title 47,TV Show,2015,2015-10-19,R,0.0,4.0,Mystery,United Kingdom,Korean,5.1,3.5,1,1161932,61.0,601120,10,2010,0,N/A,0.41829027929826806
47,48,Title 48,Movie,2004,2016-07-29,G,139.0,8.0,Adventure,United Kingdom,English,6.7,3.5,1,3461901,66.6,1910831,21,2000,1,1.5-2.5 hours,0.7856865780380895
48,49,Title 49,TV Show,2016,2018-10-29,G,69.0,5.0,Drama,Spain,Spanish,7.3,4.2,1,3788412,54.2,1698444,9,2010,1,1-1.5 hours,0.7850633627242475
49,50,Title 50,TV Show,1980,2016-11-25,PG-13,120.0,5.0,Horror,France,Korean,4.9,4.6,1,119049,42.5,1049182,45,1980,0,1.5-2.5 hours,0.18785739910784754
50,51,Title 51,Movie,1994,2023-03-05,PG,143.0,7.0,Action,United Kingdom,English,8.3,3.9,0,1789923,38.7,1559004,31,1990,1,> 2.5 hours,0.42328918834526796
51,52,Title 52,TV Show,2016,2023-06-09,PG-13,69.0,5.0,Drama,Germany,German,5.6,3.8,1,2188290,64.2,128967,9,2010,0,1-1.5 hours,0.5850444026721073
52,53,Title 53,Movie,1992,2022-04-05,TV-MA,107.0,0.0,Drama,Spain,Japanese,5.2,4.9,0,3178326,55.3,1109581,33,1990,0,1.5-2.5 hours,0.6979502110630803
53,54,Title 54,TV Show,2019,2022-03-23,TV-PG,139.0,3.0,Romance,South Korea,French,7.1,3.2,1,2395111,50.2,1222985,6,2010,1,1.5-2.5 hours,0.5600676379860045
54,55,Title 55,Movie,1987,2019-11-19,R,118.0,0.0,Crime,United States,French,6.3,4.0,0,3528338,72.1,31102,38,1980,0,1.5-2.5 hours,0.8176521554434274
55,56,Title 56,TV Show,1984,2019-08-29,TV-PG,140.0,5.0,Comedy,India,French,9.1,3.8,0,3069333,50.3,73673,41,1980,1,1.5-2.5 hours,0.6616012161033443
56,57,Title 57,TV Show,1988,2022-02-22,PG-13,0.0,3.0,Horror,Australia,German,8.8,3.2,1,3987632,22.8,297362,37,1980,0,N/A,0.6893464449027236
57,58,Title 58,Movie,1980,2017-02-01,PG,99.0,0.0,Sci-Fi,Japan,Japanese,6.7,3.5,0,2579844,83.0,849256,45,1980,1,1-1.5 hours,0.7189776641885766
58,59,Title 59,Movie,2015,2018-09-26,PG,132.0,0.0,Sci-Fi,Spain,Spanish,6.0,3.1,0,270833,43.9,1578752,10,2010,1,1.5-2.5 hours,0.21622506171891973
59,60,Title 60,Movie,2014,2017-04-22,TV-14,118.0,4.0,Thriller,United Kingdom,Japanese,5.8,4.8,1,2816240,91.0,1499375,11,2010,0,1.5-2.5 hours,0.7864371617021947
60,61,Title 61,Movie,1981,2021-10-13,TV-14,63.0,0.0,Horror,Japan,Hindi,5.5,4.2,0,3176876,86.0,393823,44,1980,0,1-1.5 hours,0.8205327104649538
61,62,Title 62,Movie,2019,2017-06-26,R,149.0,0.0,Mystery,South Korea,English,7.0,4.6,0,3613158,37.5,136208,6,2010,0,> 2.5 hours,0.6919751904317737
62,63,Title 63,Movie,2002,2019-03-06,R,118.0,0.0,Thriller,Canada,Spanish,8.4,4.0,0,752009,92.4,815367,23,2000,0,1.5-2.5 hours,0.4824016602045656
63,64,Title 64,Movie,1988,2022-02-11,R,130.0,7.0,Thriller,Australia,Hindi,5.7,4.2,1,259091,84.0,616317,37,1980,0,1.5-2.5 hours,0.3748637568753314
64,65,Title 65,Movie,2013,2020-11-21,G,118.0,0.0,Drama,France,French,5.0,4.4,0,85297,93.9,1815890,12,2010,1,1.5-2.5 hours,0.3883945851851093
65,66,Title 66,TV Show,1993,2022-01-02,TV-14,70.0,4.0,Horror,India,French,6.6,4.8,0,797727,70.8,469483,32,1990,0,1-1.5 hours,0.40285937906329244
66,67,Title 67,TV Show,1983,2016-05-28,G,0.0,5.0,Comedy,Canada,French,4.4,3.2,1,2615031,89.8,55269,42,1980,1,N/A,0.751455728703254
67,68,Title 68,Movie,2009,2016-05-25,TV-PG,118.0,0.0,Thriller,South Korea,Hindi,7.9,3.7,1,2072702,71.8,1004275,16,2000,1,1.5-2.5 hours,0.5981061549919262
68,69,Title 69,TV Show,2010,2017-03-24,PG-13,0.0,7.0,Crime,United Kingdom,English,6.9,4.4,1,3061882,84.1,1670477,15,2010,0,N/A,0.7956835630297983
69,70,Title 70,TV Show,2017,2015-01-30,TV-Y7,66.0,5.0,Adventure,Germany,English,6.7,4.9,0,1713932,65.8,411975,8,2010,1,1-1.5 hours,0.5202905069988942
70,71,Title 71,TV Show,1990,2018-12-12,TV-14,151.0,5.0,Mystery,United States,Hindi,5.7,5.0,0,3525881,89.7,1823480,35,1990,0,> 2.5 hours,0.8876836044299121
71,72,Title 72,TV Show,2014,2018-02-24,TV-Y7,0.0,4.0,Mystery,Canada,Korean,9.0,4.3,1,149389,58.9,113860,11,2010,1,N/A,0.258008411623132
72,73,Title 73,Movie,1987,2022-12-20,PG,167.0,4.0,Thriller,Canada,French,4.5,3.4,1,2514962,75.2,426704,38,1980,1,> 2.5 hours,0.678045337424678
73,74,Title 74,TV Show,1982,2022-08-06,TV-14,0.0,5.0,Crime,India,Spanish,8.8,3.2,1,1496454,88.8,1249863,43,1980,0,N/A,0.5796687172889725
74,75,Title 75,Movie,1993,2015-10-10,TV-PG,168.0,0.0,Adventure,United States,English,6.1,4.9,0,1986746,51.7,1068125,32,1990,1,> 2.5 hours,0.5048127195349787
75,76,Title 76,TV Show,1992,2019-06-22,TV-14,0.0,7.0,Action,South Korea,Japanese,8.8,3.9,0,221568,22.0,1809596,33,1990,0,N/A,0.12123529139705136
76,77,Title 77,TV Show,2024,2019-02-17,G,124.0,5.0,Romance,Japan,Hindi,8.0,3.4,1,2543033,28.5,1743454,1,2020,1,1.5-2.5 hours,0.4954559990039972
77,78,Title 78,TV Show,2011,2022-11-09,PG-13,0.0,5.0,Romance,Japan,Korean,4.6,4.9,1,126720,92.9,254369,14,2010,0,N/A,0.3906080522721438
78,79,Title 79,Movie,2013,2021-01-03,TV-Y,118.0,7.0,Romance,United States,German,8.6,3.2,0,3155869,85.5,1780543,12,2010,1,1.5-2.5 hours,0.8153816517995425
79,80,Title 80,TV Show,2024,2016-04-27,PG-13,0.0,7.0,Drama,France,Hindi,7.8,4.5,0,1013446,56.3,329269,1,2020,0,N/A,0.3772173180476246
80,81,Title 81,Movie,1998,2020-02-24,PG-13,118.0,0.0,Mystery,Spain,Japanese,4.2,4.3,1,2666224,92.1,1524773,27,1990,0,1.5-2.5 hours,0.7683346998204245
81,82,Title 82,TV Show,2017,2018-11-16,PG,81.0,7.0,Sci-Fi,France,Korean,4.7,3.2,0,2024555,33.9,1948383,8,2010,1,1-1.5 hours,0.43928408513123407
82,83,Title 83,Movie,1995,2016-12-12,TV-PG,118.0,4.0,Sci-Fi,France,German,7.5,3.7,1,3946376,28.3,721882,30,1990,1,1.5-2.5 hours,0.7051580278845766
83,84,Title 84,TV Show,1981,2017-12-20,TV-Y7,178.0,5.0,Drama,Canada,Korean,7.6,3.3,1,2407928,65.1,176086,44,1980,1,> 2.5 hours,0.6215901932730314
84,85,Title 85,Movie,2019,2016-02-11,TV-PG,118.0,0.0,Thriller,Canada,English,8.1,4.2,0,2970823,48.7,1429592,6,2010,1,1.5-2.5 hours,0.6404246754678575
85,86,Title 86,Movie,1996,2019-01-03,TV-Y,118.0,5.0,Horror,Australia,Hindi,8.0,4.0,0,3611847,45.5,781968,29,1990,1,1.5-2.5 hours,0.7237785398909847
86,87,Title 87,TV Show,2013,2017-10-19,PG,147.0,1.0,Horror,United Kingdom,Japanese,7.6,3.0,0,3125790,75.1,1826489,12,2010,1,> 2.5 hours,0.7692697893919208
87,88,Title 88,Movie,2021,2023-07-11,PG-13,118.0,2.0,Romance,South Korea,German,8.2,5.0,1,2387539,31.3,360076,4,2020,0,1.5-2.5 hours,0.48333183486254594
88,89,Title 89,TV Show,1995,2016-01-23,G,148.0,6.0,Horror,South Korea,Korean,7.2,3.7,1,1771107,78.4,1099659,30,1990,1,> 2.5 hours,0.5792667805836467
89,90,Title 90,TV Show,2017,2015-09-25,PG,0.0,5.0,Thriller,Australia,German,5.4,3.5,1,3994820,47.0,720855,8,2010,1,N/A,0.7872246478677816
90,91,Title 91,TV Show,1981,2016-05-12,R,0.0,6.0,Action,Canada,Spanish,9.0,3.4,1,1156776,94.0,1648474,44,1980,0,N/A,0.5495168771714122
91,92,Title 92,TV Show,1981,2016-02-19,TV-14,136.0,5.0,Drama,India,Japanese,4.1,3.3,1,2583026,80.7,405204,44,1980,0,1.5-2.5 hours,0.7102549655011552
92,93,Title 93,TV Show,2005,2015-05-15,TV-PG,0.0,5.0,Action,India,Hindi,6.0,5.0,1,179267,68.5,903084,20,2000,1,N/A,0.30089012394784087
93,94,Title 94,TV Show,1992,2017-06-03,PG,62.0,5.0,Mystery,United Kingdom,English,8.0,3.6,1,73289,37.2,1252245,33,1990,1,1-1.5 hours,0.15979338023179565
94,95,Title 95,TV Show,2010,2020-01-23,R,0.0,2.0,Horror,United States,German,6.3,3.8,0,1237636,91.7,377735,15,2010,0,N/A,0.5524459105262539
95,96,Title 96,TV Show,2013,2015-12-01,TV-Y7,163.0,1.0,Adventure,Canada,French,4.1,4.7,1,1400694,22.5,1127195,12,2010,1,> 2.5 hours,0.3001046777878639
96,97,Title 97,TV Show,2018,2017-02-22,TV-Y,159.0,5.0,Romance,Japan,Korean,4.4,4.3,1,3096708,36.8,1930746,7,2010,1,> 2.5 hours,0.6117074773955629
97,98,Title 98,TV Show,1982,2020-03-04,TV-Y,75.0,5.0,Drama,Japan,French,7.6,3.7,1,3157448,22.8,1369654,43,1980,1,1-1.5 hours,0.5648185024508817
98,99,Title 99,TV Show,1987,2015-07-16,PG-13,91.0,1.0,Romance,Canada,German,9.3,4.8,1,3820453,92.5,1840854,38,1980,0,1-1.5 hours,0.9430695259411963
99,100,Title 100,Movie,2002,2017-05-05,PG-13,115.0,0.0,Horror,Germany,Japanese,7.0,4.5,0,1143730,85.4,1013115,23,2000,0,1.5-2.5 hours,0.5131599717899225
100,101,Title 101,Movie,1993,2023-07-22,PG,118.0,0.0,Comedy,United States,French,6.8,3.5,0,3984581,91.4,579227,32,1990,1,1.5-2.5 hours,0.9632887936441825
101,102,Title 102,TV Show,2006,2020-03-17,PG,0.0,5.0,Horror,Japan,Korean,5.8,4.3,1,3255877,73.6,941360,19,2000,1,N/A,0.7827828930529559
102,103,Title 103,TV Show,2008,2016-08-03,TV-14,175.0,1.0,Drama,Spain,German,5.4,4.8,0,3438910,22.1,1047431,17,2000,0,> 2.5 hours,0.604237918554276
103,104,Title 104,TV Show,2018,2023-05-03,TV-MA,0.0,2.0,Sci-Fi,France,English,4.1,4.0,1,2478763,89.9,1238543,7,2010,0,N/A,0.7314154724925493
104,105,Title 105,TV Show,2018,2022-04-17,TV-Y7,167.0,2.0,Drama,Canada,English,5.5,4.5,1,3398361,51.6,1509218,7,2010,1,> 2.5 hours,0.7161555518277676
105,106,Title 106,TV Show,1980,2022-06-22,PG-13,0.0,8.0,Crime,Germany,Hindi,6.5,4.9,1,3446815,47.6,1760243,45,1980,0,N/A,0.7074236718150975
106,107,Title 107,TV Show,1996,2018-07-10,TV-MA,175.0,5.0,Adventure,Spain,English,5.1,4.4,1,746944,41.3,1880841,29,1990,0,> 2.5 hours,0.27724190811524735
107,108,Title 108,TV Show,2020,2018-03-11,TV-MA,0.0,6.0,Horror,France,German,4.5,3.2,1,2697616,41.5,17954,5,2020,0,N/A,0.5706435127696601
108,109,Title 109,TV Show,2009,2022-06-18,TV-14,0.0,5.0,Crime,France,Japanese,7.9,3.5,1,2007888,80.0,176073,16,2000,0,N/A,0.6211840282560778
109,110,Title 110,Movie,1992,2022-03-19,G,118.0,0.0,Sci-Fi,United Kingdom,German,8.9,4.2,1,1670404,39.2,482916,33,1990,1,1.5-2.5 hours,0.40736128904354485
110,111,Title 111,TV Show,2000,2017-03-22,G,0.0,5.0,Thriller,United States,English,9.2,3.6,0,2110973,36.7,582626,25,2000,1,N/A,0.4634468207787572
111,112,Title 112,Movie,1998,2018-05-24,PG-13,90.0,0.0,Thriller,Canada,Spanish,7.4,4.9,1,2061385,72.4,1494536,27,1990,0,1-1.5 hours,0.5988086003236509
112,113,Title 113,TV Show,1998,2015-05-23,R,124.0,5.0,Adventure,Germany,German,4.3,3.8,0,1004777,41.6,1304207,27,1990,0,1.5-2.5 hours,0.31711696447165233
113,114,Title 114,TV Show,2004,2015-07-08,TV-14,60.0,2.0,Mystery,Australia,Hindi,8.1,3.9,1,1842737,21.0,519994,21,2000,0,1-1.5 hours,0.3604113101311029
114,115,Title 115,Movie,2001,2018-11-25,TV-14,118.0,0.0,Adventure,United Kingdom,Spanish,4.6,4.4,0,3764843,89.9,736524,24,2000,0,1.5-2.5 hours,0.9243280030020082
115,116,Title 116,TV Show,2010,2015-08-08,TV-PG,0.0,4.0,Adventure,India,English,7.7,4.0,0,1570723,43.5,1881944,15,2010,1,N/A,0.4096090979250193
116,117,Title 117,Movie,1996,2023-02-22,TV-MA,101.0,0.0,Adventure,Spain,Japanese,8.3,3.8,1,931129,77.3,1668796,29,1990,0,1.5-2.5 hours,0.4488697340917688
117,118,Title 118,TV Show,2002,2022-10-19,TV-PG,97.0,5.0,Adventure,Australia,Korean,8.0,3.2,1,3587134,55.2,1568357,23,2000,1,1-1.5 hours,0.7588715796968442
118,119,Title 119,TV Show,2011,2023-11-12,TV-MA,69.0,5.0,Adventure,Spain,German,9.2,4.2,0,1142506,30.1,1114914,14,2010,0,1-1.5 hours,0.29177637128502104
119,120,Title 120,Movie,1989,2023-05-11,G,118.0,0.0,Action,Canada,Korean,8.1,4.7,0,3173739,69.6,540596,36,1980,1,1.5-2.5 hours,0.7544621591709377
120,121,Title 121,TV Show,1989,2015-10-20,PG-13,0.0,5.0,Sci-Fi,Germany,French,7.8,4.4,1,2792651,37.4,700442,36,1980,0,N/A,0.5684988019717054
121,122,Title 122,Movie,2015,2015-01-19,TV-Y7,90.0,4.0,Drama,Germany,Hindi,5.4,3.8,1,1951342,41.6,216263,10,2010,1,1-1.5 hours,0.4591021049307886
122,123,Title 123,TV Show,1987,2018-02-22,G,133.0,5.0,Horror,France,Spanish,9.1,3.3,0,1091326,22.4,1211279,38,1980,1,1.5-2.5 hours,0.253299350173213
123,124,Title 124,Movie,1999,2016-06-29,TV-14,86.0,0.0,Crime,Australia,Korean,5.0,4.6,1,970966,21.2,1504936,26,1990,0,1-1.5 hours,0.23044530052457646
124,125,Title 125,Movie,2011,2017-04-30,TV-Y7,118.0,0.0,Adventure,Germany,Hindi,9.0,4.9,0,3301527,58.5,1454706,14,2010,1,1.5-2.5 hours,0.7292304118836326
125,126,Title 126,TV Show,1993,2015-04-16,PG,0.0,5.0,Mystery,Japan,Korean,5.7,3.8,0,1997103,24.3,644308,32,1990,1,N/A,0.39676627380725293
126,127,Title 127,TV Show,2007,2015-05-10,TV-Y7,0.0,2.0,Romance,Spain,Korean,4.7,4.5,1,1194778,35.7,513084,18,2000,1,N/A,0.32201719284728036
127,128,Title 128,Movie,2003,2023-03-03,TV-Y7,118.0,1.0,Horror,France,Hindi,8.5,3.8,0,3246207,89.3,576589,22,2000,1,1.5-2.5 hours,0.84413238906407
128,129,Title 129,TV Show,1994,2022-07-10,G,120.0,5.0,Romance,Canada,German,4.0,4.0,0,3989609,26.2,1144430,31,1990,1,1.5-2.5 hours,0.7032429957182382
129,130,Title 130,TV Show,2001,2018-03-31,TV-14,115.0,5.0,Crime,Germany,Korean,8.6,4.7,1,1549830,41.8,1126813,24,2000,0,1.5-2.5 hours,0.3996751393066331
130,131,Title 131,TV Show,2009,2023-06-30,TV-Y7,117.0,7.0,Crime,South Korea,Hindi,5.4,3.2,1,1028264,74.5,997084,16,2000,1,1.5-2.5 hours,0.4522400241600664
131,132,Title 132,Movie,1983,2021-04-22,G,118.0,0.0,Horror,Canada,Korean,8.9,4.1,0,1405910,86.3,976689,42,1980,1,1.5-2.5 hours,0.5560870799394698
132,133,Title 133,Movie,1992,2019-04-17,G,176.0,0.0,Mystery,Australia,Japanese,7.8,3.4,1,211235,23.5,372593,33,1990,1,> 2.5 hours,0.1256853371346771
133,134,Title 134,Movie,2002,2023-09-15,TV-Y7,118.0,0.0,Action,Japan,German,7.7,3.7,1,1326264,33.9,465889,23,2000,1,1.5-2.5 hours,0.33454014708540447
134,135,Title 135,Movie,1987,2021-02-06,TV-MA,98.0,0.0,Thriller,United States,Japanese,6.0,4.3,0,3964296,49.1,327755,38,1980,0,1-1.5 hours,0.791046035276597
135,136,Title 136,Movie,1997,2022-12-13,TV-14,118.0,7.0,Crime,India,Japanese,4.3,3.1,1,2850754,47.1,1131599,28,1990,0,1.5-2.5 hours,0.6160142759392588
136,137,Title 137,Movie,1991,2023-09-18,TV-Y,118.0,5.0,Mystery,South Korea,Hindi,8.6,4.2,1,3228681,41.6,743893,34,1990,1,1.5-2.5 hours,0.650703481834575
137,138,Title 138,Movie,2010,2016-12-31,TV-Y7,131.0,6.0,Crime,France,Japanese,4.9,3.6,1,1844525,38.2,1303746,15,2010,1,1.5-2.5 hours,0.4294795108686549
138,139,Title 139,Movie,1993,2017-09-18,TV-PG,93.0,8.0,Comedy,Spain,Korean,6.0,4.3,1,89799,40.1,1707023,32,1990,1,1-1.5 hours,0.1738698870421894
139,140,Title 140,Movie,2013,2020-08-14,TV-PG,118.0,0.0,Thriller,Australia,English,7.3,3.3,1,324432,30.0,1899833,12,2010,1,1.5-2.5 hours,0.168664933828568
140,141,Title 141,TV Show,1997,2015-02-09,PG,0.0,3.0,Crime,Australia,German,6.7,4.5,0,1519265,32.2,1894564,28,1990,1,N/A,0.35669037669853587
141,142,Title 142,Movie,2013,2023-03-23,TV-14,118.0,6.0,Mystery,United States,Korean,5.1,4.3,1,3616535,65.5,1227127,12,2010,0,1.5-2.5 hours,0.80448174182479
142,143,Title 143,TV Show,1990,2023-08-23,G,179.0,5.0,Crime,South Korea,Spanish,4.8,4.9,0,2645356,41.9,44692,35,1990,1,> 2.5 hours,0.5644044912123508
143,144,Title 144,TV Show,2020,2015-11-03,PG-13,0.0,5.0,Romance,Spain,Hindi,4.7,4.8,1,1782327,50.0,659025,5,2020,0,N/A,0.46734978521190934
144,145,Title 145,TV Show,1991,2018-05-25,R,0.0,8.0,Horror,India,Korean,8.7,3.6,1,59877,50.9,99541,34,1990,0,N/A,0.21258157469933042
145,146,Title 146,Movie,1994,2015-02-19,TV-14,179.0,0.0,Horror,United Kingdom,German,4.2,3.1,1,2107183,28.2,912001,31,1990,0,> 2.5 hours,0.42887831921537783
146,147,Title 147,Movie,2010,2019-07-08,TV-14,118.0,6.0,Crime,United Kingdom,Japanese,9.4,4.3,1,2744567,81.5,1383372,15,2010,0,1.5-2.5 hours,0.7376861821370009
147,148,Title 148,Movie,2008,2019-03-22,TV-Y7,118.0,0.0,Mystery,Australia,German,5.1,4.2,1,675341,91.7,1130135,17,2000,1,1.5-2.5 hours,0.4681014285789286
148,149,Title 149,Movie,2005,2021-11-24,TV-Y7,65.0,0.0,Romance,South Korea,Spanish,4.6,3.1,0,2012253,39.8,1577553,20,2000,1,1-1.5 hours,0.4610387800566451
149,150,Title 150,TV Show,1997,2015-08-03,G,130.0,5.0,Action,United States,Japanese,7.2,3.2,1,279111,42.1,242278,28,1990,1,1.5-2.5 hours,0.21026676513360415
150,151,Title 151,Movie,2011,2019-06-13,PG,147.0,6.0,Action,Australia,Spanish,4.4,4.2,1,2379473,72.0,1559885,14,2010,1,> 2.5 hours,0.6449219315353117
151,152,Title 152,Movie,2001,2018-05-11,TV-Y7,118.0,0.0,Romance,United Kingdom,French,7.3,4.8,1,1973490,26.0,1183395,24,2000,1,1.5-2.5 hours,0.4000243140668637
152,153,Title 153,Movie,2017,2015-02-04,R,143.0,2.0,Drama,Australia,French,8.7,4.8,1,1675414,88.0,1402003,8,2010,0,> 2.5 hours,0.6033127911101756
153,154,Title 154,Movie,1996,2021-06-03,R,118.0,6.0,Mystery,United Kingdom,Korean,4.3,3.3,0,271378,29.0,1958814,29,1990,0,1.5-2.5 hours,0.15670681194373284
154,155,Title 155,Movie,2002,2021-07-27,PG,115.0,0.0,Action,South Korea,English,8.4,3.8,0,1991372,74.9,1666029,23,2000,1,1.5-2.5 hours,0.598306621443209
155,156,Title 156,TV Show,2003,2019-01-03,TV-MA,0.0,5.0,Drama,South Korea,Japanese,6.2,3.1,0,1764430,41.9,84167,22,2000,0,N/A,0.4322652278293765
156,157,Title 157,Movie,1987,2021-12-28,TV-MA,155.0,0.0,Mystery,United States,German,4.9,3.9,1,574366,44.2,1236007,38,1980,0,> 2.5 hours,0.26295513692662653
157,158,Title 158,TV Show,2020,2023-10-22,TV-14,0.0,2.0,Romance,France,English,5.0,4.5,0,1700538,30.6,447000,5,2020,0,N/A,0.37748140147385406
158,159,Title 159,Movie,1985,2023-04-27,TV-Y7,168.0,0.0,Adventure,France,Japanese,9.1,4.6,1,3278769,68.5,270069,40,1980,1,> 2.5 hours,0.7658167024959319
159,160,Title 160,TV Show,1984,2020-11-09,TV-PG,129.0,3.0,Drama,Australia,Japanese,4.6,4.0,1,583265,79.6,1772558,41,1980,1,1.5-2.5 hours,0.40588999059747416
160,161,Title 161,Movie,2023,2022-05-24,TV-Y,118.0,0.0,Drama,Australia,Japanese,8.8,3.2,0,2002557,91.3,763960,2,2020,1,1.5-2.5 hours,0.6655843760570341
161,162,Title 162,Movie,2008,2016-08-23,PG,118.0,4.0,Crime,Australia,Japanese,7.0,3.8,1,2966177,44.9,1143444,17,2000,1,1.5-2.5 hours,0.6245277735513773
162,163,Title 163,TV Show,2007,2021-07-04,TV-14,71.0,5.0,Sci-Fi,United States,English,4.2,4.9,1,1058062,66.6,83663,18,2000,0,1-1.5 hours,0.4251097364517752
163,164,Title 164,TV Show,1990,2020-05-07,TV-PG,109.0,7.0,Sci-Fi,Canada,Korean,6.6,3.5,0,2085834,51.1,815421,35,1990,1,1.5-2.5 hours,0.5172759604088911
164,165,Title 165,TV Show,1980,2017-08-26,TV-Y7,83.0,5.0,Mystery,Australia,Hindi,8.5,3.6,1,252337,61.8,1409117,45,1980,1,1-1.5 hours,0.28505065408929875
165,166,Title 166,Movie,2022,2017-03-31,TV-PG,72.0,0.0,Crime,France,Hindi,8.0,4.5,1,1232371,32.2,230913,3,2020,1,1-1.5 hours,0.31365615835443544
166,167,Title 167,TV Show,1998,2021-08-16,TV-PG,0.0,5.0,Horror,France,Hindi,6.7,4.5,0,2943357,63.6,93014,27,1990,1,N/A,0.6959047641381013
167,168,Title 168,Movie,1988,2016-09-22,PG,178.0,0.0,Thriller,Spain,Spanish,8.7,4.8,1,2852022,83.7,383701,37,1980,1,> 2.5 hours,0.7626044764623103
168,169,Title 169,Movie,2006,2020-11-06,TV-14,118.0,0.0,Adventure,South Korea,Japanese,4.7,3.8,1,1296949,84.8,1482570,19,2000,0,1.5-2.5 hours,0.5337428849929338
169,170,Title 170,TV Show,2013,2020-12-10,G,0.0,5.0,Thriller,Canada,Japanese,9.0,4.0,0,3622516,56.3,1022427,12,2010,1,N/A,0.7685788942919592
170,171,Title 171,TV Show,2023,2017-11-30,R,0.0,2.0,Drama,United Kingdom,German,8.7,3.9,1,3406403,37.7,1456893,2,2020,0,N/A,0.6617618551451017
171,172,Title 172,Movie,1983,2019-07-27,TV-14,66.0,0.0,Comedy,France,Spanish,7.9,4.9,0,2873697,82.8,404290,42,1980,0,1-1.5 hours,0.7622557354032723
172,173,Title 173,Movie,2015,2015-12-07,TV-Y,107.0,3.0,Action,India,German,8.5,4.5,1,3627703,95.0,550687,10,2010,1,1.5-2.5 hours,0.9241569464316026
173,174,Title 174,TV Show,1997,2022-10-17,TV-PG,62.0,5.0,Action,India,French,7.0,4.7,1,1113115,48.3,830727,28,1990,1,1-1.5 hours,0.3601677091612002
174,175,Title 175,TV Show,1994,2017-07-28,G,0.0,8.0,Crime,France,German,7.7,3.3,0,352737,89.3,1705794,31,1990,1,N/A,0.41011069550441265
175,176,Title 176,TV Show,1992,2021-04-12,PG,75.0,5.0,Sci-Fi,India,German,7.1,4.6,1,2847534,93.8,1680879,33,1990,1,1-1.5 hours,0.8023312746110052
176,177,Title 177,Movie,1998,2016-05-02,PG-13,118.0,6.0,Comedy,Germany,Korean,6.0,3.9,0,934878,49.7,340879,27,1990,0,1.5-2.5 hours,0.3390320856382355
177,178,Title 178,Movie,1985,2016-11-16,R,87.0,0.0,Crime,Canada,Hindi,7.1,3.0,0,699402,73.7,1397689,40,1980,0,1-1.5 hours,0.3997105885041184
178,179,Title 179,Movie,1991,2021-11-23,PG-13,159.0,0.0,Drama,South Korea,Japanese,5.4,3.1,1,3320777,63.6,859674,34,1990,0,> 2.5 hours,0.7525179198242795
179,180,Title 180,Movie,2016,2017-05-26,TV-Y7,152.0,6.0,Comedy,France,Spanish,6.4,4.4,0,1945773,74.2,757075,9,2010,1,> 2.5 hours,0.5886667526335697
180,181,Title 181,Movie,1996,2015-06-29,PG-13,118.0,0.0,Action,France,French,5.5,3.7,1,812979,31.6,1361288,29,1990,0,1.5-2.5 hours,0.24834718535475975
181,182,Title 182,Movie,2002,2018-12-10,TV-PG,131.0,5.0,Mystery,United Kingdom,Spanish,4.7,4.7,1,1262699,47.5,1430252,23,2000,1,1.5-2.5 hours,0.3794053708647699
182,183,Title 183,TV Show,2005,2018-02-04,TV-PG,0.0,1.0,Drama,Canada,Japanese,5.8,4.5,0,2137860,24.7,89027,20,2000,1,N/A,0.4194798818696751
183,184,Title 184,Movie,2008,2016-06-07,TV-PG,169.0,0.0,Crime,Australia,Korean,8.7,3.0,0,3816798,66.0,1158872,17,2000,1,> 2.5 hours,0.8365212744335047
184,185,Title 185,Movie,2012,2022-05-16,TV-PG,118.0,4.0,Horror,Australia,German,6.1,4.4,1,525519,89.5,389785,13,2010,1,1.5-2.5 hours,0.43682806677718367
185,186,Title 186,Movie,2006,2018-08-01,TV-14,118.0,0.0,Romance,Japan,French,8.1,3.4,0,2066810,62.0,1556567,19,2000,0,1.5-2.5 hours,0.5580223525614696
186,187,Title 187,TV Show,2004,2018-12-27,PG-13,144.0,4.0,Drama,Spain,Hindi,5.0,3.8,0,2503280,25.3,212430,21,2000,0,> 2.5 hours,0.4766930326058397
187,188,Title 188,Movie,1989,2017-12-11,TV-Y,131.0,0.0,Drama,Germany,Japanese,6.3,4.2,0,3149521,89.8,584371,36,1980,1,1.5-2.5 hours,0.8316294491809852
188,189,Title 189,Movie,2002,2021-05-19,PG-13,119.0,6.0,Horror,United States,English,4.6,4.7,1,3634186,30.0,519919,23,2000,0,1.5-2.5 hours,0.6651293991058476
189,190,Title 190,TV Show,2000,2021-03-05,TV-14,175.0,8.0,Adventure,United States,English,4.8,3.9,1,3669847,86.2,1212476,25,2000,0,> 2.5 hours,0.8952785638160504
190,191,Title 191,Movie,2000,2016-08-31,TV-Y,115.0,0.0,Mystery,Japan,Korean,7.4,4.6,0,1820095,73.6,771082,25,2000,1,1.5-2.5 hours,0.5674150007912522
191,192,Title 192,Movie,2022,2017-07-05,TV-Y,124.0,2.0,Horror,South Korea,Hindi,7.3,4.6,0,2704752,67.7,1333525,3,2020,1,1.5-2.5 hours,0.6765139157132682
192,193,Title 193,Movie,1992,2017-04-12,R,81.0,3.0,Thriller,United States,English,5.2,3.8,1,1368306,64.0,245781,33,1990,0,1-1.5 hours,0.46124646442777717
193,194,Title 194,Movie,2016,2017-01-30,TV-Y,118.0,8.0,Thriller,Australia,English,6.6,4.0,1,1967841,29.8,1929066,9,2010,1,1.5-2.5 hours,0.41437696173664473
194,195,Title 195,Movie,2012,2023-07-03,PG-13,104.0,0.0,Drama,India,Japanese,8.7,4.4,0,961449,57.6,407505,13,2010,0,1.5-2.5 hours,0.3746177465988032
195,196,Title 196,TV Show,2003,2017-05-25,TV-PG,0.0,5.0,Adventure,Spain,French,5.0,3.1,1,3542335,34.8,1897560,22,2000,1,N/A,0.6705517112172058
196,197,Title 197,TV Show,2023,2021-03-21,TV-PG,86.0,5.0,Action,Canada,French,4.1,4.8,1,3125732,62.9,887631,2,2020,1,1-1.5 hours,0.7204610893679957
197,198,Title 198,TV Show,1990,2015-11-21,TV-Y7,0.0,7.0,Adventure,Australia,Japanese,7.6,4.5,1,3651343,53.6,154677,35,1990,1,N/A,0.7621029561831295
198,199,Title 199,Movie,1996,2018-01-03,R,118.0,6.0,Thriller,United Kingdom,Spanish,4.3,3.5,0,3568363,71.0,906964,29,1990,0,1.5-2.5 hours,0.8192559219537854
199,200,Title 200,Movie,1983,2017-08-21,PG-13,156.0,2.0,Adventure,Canada,Japanese,9.4,5.0,1,1509923,93.7,411633,42,1980,0,> 2.5 hours,0.6012890728449504
200,201,Title 201,Movie,2004,2017-08-29,PG-13,118.0,8.0,Adventure,United States,Hindi,7.4,3.4,1,2395075,47.1,1263820,21,2000,0,1.5-2.5 hours,0.5476622379711544
201,202,Title 202,TV Show,2009,2018-05-28,PG,80.0,2.0,Mystery,United Kingdom,English,6.6,4.8,1,1113596,66.3,20573,16,2000,1,1-1.5 hours,0.43223985935961323
202,203,Title 203,Movie,1988,2020-03-16,TV-MA,131.0,0.0,Drama,Canada,French,6.4,3.6,1,517987,84.8,612057,37,1980,0,1.5-2.5 hours,0.4168982636702251
203,204,Title 204,Movie,2000,2016-06-17,PG-13,118.0,4.0,Mystery,France,Japanese,7.2,4.5,1,148170,27.0,1348430,25,2000,0,1.5-2.5 hours,0.1302255611202931
204,205,Title 205,TV Show,1999,2015-04-18,G,161.0,5.0,Action,Germany,French,4.5,3.9,1,2468819,80.0,929406,26,1990,1,> 2.5 hours,0.6903238683906381
205,206,Title 206,Movie,1998,2023-06-24,PG-13,118.0,4.0,Action,Australia,French,9.1,4.5,1,637765,38.0,776448,27,1990,0,1.5-2.5 hours,0.24766501307878597
206,207,Title 207,TV Show,1998,2022-08-10,PG,0.0,5.0,Thriller,United Kingdom,Spanish,7.4,3.3,1,2394289,60.5,644438,27,1990,1,N/A,0.6011443376469285
207,208,Title 208,TV Show,1991,2016-08-04,TV-Y,123.0,5.0,Crime,Japan,Hindi,5.0,3.5,1,2502716,94.4,668963,34,1990,1,1.5-2.5 hours,0.753008432373189
208,209,Title 209,TV Show,2016,2021-03-16,TV-14,0.0,6.0,Horror,Germany,German,7.1,3.2,1,776604,93.8,1281242,9,2010,0,N/A,0.4916909203500309
209,210,Title 210,Movie,2021,2015-01-13,TV-14,118.0,2.0,Sci-Fi,Canada,French,4.7,4.7,1,664622,43.7,883804,4,2020,0,1.5-2.5 hours,0.27449357415732895
210,211,Title 211,Movie,1996,2023-07-12,G,99.0,2.0,Drama,South Korea,Hindi,4.1,3.6,0,3921155,29.9,1827590,29,1990,1,1-1.5 hours,0.7077748674808856
211,212,Title 212,Movie,2016,2017-06-30,G,155.0,0.0,Crime,Japan,Korean,7.5,4.4,1,244173,90.4,1394692,9,2010,1,> 2.5 hours,0.3982260507216395
212,213,Title 213,Movie,2018,2017-01-21,TV-Y7,81.0,2.0,Drama,Australia,Spanish,7.6,4.6,1,2047862,87.0,642895,7,2010,1,1-1.5 hours,0.6551801447453981
213,214,Title 214,Movie,2007,2016-06-01,TV-14,118.0,0.0,Horror,France,German,7.2,4.8,1,685206,66.2,1521376,18,2000,0,1.5-2.5 hours,0.36758118264825235
214,215,Title 215,Movie,2020,2019-08-02,TV-Y,118.0,8.0,Horror,United Kingdom,French,5.0,3.2,1,3487776,22.4,1796660,5,2020,1,1.5-2.5 hours,0.6127678387115565
215,216,Title 216,Movie,2014,2020-07-16,TV-14,118.0,1.0,Comedy,India,Japanese,7.3,4.8,1,3804089,76.3,1279611,11,2010,0,1.5-2.5 hours,0.8758149191910277
216,217,Title 217,TV Show,1997,2023-10-22,TV-MA,179.0,5.0,Mystery,United Kingdom,French,4.3,3.4,1,2903515,32.1,1837747,28,1990,0,> 2.5 hours,0.5639284477032311
217,218,Title 218,Movie,1993,2017-01-28,TV-14,151.0,0.0,Thriller,Germany,Spanish,7.4,4.5,1,266312,90.7,1977840,32,1990,0,> 2.5 hours,0.40274690985400213
218,219,Title 219,TV Show,2014,2015-09-26,TV-PG,0.0,3.0,Comedy,United Kingdom,Spanish,7.0,4.5,1,2132810,52.6,1940505,11,2010,1,N/A,0.5303223797865444
219,220,Title 220,Movie,2023,2022-01-03,TV-Y7,118.0,0.0,Action,Germany,English,7.6,3.0,1,3941829,66.1,1949617,2,2020,1,1.5-2.5 hours,0.855675976008934
220,221,Title 221,Movie,2020,2023-11-19,PG,118.0,0.0,Sci-Fi,Japan,French,8.9,3.4,1,3687085,41.1,824124,5,2020,1,1.5-2.5 hours,0.717464270926745
221,222,Title 222,Movie,1986,2016-12-26,G,118.0,1.0,Thriller,United Kingdom,Hindi,8.7,4.0,0,3100159,55.6,1443406,39,1980,1,1.5-2.5 hours,0.6874251288191042
222,223,Title 223,TV Show,2020,2018-06-24,TV-MA,131.0,5.0,Action,Japan,Spanish,9.4,3.8,0,3971249,76.6,1203740,5,2020,0,1.5-2.5 hours,0.9020889881447174
223,224,Title 224,TV Show,1992,2023-08-20,G,0.0,5.0,Adventure,France,Spanish,9.4,4.8,1,3665189,56.9,1165096,33,1990,1,N/A,0.7773798618946202
224,225,Title 225,TV Show,1997,2022-11-01,TV-Y7,0.0,5.0,Mystery,France,Korean,8.2,3.7,1,1181220,83.5,1957518,28,1990,1,N/A,0.51118348725459
225,226,Title 226,TV Show,2016,2018-04-28,PG-13,149.0,5.0,Mystery,Germany,Korean,9.3,4.9,0,3683416,73.5,1669179,9,2010,0,> 2.5 hours,0.8465139194132782
226,227,Title 227,Movie,1992,2015-03-09,TV-MA,118.0,2.0,Mystery,Canada,Korean,8.8,3.9,0,1745371,25.8,1915888,33,1990,0,1.5-2.5 hours,0.3650063699675174
227,228,Title 228,TV Show,2015,2015-04-21,R,0.0,5.0,Comedy,France,Spanish,8.0,4.9,0,496416,65.5,1722201,10,2010,0,N/A,0.3364626047721631
228,229,Title 229,Movie,2010,2015-06-12,TV-MA,118.0,2.0,Romance,Spain,German,4.4,4.5,1,1947935,65.9,580483,15,2010,0,1.5-2.5 hours,0.5557910535253971
229,230,Title 230,Movie,1981,2016-05-18,TV-Y7,118.0,2.0,Crime,United Kingdom,Hindi,4.3,4.7,1,3710612,48.6,268199,44,1980,1,1.5-2.5 hours,0.7509933306316593
230,231,Title 231,TV Show,1995,2017-05-17,PG,117.0,5.0,Horror,Spain,Spanish,8.6,3.2,1,102050,44.2,811348,30,1990,1,1.5-2.5 hours,0.19210754209574077
231,232,Title 232,TV Show,1988,2020-04-24,TV-MA,0.0,5.0,Sci-Fi,United Kingdom,Japanese,6.7,4.2,0,1132808,24.7,443865,37,1980,0,N/A,0.268721667284585
232,233,Title 233,TV Show,1988,2019-04-03,TV-Y7,86.0,5.0,Horror,United States,Japanese,8.5,3.3,0,1583211,53.5,1726198,37,1980,1,1-1.5 hours,0.45148230307633347
233,234,Title 234,TV Show,2017,2016-12-04,TV-Y,145.0,6.0,Romance,Japan,English,5.7,3.6,1,1441376,45.2,1508926,8,2010,1,> 2.5 hours,0.39700699456923505
234,235,Title 235,TV Show,1990,2017-04-02,TV-14,0.0,5.0,Adventure,Germany,Japanese,6.2,4.2,0,900453,91.3,185194,35,1990,0,N/A,0.5002683214378839
235,236,Title 236,TV Show,2001,2021-08-21,TV-Y,145.0,2.0,Adventure,Australia,French,7.9,4.5,1,3500786,70.6,1596737,24,2000,1,> 2.5 hours,0.8075193440781961
236,237,Title 237,TV Show,2012,2017-09-12,TV-Y7,106.0,4.0,Adventure,Australia,German,9.0,3.1,0,376000,54.5,237187,13,2010,1,1.5-2.5 hours,0.27440015510042653
237,238,Title 238,TV Show,2015,2023-09-26,TV-PG,93.0,5.0,Thriller,South Korea,German,4.5,4.1,0,3307018,76.6,319155,10,2010,1,1-1.5 hours,0.8024540641486764
238,239,Title 239,Movie,2024,2017-11-04,PG-13,118.0,0.0,Action,Canada,Hindi,8.7,4.1,1,2718238,78.4,525360,1,2020,0,1.5-2.5 hours,0.7213368212762585
239,240,Title 240,TV Show,2002,2022-08-20,TV-14,0.0,5.0,Action,Germany,German,8.4,3.2,0,2327010,56.0,1324907,23,2000,0,N/A,0.5730524598942647
240,241,Title 241,TV Show,2024,2020-06-24,TV-PG,0.0,5.0,Adventure,France,Hindi,5.7,4.0,0,1136958,25.7,1528439,1,2020,1,N/A,0.27334416899646474
241,242,Title 242,Movie,2024,2016-09-04,PG,118.0,2.0,Sci-Fi,India,Japanese,6.0,4.4,1,73473,78.5,348666,1,2020,1,1.5-2.5 hours,0.3250209803076959
242,243,Title 243,TV Show,2013,2019-06-02,G,0.0,2.0,Comedy,Canada,German,4.3,3.1,0,3359721,26.8,634002,12,2010,1,N/A,0.6111595358887236
243,244,Title 244,Movie,1988,2015-09-04,R,68.0,0.0,Sci-Fi,Canada,French,4.1,4.5,1,3579323,83.6,1184942,37,1980,0,1-1.5 hours,0.8712999264747978
244,245,Title 245,Movie,2003,2017-04-11,TV-14,118.0,0.0,Sci-Fi,India,Hindi,6.6,4.2,0,2907275,45.1,434763,22,2000,0,1.5-2.5 hours,0.6164924492542354
245,246,Title 246,TV Show,1987,2017-03-15,TV-Y,0.0,5.0,Action,Japan,Korean,4.5,4.7,1,1521787,67.9,570668,38,1980,1,N/A,0.4998686777388638
246,247,Title 247,Movie,1986,2023-03-02,PG-13,118.0,6.0,Mystery,Canada,Korean,5.1,3.4,1,553223,75.5,1606587,39,1980,0,1.5-2.5 hours,0.3849836782051151
247,248,Title 248,Movie,2015,2015-08-11,TV-PG,118.0,4.0,Sci-Fi,United States,German,8.7,4.7,1,2560818,22.6,1259964,10,2010,1,1.5-2.5 hours,0.47452375634032995
248,249,Title 249,Movie,1997,2020-08-11,TV-Y7,118.0,5.0,Sci-Fi,Canada,German,7.1,3.2,1,1590906,48.8,1161347,28,1990,1,1.5-2.5 hours,0.43383655625052964
249,250,Title 250,Movie,1982,2021-10-31,TV-14,118.0,2.0,Horror,South Korea,Japanese,7.5,3.8,1,492518,65.3,1187073,43,1980,0,1.5-2.5 hours,0.33507790316423375
250,251,Title 251,TV Show,2007,2018-10-02,G,0.0,5.0,Mystery,Spain,Hindi,5.0,3.4,0,2614041,83.6,1424379,18,2000,1,N/A,0.7265072282948779
251,252,Title 252,Movie,1985,2017-10-10,TV-Y7,118.0,0.0,Action,Australia,Japanese,8.6,4.8,0,1638629,73.8,1805113,40,1980,1,1.5-2.5 hours,0.5409950259363213
252,253,Title 253,TV Show,2023,2016-07-29,TV-PG,0.0,5.0,Comedy,Japan,Hindi,8.8,4.4,0,1304454,87.2,23460,2,2020,1,N/A,0.5444686380887548
253,254,Title 254,Movie,2023,2016-06-21,PG-13,118.0,3.0,Crime,Germany,French,6.9,3.1,1,1164890,26.2,107055,2,2020,0,1.5-2.5 hours,0.27953398051844647
254,255,Title 255,Movie,2000,2022-04-18,TV-MA,118.0,8.0,Action,France,Spanish,9.0,3.0,1,3635334,25.4,1865387,25,2000,0,1.5-2.5 hours,0.6469015995793989
255,256,Title 256,Movie,2007,2016-12-05,G,110.0,0.0,Action,United States,Korean,8.6,3.6,0,725993,73.5,1103294,18,2000,1,1.5-2.5 hours,0.40289924947293604
256,257,Title 257,Movie,2019,2015-04-01,TV-Y7,118.0,0.0,Sci-Fi,Japan,Spanish,8.0,3.3,1,352579,49.9,674162,6,2010,1,1.5-2.5 hours,0.25248699543923747
257,258,Title 258,TV Show,1980,2018-06-24,G,160.0,5.0,Horror,Spain,Spanish,8.0,4.3,0,3275571,56.1,935149,45,1980,1,> 2.5 hours,0.7157370011767532
258,259,Title 259,TV Show,2015,2019-06-07,PG,0.0,5.0,Romance,South Korea,English,4.6,4.3,1,1725764,65.3,964487,10,2010,1,N/A,0.5200653118796077
259,260,Title 260,Movie,2000,2017-07-11,TV-Y7,103.0,0.0,Adventure,Spain,Hindi,5.5,4.9,1,2678797,93.9,405054,25,2000,1,1.5-2.5 hours,0.7774206550068012
260,261,Title 261,Movie,2022,2016-10-17,TV-14,118.0,7.0,Drama,Germany,English,4.4,4.9,1,1690953,25.0,1752352,3,2020,0,1.5-2.5 hours,0.35364364752003064
261,262,Title 262,TV Show,2014,2015-04-17,TV-MA,0.0,1.0,Horror,India,English,4.0,4.3,1,78820,28.2,1917228,11,2010,0,N/A,0.12462303251333941
262,263,Title 263,Movie,1992,2016-03-13,TV-MA,63.0,0.0,Romance,France,Spanish,4.9,3.0,0,2954071,82.2,429887,33,1990,0,1-1.5 hours,0.7719118685576385
263,264,Title 264,Movie,1989,2017-05-18,R,118.0,0.0,Sci-Fi,India,English,8.8,3.7,1,2226659,21.5,859281,36,1980,0,1.5-2.5 hours,0.4199997684993634
264,265,Title 265,Movie,2023,2016-02-26,G,78.0,3.0,Sci-Fi,United Kingdom,French,5.3,4.0,0,1382908,53.8,213552,2,2020,1,1-1.5 hours,0.4226367704511187
265,266,Title 266,TV Show,1989,2018-11-19,TV-Y,128.0,5.0,Comedy,South Korea,Hindi,9.3,4.0,1,390560,78.1,1115023,36,1980,1,1.5-2.5 hours,0.37098416110644306
266,267,Title 267,TV Show,1992,2019-07-05,TV-MA,0.0,5.0,Romance,France,Spanish,7.3,4.2,0,3751326,34.6,718085,33,1990,0,N/A,0.7011004474262303
267,268,Title 268,TV Show,2016,2015-06-25,TV-MA,72.0,5.0,Thriller,Germany,Hindi,5.3,4.9,0,3593508,34.0,1885390,9,2010,0,1-1.5 hours,0.6750276823261263
268,269,Title 269,Movie,2017,2019-07-24,PG,167.0,0.0,Adventure,Japan,French,6.7,4.8,1,3955856,43.3,359763,8,2010,1,> 2.5 hours,0.7665800317950874
269,270,Title 270,Movie,2003,2020-02-04,PG,149.0,2.0,Drama,Australia,German,5.2,3.2,0,1979666,31.3,1885961,22,2000,1,> 2.5 hours,0.4221507166144707
270,271,Title 271,TV Show,1981,2017-12-01,PG,0.0,5.0,Comedy,France,English,9.4,3.5,0,332206,70.9,819968,44,1980,1,N/A,0.3334310370353519
271,272,Title 272,TV Show,2001,2018-07-29,G,163.0,1.0,Horror,Japan,Spanish,8.7,4.7,1,1178247,35.0,16182,24,2000,1,> 2.5 hours,0.3167375360282241
272,273,Title 273,TV Show,1996,2019-01-12,TV-Y7,127.0,3.0,Horror,Japan,Korean,4.1,4.6,1,455631,37.0,993512,29,1990,1,1.5-2.5 hours,0.21634483794830434
273,274,Title 274,TV Show,2015,2023-03-30,PG-13,0.0,1.0,Romance,United Kingdom,Hindi,9.2,3.6,1,905673,63.1,1739668,10,2010,0,N/A,0.3882513235911399
274,275,Title 275,Movie,1993,2019-05-22,TV-Y,118.0,0.0,Adventure,United States,Japanese,8.0,4.5,1,3690606,92.6,1577862,32,1990,1,1.5-2.5 hours,0.9239924223791616
275,276,Title 276,TV Show,1989,2017-10-26,TV-MA,0.0,6.0,Adventure,South Korea,French,4.5,4.3,1,845476,88.5,899155,36,1980,0,N/A,0.4808217487598091
276,277,Title 277,Movie,2014,2022-01-29,R,109.0,0.0,Horror,South Korea,English,7.7,3.9,0,2315174,84.8,640835,11,2010,0,1.5-2.5 hours,0.6864770550119013
277,278,Title 278,TV Show,2004,2020-11-09,TV-Y,0.0,7.0,Thriller,United Kingdom,Hindi,7.6,3.4,1,1774285,59.8,1426115,21,2000,1,N/A,0.5053434818945752
278,279,Title 279,Movie,1982,2017-02-24,TV-Y7,118.0,7.0,Sci-Fi,India,French,5.2,4.8,1,1005472,42.3,26284,43,1980,1,1.5-2.5 hours,0.3200212147583406
279,280,Title 280,TV Show,2017,2018-02-12,TV-Y,87.0,3.0,Adventure,India,Hindi,8.2,4.4,1,1355851,72.9,1563316,8,2010,1,1-1.5 hours,0.4949782092900755
280,281,Title 281,TV Show,1996,2023-11-11,TV-MA,74.0,5.0,Romance,Germany,German,4.5,3.3,1,3611661,49.2,1331095,29,1990,0,1-1.5 hours,0.7385506398142594
281,282,Title 282,TV Show,1991,2021-09-20,TV-Y,144.0,7.0,Horror,United States,Japanese,6.7,4.4,0,1160839,78.3,1641635,34,1990,1,> 2.5 hours,0.4873263288474043
282,283,Title 283,TV Show,2003,2017-11-20,PG-13,141.0,5.0,Sci-Fi,Japan,French,4.1,4.5,0,106917,21.2,507398,22,2000,0,> 2.5 hours,0.10083759410338378
283,284,Title 284,Movie,2008,2023-09-29,TV-Y,121.0,5.0,Mystery,Canada,Hindi,9.3,4.8,0,481587,59.7,1560504,17,2000,1,1.5-2.5 hours,0.3110382486551838
284,285,Title 285,TV Show,2022,2020-09-22,TV-MA,0.0,5.0,Action,Canada,Japanese,8.1,3.4,0,3396810,45.3,58709,3,2020,0,N/A,0.6907229011879783
285,286,Title 286,Movie,2004,2016-11-08,TV-MA,118.0,2.0,Sci-Fi,India,German,4.9,5.0,0,3728663,38.7,1778995,21,2000,0,1.5-2.5 hours,0.7141009880777173
286,287,Title 287,Movie,2015,2018-02-02,TV-Y,118.0,2.0,Adventure,United Kingdom,German,5.9,3.3,1,2554558,69.6,1769748,10,2010,1,1.5-2.5 hours,0.6615847537580728
287,288,Title 288,Movie,2005,2023-12-25,G,105.0,0.0,Action,United States,German,4.9,4.2,0,2776919,69.4,161911,20,2000,1,1.5-2.5 hours,0.6941389954822376
288,289,Title 289,Movie,2017,2022-09-20,R,118.0,7.0,Adventure,Spain,English,8.2,4.3,1,3669149,22.8,982435,8,2010,0,1.5-2.5 hours,0.6415738635281247
289,290,Title 290,TV Show,1980,2020-10-15,TV-PG,180.0,5.0,Romance,Australia,French,4.3,3.8,1,2769973,91.1,1606652,45,1980,1,> 2.5 hours,0.7798970926170047
290,291,Title 291,Movie,1999,2015-02-12,PG,62.0,5.0,Crime,United States,Hindi,8.6,4.0,0,2956775,47.1,1173331,26,1990,1,1-1.5 hours,0.6319174696730416
291,292,Title 292,Movie,2007,2019-04-07,TV-PG,118.0,0.0,Sci-Fi,Germany,Hindi,9.2,4.8,1,1602891,88.8,1725942,18,2000,1,1.5-2.5 hours,0.5956343111943558
292,293,Title 293,Movie,1995,2023-01-23,TV-Y7,118.0,5.0,Action,Japan,Japanese,7.7,4.3,1,3978853,63.8,1985445,30,1990,1,1.5-2.5 hours,0.852029591281376
293,294,Title 294,TV Show,1996,2021-07-29,TV-Y7,163.0,5.0,Romance,Japan,Japanese,5.2,4.0,1,2013534,68.9,1374448,29,1990,1,> 2.5 hours,0.5776309305850591
294,295,Title 295,TV Show,2019,2017-07-31,TV-MA,138.0,4.0,Adventure,South Korea,French,6.0,3.3,1,3818275,92.0,990382,6,2010,0,1.5-2.5 hours,0.940742825042769
295,296,Title 296,TV Show,2007,2023-12-22,TV-Y7,133.0,6.0,Sci-Fi,France,German,6.6,3.0,0,2529578,81.7,278200,18,2000,1,1.5-2.5 hours,0.7062377434537945
296,297,Title 297,TV Show,1991,2021-12-16,G,0.0,2.0,Romance,France,Hindi,7.3,3.2,1,2578155,30.5,657428,34,1990,1,N/A,0.508724313491862
297,298,Title 298,Movie,2006,2023-07-28,R,118.0,4.0,Adventure,South Korea,Hindi,7.7,4.9,1,2773221,20.4,1118233,19,2000,0,1.5-2.5 hours,0.4975842939568084
298,299,Title 299,Movie,2021,2023-03-08,TV-Y7,133.0,0.0,Crime,Germany,German,7.0,4.5,0,1282158,43.1,1529050,4,2020,1,1.5-2.5 hours,0.3647242288916295
299,300,Title 300,TV Show,2009,2023-12-04,PG-13,63.0,7.0,Crime,Japan,Korean,5.9,4.9,1,3800856,56.6,1043841,16,2000,0,1-1.5 hours,0.7965299678574117
300,301,Title 301,Movie,2020,2015-12-27,R,107.0,8.0,Drama,France,Korean,8.9,3.1,1,3409479,74.9,1206708,5,2020,0,1.5-2.5 hours,0.8110232564139552
301,302,Title 302,Movie,2013,2021-06-04,G,118.0,0.0,Comedy,France,German,4.4,4.4,0,1469006,69.6,1065799,12,2010,1,1.5-2.5 hours,0.4987515059666414
302,303,Title 303,Movie,2016,2022-09-03,TV-PG,118.0,4.0,Romance,Australia,Japanese,6.6,3.1,1,374029,43.5,1090149,9,2010,1,1.5-2.5 hours,0.2301045042873868
303,304,Title 304,TV Show,1985,2020-04-12,R,159.0,7.0,Comedy,France,English,8.3,4.6,0,1788070,60.6,376999,40,1980,0,> 2.5 hours,0.5106112375809033
304,305,Title 305,TV Show,1986,2017-12-25,R,0.0,4.0,Drama,Japan,Japanese,4.3,3.8,1,1254548,68.8,368868,39,1980,0,N/A,0.4633827175024732
305,306,Title 306,Movie,2011,2018-07-06,TV-PG,118.0,0.0,Thriller,Germany,Japanese,7.9,3.2,0,1083068,58.5,1341043,14,2010,1,1.5-2.5 hours,0.3964606467667786
306,307,Title 307,TV Show,2011,2020-10-25,G,89.0,3.0,Sci-Fi,Spain,Hindi,8.5,4.1,0,902134,71.7,664073,14,2010,1,1-1.5 hours,0.42212047213129844
307,308,Title 308,TV Show,2004,2016-12-01,TV-Y7,170.0,5.0,Adventure,India,Japanese,7.6,3.6,1,3412384,56.4,489474,21,2000,1,> 2.5 hours,0.7374590076122709
308,309,Title 309,TV Show,2012,2015-03-09,TV-MA,152.0,5.0,Horror,United States,Hindi,4.1,4.3,0,2138231,59.7,885009,13,2010,0,> 2.5 hours,0.5595355320227131
309,310,Title 310,TV Show,1986,2022-04-04,TV-PG,177.0,5.0,Comedy,United Kingdom,Korean,5.0,4.3,0,3777940,90.6,347064,39,1980,1,> 2.5 hours,0.9290925584045355
310,311,Title 311,TV Show,1991,2016-04-06,TV-PG,173.0,8.0,Comedy,Canada,Japanese,5.9,4.4,1,2875398,49.2,1102158,34,1990,1,> 2.5 hours,0.6281108861049368
311,312,Title 312,Movie,1995,2016-08-10,TV-PG,152.0,0.0,Romance,United States,German,5.3,5.0,0,1848982,76.7,220352,30,1990,1,> 2.5 hours,0.5841480627071725
312,313,Title 313,TV Show,1995,2021-01-18,TV-PG,80.0,5.0,Sci-Fi,Australia,French,9.3,3.8,1,2316687,45.1,1386921,30,1990,1,1-1.5 hours,0.5279040056360156
313,314,Title 314,Movie,2022,2019-04-14,TV-Y7,139.0,0.0,Romance,France,French,7.6,3.9,0,1223255,44.9,1220205,3,2020,1,1.5-2.5 hours,0.36308875459407514
314,315,Title 315,Movie,2015,2023-03-29,TV-Y,118.0,5.0,Crime,Germany,Japanese,5.6,4.6,1,2374294,89.5,227854,10,2010,1,1.5-2.5 hours,0.7141450793989684
315,316,Title 316,TV Show,1992,2017-01-15,TV-Y,142.0,5.0,Comedy,Spain,English,9.1,4.2,0,567205,72.4,544081,33,1990,1,> 2.5 hours,0.37468098397270594
316,317,Title 317,Movie,1986,2018-02-24,TV-14,66.0,5.0,Sci-Fi,Canada,Japanese,8.1,3.1,0,3240315,89.7,1044101,39,1980,0,1-1.5 hours,0.8448485866336133
317,318,Title 318,Movie,2015,2016-10-29,TV-PG,118.0,0.0,Mystery,South Korea,German,5.6,4.7,0,2469493,94.6,803884,10,2010,1,1.5-2.5 hours,0.7488249686686639
318,319,Title 319,Movie,1988,2018-03-27,TV-PG,178.0,1.0,Thriller,Spain,Korean,6.1,3.1,1,3121860,20.0,1114325,37,1980,1,> 2.5 hours,0.5482802877707913
319,320,Title 320,TV Show,2011,2020-09-03,R,107.0,6.0,Adventure,India,Korean,5.1,3.3,0,2041828,93.7,468939,14,2010,0,1.5-2.5 hours,0.6810750422563663
320,321,Title 321,TV Show,1990,2017-09-15,TV-Y,75.0,7.0,Drama,France,Japanese,9.3,3.2,1,3106387,27.6,854480,35,1990,1,1-1.5 hours,0.5763593313881613
321,322,Title 322,Movie,1987,2016-05-07,TV-Y7,118.0,2.0,Thriller,United Kingdom,Hindi,6.8,3.2,0,1165039,25.3,824375,38,1980,1,1.5-2.5 hours,0.2759563305799091
322,323,Title 323,TV Show,2012,2021-01-31,TV-MA,0.0,5.0,Drama,Canada,Spanish,8.9,3.1,1,3441286,77.6,1643661,13,2010,0,N/A,0.8265943195343787
323,324,Title 324,TV Show,2002,2019-11-07,TV-14,0.0,4.0,Comedy,France,English,5.9,3.1,0,2485932,46.3,1739878,23,2000,0,N/A,0.55809082544977
324,325,Title 325,TV Show,2004,2016-08-07,TV-14,159.0,5.0,Thriller,Canada,English,8.7,3.9,1,915211,88.8,299369,21,2000,0,> 2.5 hours,0.4924820275255757
325,326,Title 326,TV Show,1987,2022-05-01,TV-Y7,0.0,6.0,Thriller,United Kingdom,Spanish,4.3,3.5,0,473994,60.8,1098734,38,1980,1,N/A,0.3142992955230627
326,327,Title 327,Movie,2024,2022-11-08,TV-MA,118.0,8.0,Adventure,India,French,9.4,3.3,0,2844077,49.0,1534046,1,2020,0,1.5-2.5 hours,0.6226127231849887
327,328,Title 328,Movie,2001,2018-06-18,R,165.0,7.0,Horror,South Korea,French,9.0,4.3,0,3928722,25.5,1442008,24,2000,0,> 2.5 hours,0.6913099206022816
328,329,Title 329,TV Show,1983,2021-01-23,PG,0.0,4.0,Adventure,Japan,French,6.0,3.5,0,3314516,54.8,885967,42,1980,1,N/A,0.7163787672416099
329,330,Title 330,TV Show,2019,2022-04-08,TV-Y,0.0,4.0,Romance,Germany,Korean,8.3,3.0,1,889678,40.8,1776113,6,2010,1,N/A,0.29665206699318425
330,331,Title 331,Movie,1982,2016-01-23,TV-PG,123.0,5.0,Horror,Spain,German,8.1,3.8,1,2325410,25.7,1828214,43,1980,1,1.5-2.5 hours,0.4516124592342629
331,332,Title 332,Movie,2008,2016-12-22,TV-Y7,118.0,3.0,Thriller,United States,English,9.0,3.6,0,1482391,70.3,1265760,17,2000,1,1.5-2.5 hours,0.5035592614879691
332,333,Title 333,TV Show,2020,2022-05-10,TV-Y,0.0,8.0,Horror,South Korea,Spanish,5.7,3.6,1,228724,93.3,712818,5,2020,1,N/A,0.40750869434890946
333,334,Title 334,Movie,2008,2021-10-21,TV-PG,118.0,0.0,Horror,South Korea,Hindi,6.6,3.9,0,1669422,48.4,1337459,17,2000,1,1.5-2.5 hours,0.44401398863846875
334,335,Title 335,TV Show,2013,2021-07-24,PG,72.0,5.0,Romance,Australia,Japanese,8.8,4.3,0,2662250,42.3,1633938,12,2010,1,1-1.5 hours,0.568538598181145
335,336,Title 336,TV Show,2013,2022-07-23,PG,0.0,1.0,Sci-Fi,Canada,Hindi,8.3,4.2,0,81244,26.7,1980407,12,2010,1,N/A,0.11898663351324217
336,337,Title 337,Movie,2007,2020-04-22,G,151.0,0.0,Comedy,Canada,Japanese,6.2,4.9,1,2303801,36.7,1848346,18,2000,1,> 2.5 hours,0.4923711003205259
337,338,Title 338,Movie,1992,2017-10-12,PG,118.0,0.0,Sci-Fi,Australia,Korean,8.7,4.0,0,1876368,41.4,928299,33,1990,1,1.5-2.5 hours,0.4470559740039285
338,339,Title 339,TV Show,1994,2023-02-01,TV-Y,0.0,6.0,Comedy,Spain,English,4.3,3.9,1,3654893,45.8,1927117,31,1990,1,N/A,0.7314354576475086
339,340,Title 340,TV Show,2002,2022-08-13,PG-13,121.0,5.0,Sci-Fi,Canada,German,8.3,3.4,0,79386,67.5,1660735,23,2000,0,1.5-2.5 hours,0.2819079327468151
340,341,Title 341,Movie,2023,2019-10-03,PG-13,118.0,1.0,Sci-Fi,Japan,English,5.1,4.5,0,2079747,28.6,328747,2,2020,0,1.5-2.5 hours,0.42636290789799675
341,342,Title 342,TV Show,2005,2020-05-22,TV-PG,166.0,8.0,Drama,Germany,Japanese,5.6,3.3,1,72312,24.4,1924815,20,2000,1,> 2.5 hours,0.10844682982878204
342,343,Title 343,Movie,1983,2019-10-12,TV-PG,96.0,3.0,Horror,United States,French,6.7,4.0,0,1575726,89.8,1560390,42,1980,1,1-1.5 hours,0.5955595499887625
343,344,Title 344,TV Show,2005,2021-06-21,G,0.0,5.0,Crime,United States,Hindi,6.5,3.8,0,944415,79.9,1299554,20,2000,1,N/A,0.4612626395722589
344,345,Title 345,Movie,2019,2018-02-09,PG-13,118.0,4.0,Romance,United Kingdom,English,6.9,4.3,0,304734,40.9,1044358,6,2010,0,1.5-2.5 hours,0.2093102257031207
345,346,Title 346,Movie,1988,2020-05-10,TV-PG,118.0,4.0,Sci-Fi,United Kingdom,Hindi,7.0,4.8,0,2408148,67.9,58129,37,1980,1,1.5-2.5 hours,0.6328231933637818
346,347,Title 347,Movie,1984,2019-12-08,PG,118.0,7.0,Thriller,Germany,Spanish,5.8,4.9,1,1631582,64.4,1564655,41,1980,1,1.5-2.5 hours,0.5023379730294258
347,348,Title 348,TV Show,2011,2023-04-21,TV-PG,0.0,3.0,Mystery,France,Spanish,5.0,3.3,0,115536,75.7,270843,14,2010,1,N/A,0.32013044765873105
348,349,Title 349,TV Show,1999,2016-10-10,TV-14,0.0,1.0,Drama,France,Hindi,8.2,3.5,1,3564638,84.4,348122,26,1990,0,N/A,0.8722971704172187
349,350,Title 350,Movie,1990,2016-01-18,G,118.0,0.0,Mystery,South Korea,German,6.2,4.6,0,1854771,46.8,1969567,35,1990,1,1.5-2.5 hours,0.46541641509514153
350,351,Title 351,TV Show,1994,2018-09-06,TV-Y7,125.0,5.0,Action,South Korea,German,6.8,4.0,1,2408203,69.6,962330,31,1990,1,1.5-2.5 hours,0.6396314433864694
351,352,Title 352,Movie,2011,2020-09-12,TV-MA,103.0,6.0,Adventure,Australia,English,7.5,3.9,1,3344255,80.2,661522,14,2010,0,1.5-2.5 hours,0.8224396295089811
352,353,Title 353,Movie,2007,2016-11-29,R,124.0,0.0,Action,India,Hindi,9.0,4.4,0,2926085,72.4,114374,18,2000,0,1.5-2.5 hours,0.7285139570133818
353,354,Title 354,TV Show,2001,2019-04-29,TV-MA,0.0,5.0,Comedy,United Kingdom,Korean,7.9,4.2,1,621366,89.2,1439801,24,2000,0,N/A,0.45000515631417987
354,355,Title 355,TV Show,2020,2023-04-28,TV-MA,78.0,8.0,Sci-Fi,India,German,4.3,4.9,0,2424838,57.1,647596,5,2020,0,1-1.5 hours,0.5921267002484256
355,356,Title 356,Movie,1996,2023-02-03,TV-Y7,118.0,0.0,Romance,Canada,Japanese,8.6,4.2,1,954007,80.2,1756523,29,1990,1,1.5-2.5 hours,0.4639014435289697
356,357,Title 357,TV Show,2005,2015-06-13,TV-PG,174.0,7.0,Thriller,United States,German,9.4,3.9,1,3316932,88.2,1907886,20,2000,1,> 2.5 hours,0.8503411682382127
357,358,Title 358,TV Show,2023,2021-06-16,TV-MA,160.0,8.0,Crime,South Korea,French,6.6,4.1,0,2081317,61.8,438364,2,2020,0,> 2.5 hours,0.5593984085456235
358,359,Title 359,Movie,1986,2015-02-14,TV-14,118.0,0.0,Crime,France,Spanish,9.3,4.6,1,2014570,21.3,1744808,39,1980,0,1.5-2.5 hours,0.38738633101241027
359,360,Title 360,Movie,2021,2015-12-18,R,108.0,0.0,Drama,Germany,German,7.0,4.2,1,454986,81.4,691335,4,2020,0,1.5-2.5 hours,0.39384808768224117
360,361,Title 361,TV Show,2005,2017-07-28,TV-MA,0.0,7.0,Drama,United Kingdom,Japanese,6.5,4.3,1,3056177,83.5,1034133,20,2000,0,N/A,0.7924278106764793
361,362,Title 362,Movie,2004,2020-02-21,PG-13,156.0,5.0,Drama,United States,German,5.8,4.9,1,3702253,50.0,178891,21,2000,0,> 2.5 hours,0.7553394771835622
362,363,Title 363,Movie,1989,2016-11-11,TV-Y7,171.0,0.0,Drama,Spain,Japanese,7.6,4.2,1,1198875,37.2,1396611,36,1980,1,> 2.5 hours,0.3286317445372975
363,364,Title 364,TV Show,2024,2023-11-27,TV-Y7,0.0,4.0,Horror,Germany,French,5.3,3.8,0,3571083,93.4,1811282,1,2020,1,N/A,0.9092639230757885
364,365,Title 365,Movie,1998,2015-02-10,TV-Y7,81.0,0.0,Sci-Fi,India,Japanese,4.6,4.4,1,2268049,61.4,160165,27,1990,1,1-1.5 hours,0.5858082855727853
365,366,Title 366,Movie,1990,2020-09-28,G,118.0,0.0,Mystery,Japan,German,4.1,4.3,0,2836989,58.7,1289231,35,1990,1,1.5-2.5 hours,0.6603495202611808
366,367,Title 367,TV Show,1992,2017-09-21,G,125.0,6.0,Sci-Fi,India,French,5.6,3.0,0,1637186,91.0,1960248,33,1990,1,1.5-2.5 hours,0.6095785753410823
367,368,Title 368,TV Show,1987,2022-04-05,PG,162.0,2.0,Sci-Fi,United Kingdom,Hindi,6.2,3.9,1,3181443,50.6,1481156,38,1980,1,> 2.5 hours,0.6796177623488464
368,369,Title 369,Movie,2019,2016-01-05,TV-Y,152.0,8.0,Action,Germany,Hindi,7.0,4.5,1,1792821,83.6,229323,6,2010,1,> 2.5 hours,0.6033238895406963
369,370,Title 370,Movie,1983,2021-04-21,R,118.0,0.0,Romance,Japan,Spanish,5.6,4.0,0,107813,72.5,1085238,42,1980,0,1.5-2.5 hours,0.30617199447298477
370,371,Title 371,TV Show,2010,2023-08-01,TV-PG,0.0,5.0,Thriller,Canada,English,9.4,4.6,1,625730,92.6,1463878,15,2010,1,N/A,0.46425975811433484
371,372,Title 372,TV Show,2007,2015-03-14,TV-MA,71.0,6.0,Comedy,Spain,French,5.6,3.9,1,1041010,52.1,1546479,18,2000,0,1-1.5 hours,0.3645519294178059
372,373,Title 373,TV Show,1990,2020-01-01,TV-Y,108.0,5.0,Romance,India,German,6.4,5.0,0,722499,88.1,447149,35,1990,1,1.5-2.5 hours,0.4607751480316571
373,374,Title 374,TV Show,2022,2022-01-19,TV-PG,0.0,3.0,Drama,Spain,English,4.6,3.6,1,1851336,62.7,730198,3,2020,1,N/A,0.5285011636782002
374,375,Title 375,Movie,1980,2016-12-26,TV-Y,118.0,4.0,Mystery,Germany,Hindi,5.4,3.2,1,1469817,55.7,311784,45,1980,1,1.5-2.5 hours,0.4432731563011798
375,376,Title 376,TV Show,2017,2021-12-06,TV-PG,0.0,5.0,Action,United States,German,4.3,3.9,0,649735,42.9,715665,8,2010,1,N/A,0.26906051801642455
376,377,Title 377,TV Show,2003,2017-06-16,TV-14,163.0,7.0,Horror,Germany,English,7.1,4.1,0,57212,61.5,705047,22,2000,0,> 2.5 hours,0.2545818236000149
377,378,Title 378,Movie,2010,2022-11-12,G,168.0,2.0,Mystery,France,French,8.1,3.7,0,1395587,62.9,1353089,15,2010,1,> 2.5 hours,0.46093862568122057
378,379,Title 379,TV Show,2020,2017-01-16,R,138.0,5.0,Action,Japan,French,5.1,3.5,1,3522534,87.4,1914702,5,2020,0,1.5-2.5 hours,0.877981553049271
379,380,Title 380,Movie,2005,2017-02-06,PG-13,118.0,0.0,Adventure,United States,English,6.0,4.3,0,2770156,72.8,1682122,20,2000,0,1.5-2.5 hours,0.7067245426924924
380,381,Title 381,TV Show,1984,2017-10-07,TV-14,134.0,5.0,Horror,India,Japanese,4.1,3.8,0,1323372,82.0,876400,41,1980,0,1.5-2.5 hours,0.5265063458924513
381,382,Title 382,TV Show,1999,2016-05-01,G,97.0,5.0,Drama,Canada,French,8.6,4.3,1,884104,77.7,613547,26,1990,1,1-1.5 hours,0.44341596469390293
382,383,Title 383,TV Show,2020,2019-09-18,TV-Y7,0.0,3.0,Comedy,Spain,Korean,8.3,4.6,1,2130241,40.7,534197,5,2020,1,N/A,0.48233702872682904
383,384,Title 384,Movie,1990,2017-05-22,G,63.0,0.0,Drama,Germany,Hindi,4.3,4.5,0,655970,35.4,1167649,35,1990,1,1-1.5 hours,0.23999577058836913
384,385,Title 385,Movie,2012,2015-05-04,TV-Y,118.0,0.0,Mystery,Australia,Spanish,6.0,3.8,1,2732064,39.4,1473741,13,2010,1,1.5-2.5 hours,0.5674107269794991
385,386,Title 386,TV Show,2017,2016-04-05,PG,108.0,2.0,Drama,United Kingdom,Spanish,9.3,4.1,1,3707735,31.0,759260,8,2010,1,1.5-2.5 hours,0.6801617794448934
386,387,Title 387,Movie,2006,2018-10-06,TV-14,143.0,0.0,Adventure,India,Korean,6.2,3.9,1,3591937,48.9,311780,19,2000,0,> 2.5 hours,0.7343920316780871
387,388,Title 388,Movie,2013,2017-04-29,TV-Y7,118.0,5.0,Drama,United Kingdom,English,6.9,4.7,0,3207382,69.0,499238,12,2010,1,1.5-2.5 hours,0.7571086230487134
388,389,Title 389,Movie,1994,2023-04-08,TV-Y,64.0,0.0,Action,United States,French,6.0,4.8,1,2147398,60.3,1544972,31,1990,1,1-1.5 hours,0.563310585804111
389,390,Title 390,Movie,2011,2021-10-29,R,178.0,0.0,Crime,France,Korean,7.3,3.7,1,1405458,70.9,976592,14,2010,0,> 2.5 hours,0.49441927975301936
390,391,Title 391,Movie,2000,2020-02-23,G,75.0,8.0,Drama,India,Korean,9.4,3.2,0,3890833,46.7,993275,25,2000,1,1-1.5 hours,0.7704265549730263
391,392,Title 392,Movie,1984,2017-02-07,TV-Y7,118.0,0.0,Adventure,France,French,9.5,3.3,1,2072738,35.4,1484427,41,1980,1,1.5-2.5 hours,0.45251155500677626
392,393,Title 393,TV Show,1985,2022-12-17,TV-Y,0.0,5.0,Sci-Fi,France,Hindi,8.3,3.7,0,3155179,35.2,1414583,40,1980,1,N/A,0.6140781515149166
393,394,Title 394,TV Show,2017,2022-08-18,PG,0.0,7.0,Sci-Fi,Canada,French,6.2,4.1,1,1416967,65.1,1889611,8,2010,1,N/A,0.47294563450049487
394,395,Title 395,Movie,2001,2017-09-17,G,108.0,0.0,Comedy,United States,French,6.7,4.3,1,3422571,32.3,1960804,24,2000,1,1.5-2.5 hours,0.6425870618144199
395,396,Title 396,TV Show,1997,2022-09-25,R,0.0,5.0,Comedy,Germany,Japanese,6.0,3.7,1,784552,49.8,290324,28,1990,0,N/A,0.31688312362859
396,397,Title 397,TV Show,1993,2021-09-22,PG,0.0,5.0,Comedy,Australia,German,9.4,4.3,0,1244826,36.0,1040498,32,1990,1,N/A,0.3307244134921371
397,398,Title 398,TV Show,1989,2023-04-18,TV-PG,0.0,7.0,Romance,Japan,English,7.9,4.9,1,3838071,69.7,1553569,36,1980,1,N/A,0.8545122332086413
398,399,Title 399,TV Show,1992,2021-02-12,TV-Y,149.0,3.0,Thriller,France,Spanish,6.5,4.3,0,2438202,66.2,1129397,33,1990,1,> 2.5 hours,0.6305313057610908
399,400,Title 400,Movie,2010,2020-04-04,G,170.0,0.0,Comedy,United States,Spanish,4.1,3.3,1,183761,48.6,1229811,15,2010,1,> 2.5 hours,0.22196422580162098
400,401,Title 401,TV Show,2009,2021-09-18,G,78.0,7.0,Drama,Canada,Korean,6.9,4.2,1,2835867,29.7,1756286,16,2000,1,1-1.5 hours,0.5441812197983544
401,402,Title 402,TV Show,1982,2016-02-19,TV-Y7,91.0,6.0,Comedy,India,Japanese,9.4,4.1,0,1952012,35.9,1008300,43,1980,1,1-1.5 hours,0.43640260520716434
402,403,Title 403,Movie,2009,2022-02-23,R,62.0,3.0,Thriller,South Korea,Korean,6.9,4.7,0,115768,55.4,965801,16,2000,0,1-1.5 hours,0.23896524775443131
403,404,Title 404,Movie,1985,2017-10-15,PG-13,118.0,0.0,Romance,South Korea,Korean,5.0,3.7,1,3366453,92.9,1266507,40,1980,0,1.5-2.5 hours,0.8765693386656813
404,405,Title 405,TV Show,2008,2016-05-14,TV-PG,0.0,5.0,Thriller,Australia,English,4.1,3.8,1,172699,40.3,1863603,17,2000,1,N/A,0.18710492123853342
405,406,Title 406,TV Show,1987,2022-03-21,PG,127.0,5.0,Mystery,Canada,Korean,6.0,4.2,1,178881,34.3,859125,38,1980,1,1.5-2.5 hours,0.1640322237886154
406,407,Title 407,TV Show,2023,2019-12-08,TV-14,140.0,5.0,Comedy,United States,Korean,9.1,4.0,0,2292456,36.6,1792641,2,2020,0,1.5-2.5 hours,0.49026934564070046
407,408,Title 408,TV Show,2024,2018-03-04,TV-14,78.0,2.0,Comedy,Canada,German,9.5,4.4,1,139060,73.1,1421665,1,2020,0,1-1.5 hours,0.3132590573624077
408,409,Title 409,TV Show,2022,2017-08-11,G,92.0,5.0,Comedy,Japan,English,9.2,3.1,0,150190,88.6,29612,3,2020,1,1-1.5 hours,0.37692856195354535
409,410,Title 410,TV Show,2023,2018-10-18,TV-Y7,98.0,5.0,Mystery,Japan,Hindi,8.0,4.1,1,2688133,25.6,860937,2,2020,1,1-1.5 hours,0.5056210588579119
410,411,Title 411,Movie,2012,2016-01-02,TV-MA,75.0,0.0,Thriller,Germany,Japanese,7.1,3.2,1,2106080,76.2,436910,13,2010,0,1-1.5 hours,0.6207128687603891
411,412,Title 412,TV Show,1996,2018-11-10,G,112.0,8.0,Action,South Korea,Hindi,7.2,3.6,1,2303743,57.1,1981902,29,1990,1,1.5-2.5 hours,0.5739624002966008
412,413,Title 413,TV Show,1990,2022-02-21,TV-14,148.0,7.0,Drama,South Korea,French,7.0,4.3,0,927451,81.9,1471097,35,1990,0,> 2.5 hours,0.46671803257458966
413,414,Title 414,Movie,1992,2021-06-14,TV-14,73.0,0.0,Adventure,Japan,German,7.9,3.3,1,2084364,51.6,1036956,33,1990,0,1-1.5 hours,0.5190554598025144
414,415,Title 415,Movie,1990,2021-08-22,TV-PG,118.0,0.0,Drama,Canada,Spanish,6.3,3.6,0,1535277,20.4,1029635,35,1990,1,1.5-2.5 hours,0.3118921833035041
415,416,Title 416,Movie,2010,2015-01-01,TV-MA,119.0,0.0,Comedy,Australia,French,7.7,4.4,1,311633,71.2,709765,15,2010,0,1.5-2.5 hours,0.3315450785489661
416,417,Title 417,Movie,2007,2018-08-21,G,118.0,3.0,Romance,Australia,Hindi,4.7,4.3,1,1096863,80.6,1432577,18,2000,1,1.5-2.5 hours,0.4869299024572318
417,418,Title 418,TV Show,2023,2017-04-22,TV-PG,0.0,5.0,Mystery,France,English,5.5,3.2,0,2648963,87.7,1943021,2,2020,1,N/A,0.7481455427002424
418,419,Title 419,TV Show,1985,2020-02-12,TV-Y7,0.0,5.0,Action,India,Spanish,8.6,4.2,0,3179889,62.7,464598,40,1980,1,N/A,0.7277846617078197
419,420,Title 420,TV Show,2020,2023-06-10,TV-PG,0.0,5.0,Horror,South Korea,Korean,9.0,3.3,0,3452028,29.2,746122,5,2020,1,N/A,0.6346056239654659
420,421,Title 421,TV Show,1995,2017-10-14,G,0.0,5.0,Action,Japan,English,7.0,3.5,1,774719,47.7,1868727,30,1990,1,N/A,0.30700816957246635
421,422,Title 422,TV Show,1983,2021-05-10,TV-Y,0.0,5.0,Adventure,Canada,Spanish,4.2,3.9,1,814544,78.8,1902472,42,1980,1,N/A,0.437381936000324
422,423,Title 423,TV Show,2014,2020-08-20,PG-13,0.0,5.0,Drama,United States,Hindi,9.1,3.2,1,2265154,57.1,1239765,11,2010,0,N/A,0.5681740343785946
423,424,Title 424,Movie,2005,2017-02-18,G,173.0,1.0,Comedy,India,French,7.9,5.0,0,865459,72.4,790289,20,2000,1,> 2.5 hours,0.41941920700281926
424,425,Title 425,TV Show,1991,2023-08-02,R,0.0,5.0,Crime,Australia,Korean,6.3,3.3,1,3364498,20.4,767877,34,1990,0,N/A,0.5862760878592416
425,426,Title 426,Movie,1990,2023-05-05,TV-14,118.0,8.0,Horror,United Kingdom,Korean,7.3,4.6,1,2415025,25.5,1717655,35,1990,0,1.5-2.5 hours,0.46425474620055207
426,427,Title 427,Movie,2016,2019-04-28,TV-MA,118.0,5.0,Comedy,United Kingdom,Japanese,6.4,4.7,1,1359259,71.1,620121,9,2010,0,1.5-2.5 hours,0.4882894106958794
427,428,Title 428,TV Show,2004,2015-03-23,TV-MA,0.0,4.0,Mystery,Canada,English,6.6,5.0,1,631431,41.8,874894,21,2000,0,N/A,0.2619149104660038
428,429,Title 429,Movie,1997,2023-12-19,PG-13,109.0,0.0,Horror,Spain,French,8.9,3.9,0,547081,49.1,1644032,28,1990,0,1.5-2.5 hours,0.2784623756715331
429,430,Title 430,TV Show,1998,2021-04-16,R,0.0,5.0,Adventure,Spain,Korean,4.9,4.7,1,1406652,68.2,1680650,27,1990,0,N/A,0.4837983802455457
430,431,Title 431,Movie,2002,2016-03-25,TV-14,170.0,3.0,Crime,South Korea,Spanish,4.6,4.9,1,2555434,28.4,186501,23,2000,0,> 2.5 hours,0.4969161541194238
431,432,Title 432,TV Show,2017,2019-03-20,TV-MA,81.0,5.0,Thriller,United States,Japanese,4.0,3.3,1,2787969,82.5,455547,8,2010,0,1-1.5 hours,0.7481965000403752
432,433,Title 433,Movie,1997,2017-06-05,R,165.0,7.0,Thriller,France,Japanese,5.7,4.0,1,1509812,30.8,136384,28,1990,0,> 2.5 hours,0.34967242279916266
433,434,Title 434,TV Show,2005,2019-04-25,TV-PG,0.0,5.0,Thriller,Canada,German,4.8,3.1,0,3930054,75.0,844965,20,2000,1,N/A,0.8895097211517332
434,435,Title 435,TV Show,1985,2023-02-21,G,0.0,5.0,Romance,United Kingdom,Hindi,5.2,4.2,1,1073384,42.0,1513177,40,1980,1,N/A,0.3290080427721176
435,436,Title 436,TV Show,1983,2015-01-11,G,132.0,1.0,Thriller,United Kingdom,English,4.1,4.2,0,166363,39.5,106755,42,1980,1,1.5-2.5 hours,0.18295451862492623
436,437,Title 437,TV Show,2023,2015-04-12,TV-Y,119.0,5.0,Sci-Fi,United States,French,5.2,3.4,1,2668738,81.6,360882,2,2020,1,1.5-2.5 hours,0.7267118008574525
437,438,Title 438,TV Show,2008,2017-05-20,TV-14,126.0,5.0,Horror,South Korea,German,5.8,4.6,0,1029680,61.4,1277474,17,2000,0,1.5-2.5 hours,0.4000524247441681
438,439,Title 439,Movie,2013,2022-12-31,R,118.0,0.0,Crime,Spain,German,4.2,3.1,0,3525198,35.4,1724051,12,2010,0,1.5-2.5 hours,0.6703811541481739
439,440,Title 440,Movie,1996,2017-12-29,PG,118.0,0.0,Mystery,Germany,English,7.3,4.6,1,1298328,20.2,293666,29,1990,1,1.5-2.5 hours,0.27554973556177276
440,441,Title 441,Movie,2022,2022-07-16,TV-MA,118.0,8.0,Sci-Fi,South Korea,Spanish,7.1,3.1,0,946448,93.0,988664,3,2020,0,1.5-2.5 hours,0.5139675904108737
441,442,Title 442,TV Show,2022,2018-08-06,TV-Y7,72.0,3.0,Sci-Fi,South Korea,French,4.5,4.3,1,2317959,52.4,1815331,3,2020,1,1-1.5 hours,0.557294806160717
442,443,Title 443,Movie,1995,2016-09-20,TV-Y7,118.0,0.0,Crime,Australia,Hindi,7.3,3.2,1,1092225,49.8,1068544,30,1990,1,1.5-2.5 hours,0.3630342005440515
443,444,Title 444,TV Show,1981,2021-09-11,G,130.0,8.0,Mystery,France,English,9.5,3.5,1,2111782,23.8,1034771,44,1980,1,1.5-2.5 hours,0.4119681711124705
444,445,Title 445,TV Show,2013,2017-07-12,PG,0.0,5.0,Horror,France,French,9.2,4.4,0,754667,87.1,1374528,12,2010,1,N/A,0.46160036130099363
445,446,Title 446,Movie,1987,2019-04-19,TV-Y7,103.0,3.0,Drama,United Kingdom,German,4.0,3.6,0,2563666,30.5,1701129,38,1980,1,1.5-2.5 hours,0.5065509575151332
446,447,Title 447,Movie,1992,2020-01-07,PG-13,80.0,7.0,Comedy,France,German,8.4,4.0,1,2189045,45.2,32681,33,1990,0,1-1.5 hours,0.5091576529835458
447,448,Title 448,TV Show,2021,2018-02-22,PG-13,119.0,5.0,Drama,United Kingdom,English,5.9,4.8,0,3417487,51.6,765202,4,2020,0,1.5-2.5 hours,0.7190244597172643
448,449,Title 449,Movie,1987,2016-01-20,TV-14,155.0,0.0,Adventure,South Korea,French,4.4,3.1,1,174213,80.8,29251,38,1980,0,> 2.5 hours,0.3493320218630601
449,450,Title 450,TV Show,2009,2019-10-18,PG,89.0,3.0,Crime,United States,German,5.6,4.6,1,3182451,47.0,308461,16,2000,1,1-1.5 hours,0.6653689627646475
450,451,Title 451,TV Show,2011,2023-05-19,PG-13,66.0,8.0,Drama,Germany,English,5.8,3.1,1,1665275,59.9,65679,14,2010,0,1-1.5 hours,0.48939193692782657
451,452,Title 452,TV Show,2015,2015-08-22,PG-13,124.0,7.0,Drama,United States,Japanese,6.9,3.3,1,1808251,52.2,1575475,10,2010,0,1.5-2.5 hours,0.4800383959055887
452,453,Title 453,TV Show,2009,2018-09-26,G,0.0,2.0,Drama,South Korea,English,7.6,3.2,0,2037012,43.4,1489336,16,2000,1,N/A,0.4791526402697608
453,454,Title 454,TV Show,1980,2022-03-15,TV-Y7,167.0,5.0,Thriller,Japan,Hindi,8.1,5.0,1,2054086,91.0,1512405,45,1980,1,> 2.5 hours,0.6721137473128052
454,455,Title 455,Movie,2022,2018-06-07,TV-14,118.0,0.0,Action,Canada,English,5.4,3.4,1,3121324,79.8,976834,3,2020,0,1.5-2.5 hours,0.7873998875496907
455,456,Title 456,Movie,2018,2019-10-23,R,118.0,6.0,Drama,Spain,Japanese,5.8,4.8,0,3694084,33.1,690550,7,2010,0,1.5-2.5 hours,0.6865141238138404
456,457,Title 457,TV Show,1996,2018-03-25,TV-PG,0.0,3.0,Comedy,Canada,French,5.7,5.0,0,1701596,61.6,339434,29,1990,1,N/A,0.5016401019102803
457,458,Title 458,TV Show,1999,2020-04-10,TV-MA,141.0,4.0,Crime,Germany,French,6.0,3.8,1,3589883,79.7,1443103,26,1990,0,> 2.5 hours,0.8572839308308098
458,459,Title 459,Movie,2003,2017-03-21,TV-MA,120.0,4.0,Adventure,France,German,9.5,4.3,1,1503443,63.5,1984318,22,2000,0,1.5-2.5 hours,0.479517070171943
459,460,Title 460,Movie,2001,2016-09-25,TV-PG,101.0,3.0,Action,Canada,Korean,8.3,4.6,1,2942869,57.0,1197663,24,2000,1,1.5-2.5 hours,0.6694315639368007
460,461,Title 461,TV Show,2008,2015-03-04,TV-PG,169.0,6.0,Romance,France,Hindi,9.4,3.8,1,3379893,25.4,786749,17,2000,1,> 2.5 hours,0.6085853442096966
461,462,Title 462,Movie,2001,2015-10-23,TV-MA,71.0,8.0,Comedy,South Korea,French,7.8,3.3,1,863509,28.0,1758579,24,2000,0,1-1.5 hours,0.24152670619844205
462,463,Title 463,TV Show,2023,2019-02-11,TV-MA,0.0,5.0,Comedy,Germany,German,6.2,3.9,1,3134554,38.4,1769414,2,2020,0,N/A,0.6237843930070808
463,464,Title 464,Movie,1988,2019-03-21,R,90.0,6.0,Thriller,Australia,German,6.1,4.5,1,1801770,58.5,606321,37,1980,0,1-1.5 hours,0.5042662432321688
464,465,Title 465,TV Show,2016,2016-05-19,PG,162.0,5.0,Thriller,Spain,Hindi,6.7,4.6,0,1542405,94.0,952295,9,2010,1,> 2.5 hours,0.6073613862438122
465,466,Title 466,Movie,1989,2019-11-25,PG,118.0,3.0,Crime,Spain,Hindi,6.3,3.5,0,1682621,80.2,1372811,36,1980,1,1.5-2.5 hours,0.5731938440830713
466,467,Title 467,TV Show,2015,2018-11-06,R,83.0,6.0,Comedy,Japan,German,8.6,3.3,1,2716173,28.3,285878,10,2010,0,1-1.5 hours,0.5206270704244437
467,468,Title 468,Movie,2016,2015-04-05,TV-Y7,118.0,4.0,Mystery,Australia,Japanese,6.6,4.8,1,991823,73.8,1899925,9,2010,1,1.5-2.5 hours,0.4439738591281126
468,469,Title 469,Movie,2007,2018-06-06,TV-PG,88.0,5.0,Mystery,United Kingdom,Korean,5.6,3.1,0,3221514,80.8,1569379,18,2000,1,1-1.5 hours,0.8064284288781793
469,470,Title 470,TV Show,2007,2015-11-22,TV-Y,174.0,6.0,Crime,Spain,Japanese,8.3,4.5,1,2822194,51.1,1897036,18,2000,1,> 2.5 hours,0.6277302641582265
470,471,Title 471,Movie,2021,2015-05-20,TV-PG,118.0,6.0,Drama,India,Spanish,8.7,3.1,0,3965836,44.8,1022720,4,2020,1,1.5-2.5 hours,0.7740770359118487
471,472,Title 472,TV Show,2022,2015-07-09,TV-MA,177.0,5.0,Sci-Fi,United Kingdom,Japanese,6.3,4.7,0,2345975,63.8,1346532,3,2020,0,> 2.5 hours,0.6070972177173488
472,473,Title 473,Movie,2000,2022-03-26,TV-PG,118.0,1.0,Romance,Spain,German,7.7,4.8,1,3988435,58.9,1876890,25,2000,1,1.5-2.5 hours,0.833866895233962
473,474,Title 474,TV Show,2003,2021-09-03,TV-MA,0.0,5.0,Adventure,South Korea,Hindi,4.3,3.6,0,2864106,39.9,568063,22,2000,0,N/A,0.5892170814469739
474,475,Title 475,Movie,2021,2018-02-13,TV-PG,118.0,0.0,Thriller,Germany,English,6.9,3.1,1,3239519,49.8,670189,4,2020,1,1.5-2.5 hours,0.6851291863052623
475,476,Title 476,TV Show,2019,2018-06-11,TV-Y7,66.0,8.0,Adventure,Germany,English,4.2,4.0,1,120353,60.8,823146,6,2010,1,1-1.5 hours,0.26125299964574905
476,477,Title 477,Movie,1981,2022-12-18,TV-Y,118.0,0.0,Sci-Fi,India,Hindi,4.2,3.6,1,3609430,63.5,476809,44,1980,1,1.5-2.5 hours,0.7954159888939695
477,478,Title 478,TV Show,1987,2018-06-28,PG-13,87.0,3.0,Horror,South Korea,Japanese,7.4,3.8,0,2553178,59.9,628810,38,1980,0,1-1.5 hours,0.6225777531888212
478,479,Title 479,Movie,2006,2022-06-03,R,94.0,0.0,Crime,India,Hindi,5.7,4.3,1,2513431,83.5,175999,19,2000,0,1-1.5 hours,0.7110156867931388
479,480,Title 480,TV Show,2001,2018-08-23,R,83.0,1.0,Drama,France,Spanish,8.1,3.4,1,1410122,22.4,488320,24,2000,0,1-1.5 hours,0.3011188816769246
480,481,Title 481,TV Show,2016,2022-02-12,TV-Y,104.0,5.0,Action,United States,French,8.9,3.7,0,297359,45.0,1582549,9,2010,1,1.5-2.5 hours,0.22460397266092483
481,482,Title 482,TV Show,2006,2022-10-01,TV-PG,0.0,5.0,Drama,Spain,Hindi,4.8,4.6,1,2293251,76.2,460933,19,2000,1,N/A,0.6487885959686389
482,483,Title 483,Movie,2008,2021-09-16,PG-13,118.0,3.0,Comedy,South Korea,English,8.0,4.3,1,1784271,68.9,1861370,17,2000,0,1.5-2.5 hours,0.5432413860138114
483,484,Title 484,TV Show,1982,2020-06-01,PG,155.0,5.0,Drama,United States,Korean,6.8,3.7,0,1302613,88.9,1354774,43,1980,1,> 2.5 hours,0.5509924873293401
484,485,Title 485,Movie,2023,2020-04-12,TV-PG,118.0,6.0,Comedy,United States,Hindi,4.6,4.3,1,2624455,64.1,624767,2,2020,1,1.5-2.5 hours,0.6500693325906646
485,486,Title 486,TV Show,1992,2022-11-14,TV-Y7,125.0,1.0,Adventure,Germany,Spanish,7.6,4.5,1,531327,67.9,997513,33,1990,1,1.5-2.5 hours,0.35129926917299026
486,487,Title 487,Movie,2024,2019-01-15,TV-MA,118.0,0.0,Horror,Germany,Korean,7.4,4.2,0,389012,72.9,1972812,1,2020,0,1.5-2.5 hours,0.3499519604678913
487,488,Title 488,TV Show,1989,2021-03-11,TV-14,84.0,2.0,Thriller,Australia,Spanish,6.8,3.5,1,473800,34.0,1849928,36,1980,0,1-1.5 hours,0.20707019544303748
488,489,Title 489,Movie,2015,2023-07-13,TV-PG,118.0,0.0,Horror,France,Korean,9.1,3.0,0,2189397,76.5,1816165,10,2010,1,1.5-2.5 hours,0.6344104531287462
489,490,Title 490,Movie,1988,2023-07-27,TV-14,118.0,0.0,Comedy,South Korea,Hindi,6.9,4.6,0,1637941,42.5,522673,37,1980,0,1.5-2.5 hours,0.41569182565252055
490,491,Title 491,TV Show,2006,2023-03-26,TV-PG,60.0,6.0,Action,Japan,English,9.4,4.6,1,2779723,51.8,793955,19,2000,1,1-1.5 hours,0.6241595966388908
491,492,Title 492,Movie,2013,2019-04-19,TV-Y,118.0,6.0,Sci-Fi,South Korea,Korean,6.8,4.4,1,1509644,21.1,418108,12,2010,1,1.5-2.5 hours,0.31084722272986254
492,493,Title 493,Movie,1980,2017-09-05,TV-14,86.0,0.0,Adventure,France,German,4.6,3.2,1,1479441,83.3,635708,45,1980,0,1-1.5 hours,0.5551167602710907
493,494,Title 494,TV Show,2011,2023-02-07,TV-PG,0.0,5.0,Adventure,Germany,French,6.6,4.2,0,1673518,91.5,1993758,14,2010,1,N/A,0.6170283903280734
494,495,Title 495,Movie,2004,2022-12-28,R,118.0,0.0,Drama,Germany,Spanish,5.0,4.6,1,2140214,24.5,762110,21,2000,0,1.5-2.5 hours,0.4190329828407028
495,496,Title 496,Movie,2008,2018-02-04,TV-14,118.0,1.0,Thriller,Spain,Korean,7.3,3.8,1,1367320,67.6,439960,17,2000,0,1.5-2.5 hours,0.475498564021051
496,497,Title 497,Movie,1986,2022-01-24,TV-PG,67.0,5.0,Drama,Canada,Spanish,7.8,3.4,1,3921438,92.1,1311201,39,1980,1,1-1.5 hours,0.9566173175976234
497,498,Title 498,TV Show,1982,2023-11-19,PG,154.0,5.0,Drama,Germany,English,6.6,4.2,1,3371197,65.5,451005,43,1980,1,> 2.5 hours,0.7676809406225866
498,499,Title 499,Movie,1999,2016-05-19,TV-MA,73.0,0.0,Comedy,India,Spanish,4.5,4.7,0,1955588,79.8,1933318,26,1990,0,1-1.5 hours,0.6125390066822683
499,500,Title 500,TV Show,1999,2015-08-22,PG,99.0,5.0,Sci-Fi,Spain,Spanish,6.6,3.1,0,3474283,28.9,206781,26,1990,1,1-1.5 hours,0.6367438831456786
500,501,Title 501,Movie,2009,2016-01-25,PG-13,180.0,6.0,Thriller,United Kingdom,German,4.4,4.2,1,3522236,38.4,546611,16,2000,0,> 2.5 hours,0.6819368529263456
501,502,Title 502,Movie,2014,2022-05-09,TV-PG,118.0,5.0,Drama,Canada,Spanish,7.8,4.3,1,2368042,45.9,1120317,11,2010,1,1.5-2.5 hours,0.5388072768200112
502,503,Title 503,Movie,2014,2016-12-13,G,158.0,0.0,Adventure,Canada,Korean,8.3,4.2,0,878292,93.6,1812025,11,2010,1,> 2.5 hours,0.5061441622964463
503,504,Title 504,TV Show,2018,2021-03-28,TV-Y7,0.0,5.0,Drama,India,Spanish,9.3,4.3,1,3106464,78.6,230317,7,2010,1,N/A,0.780370881419924
504,505,Title 505,Movie,2006,2018-03-07,PG,147.0,0.0,Romance,Canada,Hindi,4.8,4.3,0,3523508,86.4,787866,19,2000,1,> 2.5 hours,0.8741276534510471
505,506,Title 506,Movie,2005,2016-01-08,TV-14,120.0,0.0,Crime,Japan,Spanish,6.9,3.3,0,3648393,56.5,735877,20,2000,0,1.5-2.5 hours,0.7732604549662511
506,507,Title 507,TV Show,1993,2020-07-18,TV-Y,177.0,2.0,Adventure,Germany,Hindi,7.1,3.5,1,1638247,73.8,538122,32,1990,1,> 2.5 hours,0.5409377257787459
507,508,Title 508,Movie,1996,2021-12-17,TV-Y7,118.0,0.0,Romance,Germany,French,9.1,4.2,0,1578222,74.9,143501,29,1990,1,1.5-2.5 hours,0.5363339510183653
508,509,Title 509,TV Show,1997,2023-09-14,G,75.0,7.0,Crime,Spain,Spanish,7.5,3.0,1,1679410,62.7,1138301,28,1990,1,1-1.5 hours,0.5027121927585301
509,510,Title 510,TV Show,2024,2015-10-11,TV-PG,0.0,5.0,Action,France,Japanese,4.8,4.3,1,217080,85.8,1769655,1,2020,1,N/A,0.37576208954574625
510,511,Title 511,Movie,2008,2022-05-24,TV-Y,118.0,0.0,Romance,India,French,6.4,4.3,1,2027589,31.9,515514,17,2000,1,1.5-2.5 hours,0.43173918638276254
511,512,Title 512,TV Show,1999,2018-11-06,TV-PG,0.0,5.0,Comedy,Germany,Japanese,7.6,3.5,0,3898003,24.3,1574269,26,1990,1,N/A,0.6819020579306594
512,513,Title 513,Movie,2006,2018-03-05,PG-13,118.0,0.0,Action,United States,Spanish,7.9,4.2,0,3883854,42.8,1498550,19,2000,0,1.5-2.5 hours,0.7537797020941808
513,514,Title 514,TV Show,1997,2022-08-23,G,0.0,5.0,Mystery,Australia,Korean,8.7,4.1,0,2277923,26.6,501132,28,1990,1,N/A,0.4480893896458215
514,515,Title 515,TV Show,1983,2017-01-29,TV-PG,177.0,1.0,Thriller,Germany,Japanese,5.0,3.5,1,2800826,24.5,1004005,42,1980,1,> 2.5 hours,0.5181250553439022
515,516,Title 516,Movie,1980,2020-09-08,TV-14,110.0,0.0,Adventure,South Korea,Hindi,9.2,3.9,0,1558816,51.4,738358,45,1980,0,1.5-2.5 hours,0.43942304301336826
516,517,Title 517,TV Show,1980,2020-01-16,PG-13,0.0,6.0,Mystery,United States,French,4.3,4.8,1,3754237,35.0,854468,45,1980,0,N/A,0.7031370986270212
517,518,Title 518,TV Show,2005,2020-12-01,R,134.0,1.0,Adventure,France,French,9.4,3.9,1,1804889,79.3,792930,20,2000,0,1.5-2.5 hours,0.5879340945187599
518,519,Title 519,TV Show,2024,2023-04-08,G,0.0,5.0,Thriller,United States,Hindi,8.7,4.3,1,3912948,63.5,37605,1,2020,1,N/A,0.8409438140954887
519,520,Title 520,TV Show,1999,2023-02-10,TV-MA,0.0,5.0,Thriller,Canada,German,7.6,3.1,1,3662564,47.0,647342,26,1990,0,N/A,0.7373861108118047
520,521,Title 521,TV Show,2002,2020-12-30,TV-Y,0.0,5.0,Adventure,Australia,Spanish,8.0,3.2,1,1782628,41.5,240249,23,2000,1,N/A,0.4333949353360722
521,522,Title 522,Movie,1989,2022-03-28,PG,118.0,0.0,Thriller,United Kingdom,Spanish,4.4,3.2,1,1717707,62.2,71758,36,1980,1,1.5-2.5 hours,0.506456758556086
522,523,Title 523,TV Show,1990,2017-04-29,TV-PG,78.0,5.0,Romance,Australia,Korean,4.2,4.6,0,2322624,52.6,226088,35,1990,1,1-1.5 hours,0.5587945580850348
523,524,Title 524,Movie,2020,2022-05-01,TV-Y,118.0,8.0,Horror,Germany,German,4.6,3.7,0,2250015,24.2,1968645,5,2020,1,1.5-2.5 hours,0.4343031781337398
524,525,Title 525,TV Show,2020,2022-10-24,TV-Y,101.0,8.0,Sci-Fi,Spain,German,4.5,3.5,1,2612144,69.9,1406264,5,2020,1,1.5-2.5 hours,0.6714226775123632
525,526,Title 526,Movie,1984,2022-08-26,TV-MA,72.0,3.0,Adventure,Japan,Japanese,7.0,4.5,1,1696217,57.5,539841,41,1980,0,1-1.5 hours,0.4844332496914366
526,527,Title 527,Movie,1980,2022-11-08,TV-MA,155.0,0.0,Mystery,France,Korean,5.2,3.3,0,411963,40.8,1920842,45,1980,0,> 2.5 hours,0.22499461993520484
527,528,Title 528,TV Show,1996,2023-02-06,PG-13,109.0,2.0,Mystery,Spain,French,8.7,3.5,1,3830433,41.8,677824,29,1990,0,1.5-2.5 hours,0.7417665300579577
528,529,Title 529,TV Show,2001,2017-11-21,G,107.0,2.0,Thriller,Germany,Hindi,6.5,3.9,1,3539120,54.0,634157,24,2000,1,1.5-2.5 hours,0.7468694598910146
529,530,Title 530,TV Show,2013,2015-09-05,TV-14,156.0,5.0,Adventure,Spain,French,7.8,3.7,0,2425260,82.1,389948,12,2010,0,> 2.5 hours,0.6921900004225012
530,531,Title 531,Movie,2024,2020-10-27,TV-MA,72.0,4.0,Horror,South Korea,English,7.6,4.2,0,995246,51.7,218323,1,2020,0,1-1.5 hours,0.356087310540104
531,532,Title 532,TV Show,2020,2019-01-03,TV-MA,0.0,5.0,Horror,United States,Korean,5.8,3.7,1,3384167,83.0,1067076,5,2020,0,N/A,0.8396264459727265
532,533,Title 533,Movie,2008,2018-05-15,PG,118.0,1.0,Sci-Fi,Japan,Hindi,5.3,3.8,1,2866379,51.9,34729,17,2000,1,1.5-2.5 hours,0.6375580323845891
533,534,Title 534,Movie,1983,2023-03-19,R,118.0,0.0,Romance,Germany,French,5.9,4.7,1,2860251,82.2,1303863,42,1980,0,1.5-2.5 hours,0.7578388298567822
534,535,Title 535,Movie,1984,2018-11-16,TV-MA,118.0,0.0,Sci-Fi,Canada,French,8.4,4.8,0,1919203,89.9,630527,41,1980,0,1.5-2.5 hours,0.6474812416734146
535,536,Title 536,TV Show,1990,2016-12-14,R,161.0,5.0,Comedy,France,German,7.2,4.7,1,2611989,21.5,666523,35,1990,0,> 2.5 hours,0.47779942744842546
536,537,Title 537,TV Show,2000,2022-12-15,PG-13,0.0,1.0,Mystery,Canada,Korean,5.4,4.7,1,278999,24.7,1110544,25,2000,0,N/A,0.140649965087404
537,538,Title 538,Movie,2014,2016-10-01,TV-14,118.0,0.0,Horror,United States,English,8.5,4.1,1,3422877,30.1,1533269,11,2010,0,1.5-2.5 hours,0.6338329619406453
538,539,Title 539,Movie,1991,2018-04-08,TV-Y,118.0,0.0,Thriller,Japan,Spanish,4.3,4.3,0,3633108,29.2,1640592,34,1990,1,1.5-2.5 hours,0.6617676986611712
539,540,Title 540,TV Show,2005,2018-12-24,TV-MA,0.0,5.0,Horror,United States,Korean,7.8,4.1,1,3701637,54.1,382359,20,2000,0,N/A,0.7716470769294616
540,541,Title 541,Movie,1998,2019-07-04,TV-PG,118.0,2.0,Horror,India,English,6.4,4.6,0,2932851,77.3,1634811,27,1990,1,1.5-2.5 hours,0.7491288598043645
541,542,Title 542,TV Show,2024,2023-08-18,R,136.0,5.0,Crime,Canada,English,8.0,4.1,0,3606341,92.1,104831,1,2020,0,1.5-2.5 hours,0.9093526376197534
542,543,Title 543,Movie,1986,2017-07-08,PG,118.0,7.0,Mystery,United States,Korean,9.1,3.2,0,2056127,51.3,371504,39,1980,1,1.5-2.5 hours,0.51361989815472
543,544,Title 544,TV Show,1986,2020-07-27,PG,0.0,5.0,Comedy,United States,Hindi,8.1,4.6,0,545746,71.6,1625555,39,1980,1,N/A,0.36826212512084405
544,545,Title 545,Movie,2005,2015-08-28,TV-MA,91.0,0.0,Sci-Fi,Spain,Korean,6.4,4.5,1,2909427,67.7,1856642,20,2000,0,1-1.5 hours,0.707215250141938
545,546,Title 546,TV Show,2019,2021-03-31,G,0.0,2.0,Comedy,Germany,French,4.8,4.6,0,1429605,49.5,1016769,6,2010,1,N/A,0.41244133971368424
546,547,Title 547,Movie,1984,2018-01-27,TV-Y,77.0,0.0,Crime,Spain,Japanese,8.4,3.4,1,491095,74.1,1598583,41,1980,1,1-1.5 hours,0.3700644525772446
547,548,Title 548,TV Show,2000,2015-02-01,TV-14,150.0,5.0,Romance,India,German,6.5,3.5,0,3431180,64.4,544149,25,2000,0,> 2.5 hours,0.7722784153656423
548,549,Title 549,TV Show,1993,2022-04-04,TV-PG,140.0,5.0,Comedy,Australia,French,4.4,3.6,1,2159309,77.0,489212,32,1990,1,1.5-2.5 hours,0.6318972407174119
549,550,Title 550,Movie,1983,2017-09-17,G,119.0,0.0,Horror,Australia,English,8.0,4.0,0,1483165,34.5,136907,42,1980,1,1.5-2.5 hours,0.36047536180724493
550,551,Title 551,Movie,2002,2016-07-13,PG,118.0,3.0,Action,Spain,English,5.6,3.3,1,3257942,47.0,1979854,23,2000,1,1.5-2.5 hours,0.6766926439047707
551,552,Title 552,TV Show,2021,2017-03-01,R,0.0,5.0,Adventure,United Kingdom,Spanish,4.3,3.8,1,284563,70.3,1060035,4,2020,0,N/A,0.32388456738256033
552,553,Title 553,Movie,1999,2017-06-11,R,118.0,5.0,Comedy,Canada,English,9.0,3.4,1,3471757,29.4,777874,26,1990,0,1.5-2.5 hours,0.6383649821037009
553,554,Title 554,TV Show,1994,2022-05-27,G,157.0,6.0,Adventure,Spain,Japanese,6.7,3.5,1,2255074,77.8,204382,31,1990,1,> 2.5 hours,0.6494620302205831
554,555,Title 555,Movie,2024,2018-09-18,R,118.0,0.0,Crime,South Korea,Spanish,5.5,4.4,0,3595962,30.0,1165013,1,2020,0,1.5-2.5 hours,0.6593957833384042
555,556,Title 556,TV Show,2008,2021-02-08,PG,0.0,5.0,Comedy,South Korea,English,7.9,4.7,0,791550,44.3,1320725,17,2000,1,N/A,0.2959328265152729
556,557,Title 557,TV Show,1987,2022-03-19,G,0.0,5.0,Comedy,France,English,8.9,3.0,1,1177703,37.8,138804,38,1980,1,N/A,0.32785593580382344
557,558,Title 558,TV Show,2020,2016-03-17,PG,77.0,5.0,Drama,India,Korean,4.0,4.1,0,2090271,24.6,1030594,5,2020,1,1-1.5 hours,0.41194151223915865
558,559,Title 559,TV Show,1998,2023-06-18,TV-PG,0.0,5.0,Horror,India,Korean,7.8,3.1,1,3982549,40.3,606762,27,1990,1,N/A,0.7585839928059802
559,560,Title 560,TV Show,2018,2017-01-01,TV-Y,0.0,5.0,Thriller,Spain,German,8.2,3.2,1,220731,88.4,1002873,7,2010,1,N/A,0.3867097410517879
560,561,Title 561,TV Show,2007,2023-06-06,TV-PG,0.0,1.0,Adventure,Japan,French,5.2,4.4,1,1639383,22.0,214776,18,2000,1,N/A,0.33390812624734717
561,562,Title 562,Movie,2006,2018-08-01,TV-PG,90.0,1.0,Romance,United States,Hindi,6.7,4.5,1,85224,21.3,280253,19,2000,1,1-1.5 hours,0.09798363515499667
562,563,Title 563,Movie,1983,2017-12-27,R,139.0,8.0,Drama,Germany,German,4.5,4.6,1,3148847,72.8,13829,42,1980,0,1.5-2.5 hours,0.7635283489029595
563,564,Title 564,Movie,1994,2023-03-27,TV-MA,118.0,0.0,Horror,United States,English,8.1,3.9,1,3515816,47.5,286292,31,1990,0,1.5-2.5 hours,0.7173738502780882
564,565,Title 565,TV Show,2014,2020-03-03,TV-Y7,70.0,5.0,Crime,United States,German,8.7,4.7,1,2432793,37.2,1049226,11,2010,1,1-1.5 hours,0.5137199535298722
565,566,Title 566,TV Show,2016,2019-12-22,R,107.0,8.0,Adventure,India,Korean,4.6,3.3,0,3089850,58.2,719862,9,2010,0,1.5-2.5 hours,0.6962787745666301
566,567,Title 567,TV Show,1980,2018-08-25,TV-MA,0.0,5.0,Sci-Fi,India,French,8.5,3.5,1,977272,40.0,1752224,45,1980,0,N/A,0.3065912031258086
567,568,Title 568,TV Show,1982,2020-12-11,PG,0.0,4.0,Crime,South Korea,English,8.2,3.3,0,3617289,49.4,1737190,43,1980,1,N/A,0.7401948421358159
568,569,Title 569,Movie,2003,2023-01-16,TV-Y7,145.0,0.0,Thriller,India,English,5.9,4.6,1,1219360,73.7,461176,22,2000,1,> 2.5 hours,0.4777045029873832
569,570,Title 570,Movie,2006,2020-01-21,R,60.0,1.0,Adventure,Spain,German,7.8,3.5,0,1089547,28.8,1067653,19,2000,0,1-1.5 hours,0.2786324994393735
570,571,Title 571,TV Show,2019,2021-07-26,TV-Y7,83.0,1.0,Crime,South Korea,French,4.0,3.3,0,3075773,92.0,1158950,6,2010,1,1-1.5 hours,0.8293672187598515
571,572,Title 572,Movie,2015,2019-10-21,TV-Y7,118.0,5.0,Drama,Canada,Japanese,9.1,4.2,1,2709714,23.2,967222,10,2010,1,1.5-2.5 hours,0.4992582177600989
572,573,Title 573,Movie,2013,2020-05-14,PG-13,95.0,0.0,Crime,United States,Spanish,7.0,3.2,0,3646296,80.5,1419184,12,2010,0,1-1.5 hours,0.8689459041012363
573,574,Title 574,TV Show,2008,2022-01-23,TV-Y,0.0,2.0,Thriller,Canada,Japanese,7.4,3.1,1,1173507,74.3,1625041,17,2000,1,N/A,0.47322653407296866
574,575,Title 575,Movie,2003,2017-02-01,PG-13,118.0,1.0,Thriller,United States,Hindi,7.7,3.2,1,3467785,41.2,26551,22,2000,0,1.5-2.5 hours,0.6849691804652464
575,576,Title 576,TV Show,2003,2020-07-27,TV-MA,0.0,4.0,Action,United States,French,7.1,3.0,1,3383563,28.9,636504,22,2000,0,N/A,0.6231358457235757
576,577,Title 577,Movie,2021,2017-06-07,TV-14,146.0,3.0,Comedy,France,German,8.7,4.4,0,2024865,83.9,1012126,4,2020,0,> 2.5 hours,0.6393305852591095
577,578,Title 578,TV Show,1983,2022-09-10,G,0.0,5.0,Sci-Fi,United States,Japanese,7.4,4.1,1,3666432,71.0,913722,42,1980,1,N/A,0.8339663124073591
578,579,Title 579,TV Show,1982,2021-07-01,TV-14,60.0,4.0,Sci-Fi,Japan,German,9.0,3.4,1,3040685,41.8,1325159,43,1980,0,1-1.5 hours,0.6233040042860117
579,580,Title 580,TV Show,2013,2015-01-24,G,162.0,5.0,Drama,Canada,Hindi,7.2,3.5,0,1317588,21.3,1406747,12,2010,1,> 2.5 hours,0.2828387435065446
580,581,Title 581,TV Show,2002,2020-09-06,TV-MA,0.0,5.0,Thriller,United States,English,4.9,4.6,1,1394957,90.4,1799461,23,2000,0,N/A,0.570844125421345
581,582,Title 582,Movie,2002,2021-01-22,TV-MA,118.0,0.0,Action,United Kingdom,English,9.0,4.0,1,2227139,50.3,871713,23,2000,0,1.5-2.5 hours,0.5352717686973639
582,583,Title 583,TV Show,2024,2023-02-12,PG,159.0,5.0,Horror,United Kingdom,Spanish,7.7,4.4,1,2329071,33.2,649425,1,2020,1,> 2.5 hours,0.48216161074442954
583,584,Title 584,TV Show,1984,2019-11-04,TV-Y,161.0,5.0,Action,United Kingdom,German,7.8,3.9,1,605252,88.4,178509,41,1980,1,> 2.5 hours,0.44438804966713663
584,585,Title 585,TV Show,2010,2017-05-14,TV-Y7,68.0,5.0,Romance,Spain,Hindi,9.4,3.5,0,2508906,46.9,269772,15,2010,1,1-1.5 hours,0.563936934926571
585,586,Title 586,Movie,2020,2023-09-26,PG-13,173.0,2.0,Crime,South Korea,German,4.4,4.9,1,3463204,54.7,718539,5,2020,0,> 2.5 hours,0.7382820285755786
586,587,Title 587,TV Show,1985,2018-09-18,PG-13,0.0,7.0,Comedy,Canada,Korean,6.4,4.1,1,1649127,72.4,1474910,40,1980,0,N/A,0.5369697302667582
587,588,Title 588,Movie,2016,2019-01-11,TV-MA,180.0,3.0,Action,United States,German,5.3,3.3,1,3955189,81.5,356601,9,2010,0,> 2.5 hours,0.9192799815199493
588,589,Title 589,TV Show,1989,2021-03-02,PG-13,0.0,3.0,Crime,Australia,German,7.5,3.8,1,3505426,27.5,1137590,36,1980,0,N/A,0.6358153459922015
589,590,Title 590,Movie,2019,2022-09-22,TV-MA,101.0,1.0,Comedy,South Korea,Korean,8.4,3.7,1,1774303,87.4,1287896,6,2010,0,1.5-2.5 hours,0.6157461819020003
590,591,Title 591,Movie,1986,2020-09-19,TV-Y7,118.0,0.0,Adventure,Australia,Korean,9.3,3.4,1,3863006,89.9,1814949,39,1980,1,1.5-2.5 hours,0.9390524934943572
591,592,Title 592,TV Show,2018,2016-11-02,TV-MA,164.0,5.0,Romance,Germany,Japanese,6.5,4.9,1,3410455,39.4,1906912,7,2010,0,> 2.5 hours,0.6691696568165562
592,593,Title 593,Movie,2017,2021-01-17,PG,97.0,0.0,Romance,Japan,Hindi,8.3,4.8,1,2987064,57.3,1405597,8,2010,1,1-1.5 hours,0.6772608321672885
593,594,Title 594,TV Show,2000,2019-04-01,TV-Y,0.0,5.0,Thriller,Germany,Japanese,9.0,3.4,1,2341203,84.3,613870,25,2000,1,N/A,0.6883814157488932
594,595,Title 595,TV Show,1999,2015-02-07,TV-PG,0.0,4.0,Romance,India,English,7.8,3.7,1,3346543,56.6,12664,26,1990,1,N/A,0.7283828304527837
595,596,Title 596,TV Show,1982,2021-12-17,R,0.0,5.0,Adventure,South Korea,Spanish,5.3,4.5,1,3663356,56.1,437773,43,1980,0,N/A,0.7739049111385057
596,597,Title 597,Movie,2001,2018-07-25,TV-Y,118.0,0.0,Thriller,Australia,Japanese,7.3,3.4,0,2219015,66.4,1636118,24,2000,1,1.5-2.5 hours,0.5984531653462047
597,598,Title 598,Movie,1983,2021-04-20,TV-Y,118.0,8.0,Mystery,France,Korean,9.3,4.2,0,1408074,77.6,1303294,42,1980,1,1.5-2.5 hours,0.5216116808321223
598,599,Title 599,TV Show,2007,2022-01-13,TV-14,0.0,8.0,Horror,United States,English,9.4,4.4,1,2305138,69.9,668594,18,2000,0,N/A,0.6253716508720399
599,600,Title 600,TV Show,1991,2022-06-10,G,0.0,7.0,Drama,Spain,Hindi,7.5,4.3,1,2631428,67.0,778801,34,1990,1,N/A,0.6627152854670351
600,601,Title 601,Movie,2017,2017-01-13,R,118.0,2.0,Crime,Canada,French,8.9,4.4,0,3235437,47.9,1104850,8,2010,0,1.5-2.5 hours,0.6769168846214326
601,602,Title 602,TV Show,2015,2020-12-03,TV-Y7,0.0,5.0,Horror,United States,German,5.1,4.4,1,2633910,67.3,976974,10,2010,1,N/A,0.6642875864908628
602,603,Title 603,TV Show,2020,2020-01-28,TV-PG,0.0,6.0,Horror,Canada,Hindi,5.4,4.9,0,2638976,27.7,28561,5,2020,1,N/A,0.5066474885805936
603,604,Title 604,TV Show,1984,2015-07-05,TV-PG,61.0,5.0,Sci-Fi,France,Hindi,9.2,3.7,1,117933,50.7,741244,41,1980,1,1-1.5 hours,0.2204899986474963
604,605,Title 605,Movie,1992,2022-03-23,TV-Y,118.0,7.0,Action,United States,Korean,4.7,4.8,1,568096,34.1,1187818,33,1990,1,1.5-2.5 hours,0.22161463434024445
605,606,Title 606,Movie,2002,2020-09-14,PG,158.0,0.0,Romance,Japan,Spanish,5.1,3.0,1,327842,60.3,1757449,23,2000,1,> 2.5 hours,0.2903764352351969
606,607,Title 607,Movie,2009,2017-01-18,G,118.0,1.0,Mystery,India,Japanese,6.3,3.6,0,3873539,39.7,1187406,16,2000,1,1.5-2.5 hours,0.7398324478392315
607,608,Title 608,TV Show,2016,2021-03-28,TV-MA,0.0,5.0,Action,United Kingdom,Korean,7.2,3.1,1,2116910,57.9,1057169,9,2010,0,N/A,0.5491373732277763
608,609,Title 609,TV Show,2004,2018-05-11,G,89.0,4.0,Drama,France,German,7.3,4.3,1,555296,78.3,1939459,21,2000,1,1-1.5 hours,0.3964946290602299
609,610,Title 610,TV Show,2006,2017-07-09,TV-14,0.0,1.0,Action,India,Korean,5.6,3.2,1,155463,52.5,905413,19,2000,0,N/A,0.23331951412866386
610,611,Title 611,Movie,1993,2021-05-19,G,174.0,0.0,Sci-Fi,United States,German,9.1,4.7,1,1766353,36.4,1857602,32,1990,1,> 2.5 hours,0.4105536786226162
611,612,Title 612,TV Show,2015,2020-12-13,TV-Y,171.0,5.0,Drama,Australia,Korean,9.0,4.3,1,1947892,36.7,40504,10,2010,1,> 2.5 hours,0.43898460350765967
612,613,Title 613,TV Show,2018,2019-11-12,TV-Y7,80.0,4.0,Adventure,India,French,6.2,3.1,1,2572607,88.0,1976980,7,2010,1,1-1.5 hours,0.7378921112033058
613,614,Title 614,TV Show,1995,2021-05-28,TV-Y,144.0,5.0,Adventure,Spain,Spanish,6.4,4.4,1,2476396,78.6,1445220,30,1990,1,> 2.5 hours,0.6858604215161592
614,615,Title 615,TV Show,2001,2019-02-20,TV-Y7,0.0,8.0,Thriller,India,French,7.9,4.7,0,1793517,22.7,1491982,24,2000,1,N/A,0.359828289827797
615,616,Title 616,Movie,2000,2023-05-31,PG-13,118.0,0.0,Action,Germany,English,7.6,4.3,1,936645,90.7,250966,25,2000,0,1.5-2.5 hours,0.503297136367125
616,617,Title 617,Movie,2000,2022-05-12,TV-Y7,117.0,0.0,Crime,Japan,Spanish,6.1,3.1,1,1584186,28.4,1843368,25,2000,1,1.5-2.5 hours,0.35122855347852205
617,618,Title 618,TV Show,1987,2017-05-13,G,0.0,5.0,Mystery,France,Japanese,6.3,4.7,1,3826789,69.0,43516,38,1980,1,N/A,0.8500199285548034
618,619,Title 619,Movie,1995,2015-08-12,G,165.0,6.0,Sci-Fi,United Kingdom,Korean,5.9,4.5,0,3162037,61.4,1244944,30,1990,1,> 2.5 hours,0.7199068543438494
619,620,Title 620,Movie,2010,2023-04-01,G,118.0,4.0,Drama,United States,Hindi,5.3,3.8,1,1771802,23.5,850456,15,2010,1,1.5-2.5 hours,0.3597710308703349
620,621,Title 621,TV Show,2021,2020-03-02,PG-13,80.0,1.0,Mystery,France,English,6.5,3.7,1,1810992,42.1,1783761,4,2020,0,1-1.5 hours,0.4400495470362543
621,622,Title 622,TV Show,1989,2018-09-30,TV-MA,0.0,3.0,Action,South Korea,Hindi,7.8,4.0,1,1119842,78.2,729810,36,1980,0,N/A,0.4807767619360953
622,623,Title 623,Movie,2011,2017-02-17,R,118.0,0.0,Crime,France,French,8.1,4.7,1,2367122,43.0,1950843,14,2010,0,1.5-2.5 hours,0.5270692764405102
623,624,Title 624,TV Show,2013,2015-09-10,G,0.0,5.0,Action,Spain,Japanese,8.3,3.5,0,2321061,56.0,253556,12,2010,1,N/A,0.5721601074402956
624,625,Title 625,Movie,1988,2018-05-27,TV-14,118.0,8.0,Romance,France,Spanish,6.1,3.2,0,818273,72.3,434057,37,1980,0,1.5-2.5 hours,0.41194128753854076
625,626,Title 626,TV Show,1996,2017-06-27,TV-PG,0.0,5.0,Romance,South Korea,Japanese,8.2,4.7,0,2815164,25.4,741499,29,1990,1,N/A,0.5238757612583435
626,627,Title 627,Movie,1990,2019-12-23,TV-PG,128.0,0.0,Sci-Fi,India,English,4.0,3.1,0,850221,82.4,1354515,35,1990,1,1.5-2.5 hours,0.457133500717127
627,628,Title 628,TV Show,2011,2022-10-10,R,125.0,1.0,Drama,Germany,French,6.6,4.8,0,3834640,23.1,743332,14,2010,0,1.5-2.5 hours,0.6675975817933499
628,629,Title 629,Movie,1989,2019-06-11,R,118.0,0.0,Drama,India,Korean,8.4,3.6,1,2553123,39.7,1495884,36,1980,0,1.5-2.5 hours,0.5417695031661337
629,630,Title 630,Movie,2001,2023-12-09,TV-MA,118.0,0.0,Horror,India,Hindi,7.5,4.0,1,1141184,77.2,135721,24,2000,0,1.5-2.5 hours,0.47997807073969456
630,631,Title 631,Movie,1996,2023-09-20,TV-14,158.0,0.0,Sci-Fi,South Korea,Korean,6.6,3.3,0,215764,88.4,895876,29,1990,0,> 2.5 hours,0.38596468900289477
631,632,Title 632,TV Show,1983,2015-03-30,TV-Y,0.0,7.0,Sci-Fi,Canada,German,7.5,4.8,1,2702107,77.0,648635,42,1980,1,N/A,0.7133171646222027
632,633,Title 633,Movie,2004,2019-12-18,TV-Y7,71.0,8.0,Crime,United Kingdom,Japanese,9.0,4.5,1,3001818,37.0,1050292,21,2000,1,1-1.5 hours,0.5982739382533302
633,634,Title 634,Movie,2000,2022-09-14,TV-Y7,118.0,4.0,Romance,South Korea,English,7.1,4.8,1,2650663,93.9,975453,25,2000,1,1.5-2.5 hours,0.7732005434014944
634,635,Title 635,TV Show,2016,2019-12-27,TV-Y,0.0,8.0,Drama,India,Hindi,8.4,4.4,1,3243657,51.0,116733,9,2010,1,N/A,0.6905498880121921
635,636,Title 636,TV Show,2017,2022-01-10,TV-PG,148.0,5.0,Action,France,Spanish,9.4,3.4,0,3582049,48.2,105369,8,2010,1,> 2.5 hours,0.730108827599276
636,637,Title 637,Movie,1980,2020-04-03,TV-Y,118.0,3.0,Sci-Fi,United Kingdom,Spanish,7.9,3.6,0,3647639,84.9,1866217,45,1980,1,1.5-2.5 hours,0.8867473546552254
637,638,Title 638,Movie,2004,2020-10-30,TV-14,118.0,0.0,Thriller,United States,Spanish,7.2,4.0,0,3960492,25.0,538841,21,2000,0,1.5-2.5 hours,0.6940754337074426
638,639,Title 639,TV Show,2015,2020-03-18,G,95.0,7.0,Comedy,Australia,French,4.2,4.2,1,1321991,61.7,1691892,10,2010,1,1-1.5 hours,0.4450991953227872
639,640,Title 640,TV Show,1996,2017-03-24,PG-13,159.0,6.0,Drama,United States,Spanish,6.1,4.9,1,2227941,92.4,565002,29,1990,0,> 2.5 hours,0.7037920690281898
640,641,Title 641,TV Show,2020,2021-03-18,G,0.0,5.0,Adventure,Spain,Hindi,7.1,3.8,0,2226823,27.5,156513,5,2020,1,N/A,0.44402436856701355
641,642,Title 642,TV Show,2003,2022-10-06,PG-13,148.0,5.0,Drama,India,Japanese,8.4,4.4,1,1846076,60.6,1633770,22,2000,0,> 2.5 hours,0.5193121615084442
642,643,Title 643,TV Show,1981,2023-08-13,TV-Y7,0.0,5.0,Thriller,France,Japanese,6.4,4.9,1,1943569,29.9,1606240,44,1980,1,N/A,0.4111361517244172
643,644,Title 644,Movie,2019,2022-09-02,R,118.0,7.0,Drama,Canada,Japanese,9.3,3.3,1,2081382,86.7,760281,6,2010,0,1.5-2.5 hours,0.6590081585724361
644,645,Title 645,TV Show,1994,2019-12-10,G,77.0,5.0,Thriller,Germany,French,5.5,4.7,0,1442911,64.1,1617242,31,1990,1,1-1.5 hours,0.4728372452024243
645,646,Title 646,Movie,2011,2016-11-11,TV-Y,179.0,0.0,Comedy,Germany,German,8.1,3.8,0,1214587,37.6,1020734,14,2010,1,> 2.5 hours,0.33258855101851525
646,647,Title 647,Movie,2018,2021-07-05,TV-14,118.0,6.0,Horror,United Kingdom,Spanish,6.3,4.5,0,418199,43.0,637031,7,2010,0,1.5-2.5 hours,0.23473002250756192
647,648,Title 648,Movie,1985,2019-08-27,TV-14,118.0,0.0,Crime,Canada,Japanese,6.7,3.6,0,2116627,58.7,810082,40,1980,0,1.5-2.5 hours,0.5522949231110386
648,649,Title 649,TV Show,1980,2015-12-27,TV-PG,0.0,5.0,Comedy,Australia,Spanish,8.4,3.7,1,1637981,74.4,1449979,45,1980,1,N/A,0.5432978256690206
649,650,Title 650,Movie,2002,2022-11-12,TV-14,118.0,0.0,Mystery,United States,French,5.6,3.1,0,3280600,56.6,855263,23,2000,0,1.5-2.5 hours,0.7184913532512215
650,651,Title 651,Movie,2018,2023-06-12,TV-14,82.0,0.0,Horror,Australia,Spanish,4.5,4.9,1,2163866,34.2,14758,7,2010,0,1-1.5 hours,0.4613807925971797
651,652,Title 652,TV Show,1996,2018-10-16,R,103.0,5.0,Crime,Japan,German,6.9,4.6,0,481855,73.1,393351,29,1990,0,1.5-2.5 hours,0.3646784487657341
652,653,Title 653,Movie,2013,2021-04-18,TV-Y,118.0,0.0,Romance,United States,French,6.9,3.2,0,3117365,28.9,1938314,12,2010,1,1.5-2.5 hours,0.5832060359165988
653,654,Title 654,Movie,2020,2017-05-05,TV-Y7,118.0,7.0,Thriller,United States,French,8.4,5.0,1,454075,80.7,942811,5,2020,1,1.5-2.5 hours,0.3909114373064526
654,655,Title 655,TV Show,2008,2017-05-16,TV-14,0.0,5.0,Sci-Fi,United States,English,9.3,4.2,1,1305922,49.7,1419269,17,2000,0,N/A,0.39468883869430643
655,656,Title 656,Movie,1988,2018-04-25,TV-Y7,118.0,2.0,Mystery,France,French,4.3,4.7,1,1306847,69.0,150541,37,1980,1,1.5-2.5 hours,0.47202758907586995
656,657,Title 657,Movie,1992,2016-10-08,R,118.0,6.0,Comedy,South Korea,Spanish,7.3,3.1,1,3956956,45.9,221509,33,1990,0,1.5-2.5 hours,0.7771450322488387
657,658,Title 658,Movie,1985,2019-08-19,TV-14,78.0,8.0,Drama,France,French,7.7,3.8,1,2083443,70.2,475594,40,1980,0,1-1.5 hours,0.593317309422601
658,659,Title 659,TV Show,1985,2017-04-19,TV-PG,125.0,5.0,Comedy,Germany,Spanish,9.4,4.3,1,453243,86.7,737954,40,1980,1,1.5-2.5 hours,0.41478663696325163
659,660,Title 660,TV Show,1999,2022-10-17,G,87.0,2.0,Crime,France,Spanish,9.2,3.2,1,2637747,72.6,1986600,26,1990,1,1-1.5 hours,0.6860631380736297
660,661,Title 661,TV Show,1982,2015-06-22,PG,0.0,1.0,Mystery,Australia,Japanese,7.9,4.0,0,1354656,70.4,499538,43,1980,1,N/A,0.48479895879713675
661,662,Title 662,Movie,1996,2015-09-15,TV-MA,133.0,4.0,Action,France,French,6.9,3.9,0,1712733,76.8,714140,29,1990,0,1.5-2.5 hours,0.5641106565043055
662,663,Title 663,Movie,1991,2021-12-15,TV-14,134.0,0.0,Crime,South Korea,English,4.9,3.4,1,423596,57.5,732452,34,1990,0,1.5-2.5 hours,0.2935395747338305
663,664,Title 664,TV Show,2024,2020-08-15,TV-Y7,152.0,5.0,Horror,United Kingdom,Spanish,6.1,3.6,0,180041,36.5,1240357,1,2020,1,> 2.5 hours,0.17300622426711673
664,665,Title 665,Movie,1980,2021-10-09,TV-MA,144.0,6.0,Comedy,Canada,Japanese,7.2,4.9,0,581472,81.2,765886,45,1980,0,> 2.5 hours,0.41202103985785965
665,666,Title 666,Movie,1996,2018-08-11,PG-13,166.0,7.0,Comedy,United Kingdom,English,8.0,3.6,0,991760,68.6,1481678,29,1990,0,> 2.5 hours,0.423164409102125
666,667,Title 667,TV Show,1982,2022-08-03,TV-14,163.0,2.0,Mystery,Japan,English,7.5,3.4,1,2981923,43.5,1175596,43,1980,0,> 2.5 hours,0.6212896800466201
667,668,Title 668,TV Show,2005,2015-05-01,PG,154.0,4.0,Thriller,Germany,French,7.9,4.1,1,94896,40.7,870464,20,2000,1,> 2.5 hours,0.17703443914470768
668,669,Title 669,Movie,1994,2015-10-13,R,128.0,0.0,Mystery,Japan,Korean,6.4,4.3,1,68557,57.5,1430138,31,1990,0,1.5-2.5 hours,0.24028357827984026
669,670,Title 670,Movie,2015,2018-12-21,TV-PG,118.0,0.0,Sci-Fi,Japan,Japanese,8.0,4.5,1,3095173,35.5,494120,10,2010,1,1.5-2.5 hours,0.6062772267623736
670,671,Title 671,Movie,2011,2016-10-29,PG,118.0,0.0,Comedy,Canada,Korean,4.8,4.5,1,1462733,85.9,1181862,14,2010,1,1.5-2.5 hours,0.5630105533790218
671,672,Title 672,TV Show,2011,2021-10-17,TV-Y7,79.0,1.0,Thriller,Canada,Spanish,4.9,3.1,1,3392465,79.1,583434,14,2010,1,1-1.5 hours,0.8252711493956608
672,673,Title 673,TV Show,1983,2017-11-30,R,78.0,5.0,Thriller,South Korea,Hindi,4.9,3.8,1,262624,43.1,1906779,42,1980,0,1-1.5 hours,0.21179370833269792
673,674,Title 674,TV Show,1997,2020-09-10,G,0.0,1.0,Mystery,South Korea,Korean,8.9,4.5,1,1153615,23.7,659520,28,1990,1,N/A,0.26784272586749613
674,675,Title 675,TV Show,1998,2015-12-31,R,0.0,5.0,Romance,United Kingdom,Japanese,4.4,4.8,1,1558886,23.9,1347333,27,1990,0,N/A,0.32943354304224337
675,676,Title 676,Movie,2022,2017-02-07,TV-14,118.0,0.0,Crime,South Korea,French,8.4,4.2,1,3664933,42.3,1159846,3,2020,0,1.5-2.5 hours,0.7189414617890199
676,677,Title 677,TV Show,2014,2021-01-06,TV-MA,0.0,5.0,Horror,South Korea,Japanese,5.3,3.1,1,921552,31.1,1203732,11,2010,0,N/A,0.26263318014124537
677,678,Title 678,TV Show,2019,2018-12-04,TV-MA,137.0,3.0,Romance,Spain,French,6.6,3.8,1,3232220,85.5,1724844,6,2010,0,1.5-2.5 hours,0.8268343332944166
678,679,Title 679,TV Show,1993,2020-09-19,TV-Y7,0.0,4.0,Comedy,India,Korean,9.0,3.1,0,3772701,51.6,561684,32,1990,1,N/A,0.7723067062434422
679,680,Title 680,TV Show,2012,2017-11-13,R,151.0,4.0,Comedy,United Kingdom,Hindi,7.2,4.5,1,956185,46.1,1366326,13,2010,0,> 2.5 hours,0.32782814442739716
680,681,Title 681,TV Show,1993,2016-06-05,PG,0.0,5.0,Comedy,Canada,German,5.2,3.1,0,3582555,36.3,1037042,32,1990,1,N/A,0.6825847278080014
681,682,Title 682,Movie,2013,2016-05-31,TV-Y7,131.0,0.0,Adventure,United Kingdom,Spanish,5.6,3.4,0,2649992,83.1,341682,12,2010,1,1.5-2.5 hours,0.729899893124706
682,683,Title 683,Movie,1983,2021-06-10,TV-PG,118.0,0.0,Drama,Canada,Japanese,9.1,3.8,1,3200421,79.4,797792,42,1980,1,1.5-2.5 hours,0.797664470177293
683,684,Title 684,TV Show,2003,2022-11-23,TV-Y7,163.0,5.0,Action,France,German,6.3,3.9,1,3768417,48.8,215853,22,2000,1,> 2.5 hours,0.7604641044762873
684,685,Title 685,Movie,2008,2022-10-12,TV-Y7,118.0,0.0,Adventure,India,German,7.2,3.8,0,206262,32.7,911559,17,2000,1,1.5-2.5 hours,0.16173938508330898
685,686,Title 686,TV Show,1998,2021-09-04,G,163.0,5.0,Action,Spain,English,6.5,3.9,0,1749154,91.4,1718289,27,1990,1,> 2.5 hours,0.6279738215280093
686,687,Title 687,TV Show,1985,2023-05-06,TV-14,122.0,3.0,Thriller,Spain,English,6.1,4.4,1,1262253,43.7,354846,40,1980,0,1.5-2.5 hours,0.3641384706807944
687,688,Title 688,Movie,2012,2017-08-14,G,79.0,2.0,Comedy,Australia,Spanish,5.2,3.7,1,3872734,77.8,609830,13,2010,1,1-1.5 hours,0.8921116975071681
688,689,Title 689,Movie,2019,2019-02-14,TV-MA,77.0,4.0,Sci-Fi,Germany,Hindi,7.8,4.1,0,2323702,54.7,468985,6,2010,0,1-1.5 hours,0.5673562585297109
689,690,Title 690,TV Show,1998,2023-12-06,TV-MA,0.0,5.0,Horror,Canada,English,8.0,3.6,0,2436253,78.6,298793,27,1990,0,N/A,0.6798389549571262
690,691,Title 691,TV Show,1980,2022-10-21,PG-13,84.0,3.0,Mystery,Germany,Japanese,5.5,3.7,1,166552,56.1,917786,45,1980,0,1-1.5 hours,0.24938286870288898
691,692,Title 692,TV Show,1984,2015-05-31,PG-13,91.0,3.0,Horror,France,Japanese,8.3,4.2,1,2622228,89.4,610447,41,1980,0,1-1.5 hours,0.7509352816720246
692,693,Title 693,Movie,2006,2017-11-12,PG,61.0,0.0,Sci-Fi,Spain,Korean,8.7,4.0,0,3123952,80.0,1205543,19,2000,1,1-1.5 hours,0.7885940886337437
693,694,Title 694,TV Show,1995,2021-08-16,TV-MA,127.0,5.0,Mystery,France,Japanese,9.1,4.4,0,2131455,39.5,1996952,30,1990,0,1.5-2.5 hours,0.4777191292276054
694,695,Title 695,TV Show,1985,2022-11-23,G,157.0,5.0,Thriller,Japan,Spanish,4.9,4.1,1,1318868,52.3,1640669,40,1980,1,> 2.5 hours,0.4070307440345461
695,696,Title 696,TV Show,2019,2015-05-19,TV-PG,131.0,5.0,Sci-Fi,India,French,5.7,4.6,0,1471143,27.5,912871,6,2010,1,1.5-2.5 hours,0.33067205684815637
696,697,Title 697,Movie,1992,2018-10-28,PG-13,70.0,1.0,Comedy,Australia,German,8.7,3.9,0,2317399,87.8,1092182,33,1990,0,1-1.5 hours,0.6988108059297163
697,698,Title 698,TV Show,2014,2015-08-28,R,0.0,4.0,Sci-Fi,France,Japanese,5.1,4.0,1,2184162,25.2,1962905,11,2010,0,N/A,0.42842520096930264
698,699,Title 699,TV Show,1998,2022-03-14,PG-13,0.0,5.0,Comedy,Australia,Spanish,4.0,4.3,1,3174659,21.4,1913328,27,1990,0,N/A,0.5618001595504387
699,700,Title 700,Movie,1991,2018-09-07,TV-MA,140.0,5.0,Sci-Fi,India,French,8.8,3.4,0,1370971,57.2,861808,34,1990,0,1.5-2.5 hours,0.4344462155270927
700,701,Title 701,TV Show,1995,2020-04-03,TV-Y7,0.0,2.0,Sci-Fi,United Kingdom,French,5.8,3.8,1,1120919,65.2,202621,30,1990,1,N/A,0.42893831238035907
701,702,Title 702,TV Show,2022,2016-06-16,TV-14,72.0,5.0,Romance,France,English,6.3,4.2,0,1972951,36.7,1932522,3,2020,0,1-1.5 hours,0.44274346384452556
702,703,Title 703,Movie,1989,2015-12-03,TV-MA,118.0,0.0,Horror,South Korea,French,6.5,3.1,1,3267462,62.8,666711,36,1980,0,1.5-2.5 hours,0.7413206478317815
703,704,Title 704,TV Show,2004,2016-06-16,TV-Y7,94.0,6.0,Action,United States,Hindi,8.7,3.9,0,3292213,87.2,1124317,21,2000,1,1-1.5 hours,0.8426333080415971
704,705,Title 705,Movie,1999,2022-10-28,TV-PG,118.0,0.0,Adventure,Spain,French,5.9,4.2,1,688931,67.0,661473,26,1990,1,1.5-2.5 hours,0.37133993418481903
705,706,Title 706,Movie,2010,2016-08-17,TV-PG,118.0,0.0,Romance,Spain,French,8.9,4.9,1,3110857,54.2,1992648,15,2010,1,1.5-2.5 hours,0.6834298332320414
706,707,Title 707,TV Show,1983,2021-08-24,R,82.0,6.0,Action,Spain,German,7.4,4.8,1,2109100,30.8,360809,42,1980,0,1-1.5 hours,0.43956587000614245
707,708,Title 708,TV Show,2023,2021-04-21,TV-Y,179.0,5.0,Romance,United Kingdom,Hindi,6.9,3.6,1,2633784,32.7,82438,2,2020,1,> 2.5 hours,0.5258686864388877
708,709,Title 709,TV Show,2002,2021-08-21,G,68.0,5.0,Drama,United States,Spanish,5.8,4.0,0,3140593,56.3,1883278,23,2000,1,1-1.5 hours,0.6962902454981751
709,710,Title 710,TV Show,1981,2021-07-22,TV-14,99.0,4.0,Mystery,India,Hindi,5.3,3.1,1,1395105,54.7,512504,44,1980,0,1-1.5 hours,0.4280663254823951
710,711,Title 711,Movie,2001,2017-07-20,TV-MA,65.0,0.0,Comedy,United Kingdom,Hindi,7.4,3.5,0,3234576,59.2,858762,24,2000,0,1-1.5 hours,0.7219877342662693
711,712,Title 712,TV Show,2016,2021-02-25,TV-MA,91.0,8.0,Adventure,Spain,Spanish,6.5,4.5,1,3568410,58.1,219294,9,2010,0,1-1.5 hours,0.7676629719731729
712,713,Title 713,Movie,1987,2021-03-02,TV-Y,176.0,2.0,Romance,Spain,German,9.0,3.2,1,3832190,45.6,524592,38,1980,1,> 2.5 hours,0.7572300807827221
713,714,Title 714,TV Show,1986,2018-02-01,R,174.0,1.0,Romance,Germany,Japanese,6.7,3.5,1,969403,72.2,1434266,39,1980,0,> 2.5 hours,0.43421084987983716
714,715,Title 715,TV Show,1993,2018-03-04,PG,63.0,5.0,Thriller,Australia,French,6.8,4.9,1,2883186,35.9,589218,32,1990,1,1-1.5 hours,0.5760790893174956
715,716,Title 716,TV Show,1982,2020-01-15,PG-13,0.0,6.0,Sci-Fi,Australia,Hindi,6.3,4.6,1,3296066,83.9,1782201,43,1980,0,N/A,0.830011259630964
716,717,Title 717,Movie,1995,2015-05-22,R,118.0,7.0,Drama,Germany,Hindi,8.3,4.6,1,2912579,34.6,727777,30,1990,0,1.5-2.5 hours,0.5752880514421415
717,718,Title 718,TV Show,1998,2019-08-16,TV-Y7,165.0,3.0,Adventure,Japan,Japanese,6.3,4.7,1,850415,51.2,984549,27,1990,1,> 2.5 hours,0.3323626007971522
718,719,Title 719,TV Show,1997,2019-09-03,R,0.0,2.0,Adventure,Germany,Spanish,5.5,4.5,1,1121282,35.8,1009737,28,1990,0,N/A,0.31139276253009696
719,720,Title 720,TV Show,1995,2018-08-20,TV-Y,134.0,2.0,Mystery,Australia,Korean,8.7,3.2,1,286905,66.4,1558515,30,1990,1,1.5-2.5 hours,0.308635868348638
720,721,Title 721,TV Show,1987,2020-10-27,TV-Y,0.0,5.0,Adventure,Spain,Japanese,7.3,4.0,1,1826847,55.8,1301409,38,1980,1,N/A,0.4972278035764598
721,722,Title 722,Movie,2012,2018-07-23,G,118.0,5.0,Crime,South Korea,Hindi,7.3,3.9,0,3216085,48.1,1798949,13,2010,1,1.5-2.5 hours,0.6748140766387107
722,723,Title 723,TV Show,1991,2020-02-10,TV-14,107.0,6.0,Adventure,Australia,English,7.4,3.6,0,2176375,55.6,1729896,34,1990,0,1.5-2.5 hours,0.5488571477571563
723,724,Title 724,Movie,1990,2015-03-06,TV-PG,118.0,3.0,Romance,United States,French,8.0,4.7,1,1148453,51.6,946627,35,1990,1,1.5-2.5 hours,0.37866842373816534
724,725,Title 725,Movie,1984,2018-12-10,TV-Y,118.0,5.0,Crime,South Korea,French,5.7,3.9,0,807167,84.1,925755,41,1980,1,1.5-2.5 hours,0.45747538295730317
725,726,Title 726,Movie,2006,2018-03-18,G,118.0,0.0,Action,United Kingdom,Japanese,4.2,3.1,1,94487,29.3,1551022,19,2000,1,1.5-2.5 hours,0.13137308897599467
726,727,Title 727,Movie,1991,2017-12-12,PG-13,118.0,0.0,Sci-Fi,Australia,German,8.5,3.5,1,1999175,79.5,1061912,34,1990,0,1.5-2.5 hours,0.6178770746619553
727,728,Title 728,Movie,1996,2021-04-14,TV-PG,118.0,0.0,Crime,India,Japanese,4.7,3.5,1,1761967,69.1,963393,29,1990,1,1.5-2.5 hours,0.5406957768133862
728,729,Title 729,Movie,1985,2023-10-04,PG,118.0,0.0,Action,France,Hindi,8.0,4.8,0,731113,46.1,590325,40,1980,1,1.5-2.5 hours,0.29406725158494185
729,730,Title 730,TV Show,2012,2023-06-21,TV-MA,0.0,2.0,Drama,France,Spanish,4.5,4.3,0,2224289,88.9,1098886,13,2010,0,N/A,0.6892442675217356
730,731,Title 731,Movie,1984,2022-03-01,PG-13,96.0,0.0,Horror,United States,English,6.1,4.1,0,2362484,33.3,1085260,41,1980,0,1-1.5 hours,0.4875735745273299
731,732,Title 732,Movie,2007,2015-03-14,PG,118.0,5.0,Comedy,Canada,Japanese,4.3,4.0,0,2419971,43.3,1729314,18,2000,1,1.5-2.5 hours,0.5361966482407827
732,733,Title 733,Movie,1993,2020-11-06,TV-PG,118.0,0.0,Romance,France,Spanish,6.9,4.3,1,3628251,48.1,929859,32,1990,1,1.5-2.5 hours,0.7366391466576533
733,734,Title 734,TV Show,1984,2015-02-14,PG-13,0.0,4.0,Crime,United States,Japanese,7.6,4.5,0,1668085,68.6,597574,41,1980,0,N/A,0.5246134380869547
734,735,Title 735,TV Show,2012,2023-07-23,G,0.0,3.0,Horror,Canada,Hindi,4.9,4.1,0,3706673,91.0,1247528,13,2010,1,N/A,0.9200024790068173
735,736,Title 736,Movie,2020,2015-09-22,PG,118.0,0.0,Sci-Fi,United Kingdom,English,6.0,4.9,0,3092755,64.5,1999838,5,2020,1,1.5-2.5 hours,0.7219145257649459
736,737,Title 737,TV Show,1998,2020-01-05,TV-MA,0.0,2.0,Thriller,Canada,German,9.1,5.0,1,3421791,84.2,484436,27,1990,0,N/A,0.8500700614926691
737,738,Title 738,Movie,2001,2022-09-10,G,118.0,2.0,Drama,India,German,6.4,5.0,1,2236172,87.9,194394,24,2000,1,1.5-2.5 hours,0.6870267224234867
738,739,Title 739,Movie,1984,2020-04-08,TV-Y7,173.0,7.0,Comedy,Australia,Japanese,8.4,4.3,0,362855,55.0,1293724,41,1980,1,> 2.5 hours,0.2744283996780991
739,740,Title 740,TV Show,1981,2018-08-10,TV-MA,108.0,5.0,Sci-Fi,France,German,9.1,4.9,1,754461,55.4,462001,44,1980,0,1.5-2.5 hours,0.33476946121601836
740,741,Title 741,Movie,2009,2021-06-04,TV-14,172.0,0.0,Drama,Spain,Korean,9.4,3.8,1,2032864,38.7,1946711,16,2000,0,> 2.5 hours,0.459730438558706
741,742,Title 742,TV Show,2018,2017-03-14,R,145.0,3.0,Thriller,Germany,Spanish,8.9,4.7,0,1921986,65.1,236906,7,2010,0,> 2.5 hours,0.5486986928214053
742,743,Title 743,TV Show,1983,2017-01-02,TV-14,0.0,5.0,Action,Australia,Hindi,5.7,4.8,1,2962606,29.0,1823578,42,1980,0,N/A,0.5603921220783357
743,744,Title 744,Movie,2012,2021-05-09,TV-Y,142.0,8.0,Thriller,United Kingdom,English,9.3,4.8,1,2756691,67.6,1834319,13,2010,1,> 2.5 hours,0.6839047871381646
744,745,Title 745,Movie,1992,2016-07-30,TV-Y7,81.0,0.0,Crime,United Kingdom,Japanese,8.5,4.7,0,3944065,87.0,278881,33,1990,1,1-1.5 hours,0.9396113769312866
745,746,Title 746,TV Show,1999,2015-08-19,TV-Y7,0.0,5.0,Comedy,United States,Japanese,8.6,3.8,1,3495611,77.1,214537,26,1990,1,N/A,0.8327430919435028
746,747,Title 747,Movie,1986,2019-05-14,R,118.0,5.0,Adventure,Japan,French,4.1,3.3,0,3016753,68.7,1959321,39,1980,0,1.5-2.5 hours,0.7273141944140347
747,748,Title 748,Movie,1994,2016-02-26,PG,118.0,0.0,Mystery,Canada,French,9.2,3.7,1,2139573,82.9,1255792,31,1990,1,1.5-2.5 hours,0.6525368325762897
748,749,Title 749,Movie,2002,2018-11-21,R,118.0,0.0,Romance,Canada,Spanish,8.3,4.5,1,1868085,74.7,485747,23,2000,0,1.5-2.5 hours,0.5790135205871816
749,750,Title 750,TV Show,1993,2018-05-23,TV-Y,0.0,3.0,Romance,United States,Hindi,8.2,3.5,1,54226,59.7,109324,32,1990,1,N/A,0.2469339223682865
750,751,Title 751,TV Show,2002,2019-01-03,TV-14,140.0,3.0,Action,Germany,Korean,4.4,4.0,1,2563159,59.1,186912,23,2000,0,1.5-2.5 hours,0.6208749073059951
751,752,Title 752,Movie,1998,2015-02-13,TV-Y7,66.0,1.0,Sci-Fi,Spain,Hindi,5.3,4.1,0,792923,28.0,272384,27,1990,1,1-1.5 hours,0.230938777081637
752,753,Title 753,TV Show,2008,2018-12-02,TV-14,108.0,5.0,Comedy,United Kingdom,Spanish,9.3,4.2,0,1985266,52.6,1453844,17,2000,0,1.5-2.5 hours,0.508190718924477
753,754,Title 754,TV Show,1999,2021-09-28,TV-MA,179.0,5.0,Adventure,Australia,Hindi,6.8,4.9,1,2498193,59.2,539622,26,1990,0,> 2.5 hours,0.6115299805074464
754,755,Title 755,TV Show,2008,2022-10-06,PG-13,76.0,2.0,Action,Germany,French,6.2,4.3,0,3978244,55.2,634194,17,2000,0,1-1.5 hours,0.8175382410301628
755,756,Title 756,TV Show,2003,2017-04-22,TV-Y,158.0,2.0,Mystery,Spain,French,8.6,4.6,0,3564716,78.2,729334,22,2000,1,> 2.5 hours,0.8475088704493938
756,757,Title 757,TV Show,1997,2016-08-01,PG-13,126.0,7.0,Crime,Japan,English,4.5,4.2,1,762864,32.1,217204,28,1990,0,1.5-2.5 hours,0.2428299146822654
757,758,Title 758,Movie,1989,2020-12-12,TV-Y,70.0,3.0,Crime,Australia,Korean,6.3,4.7,0,2712513,79.6,1210521,36,1980,1,1-1.5 hours,0.7252780689146895
758,759,Title 759,Movie,2020,2015-08-13,TV-PG,90.0,0.0,Adventure,United States,French,6.1,3.5,0,3988321,75.6,1287082,5,2020,1,1-1.5 hours,0.9006497951869368
759,760,Title 760,Movie,1987,2015-06-08,TV-MA,105.0,6.0,Adventure,Australia,English,5.9,3.4,0,2138039,87.6,272071,38,1980,0,1.5-2.5 hours,0.6711067319435128
760,761,Title 761,TV Show,2005,2017-03-12,PG,0.0,5.0,Adventure,India,Korean,5.7,4.9,0,409609,48.0,68758,20,2000,1,N/A,0.25344151896417716
761,762,Title 762,TV Show,2008,2019-05-10,TV-Y,0.0,5.0,Thriller,Japan,French,5.2,4.4,1,2971813,33.2,911488,17,2000,1,N/A,0.5785731758762337
762,763,Title 763,Movie,1989,2023-02-19,PG-13,118.0,6.0,Romance,United States,Korean,5.0,4.3,0,2615581,76.9,1929004,36,1980,0,1.5-2.5 hours,0.6999382289301296
763,764,Title 764,TV Show,1996,2018-04-23,TV-Y,64.0,5.0,Horror,United States,Hindi,7.5,3.9,1,2148780,64.1,351808,29,1990,1,1-1.5 hours,0.5787178863741875
764,765,Title 765,Movie,1981,2015-09-12,PG,120.0,0.0,Comedy,United States,English,9.1,3.8,0,1958524,73.4,1150134,44,1980,1,1.5-2.5 hours,0.5873794078933717
765,766,Title 766,Movie,1985,2020-09-02,TV-Y,87.0,2.0,Horror,France,Korean,6.8,4.1,1,3560414,94.8,901845,40,1980,1,1-1.5 hours,0.9132635686748138
766,767,Title 767,Movie,1984,2015-02-08,G,171.0,7.0,Thriller,Germany,Japanese,5.6,3.2,1,1931900,34.6,1378072,41,1980,1,> 2.5 hours,0.4281857969109415
767,768,Title 768,TV Show,2007,2021-02-04,TV-Y,138.0,7.0,Sci-Fi,Spain,Korean,4.9,3.9,0,3194643,50.8,1352663,18,2000,1,1.5-2.5 hours,0.6823977677938614
768,769,Title 769,TV Show,2020,2018-09-23,TV-PG,0.0,5.0,Crime,Canada,Hindi,8.6,3.9,1,651699,34.5,1782988,5,2020,1,N/A,0.23575511882657674
769,770,Title 770,Movie,1984,2015-07-24,TV-PG,118.0,7.0,Romance,United Kingdom,French,9.3,4.1,1,335124,84.5,1947741,41,1980,1,1.5-2.5 hours,0.3882687382390302
770,771,Title 771,Movie,1997,2022-06-24,TV-Y7,167.0,4.0,Adventure,United Kingdom,French,5.9,4.3,0,3361563,21.3,195269,28,1990,1,> 2.5 hours,0.5894358366485508
771,772,Title 772,Movie,2005,2023-03-15,TV-PG,118.0,2.0,Mystery,India,Japanese,5.6,4.9,1,2550669,30.1,1462261,20,2000,1,1.5-2.5 hours,0.5030014021538559
772,773,Title 773,Movie,1999,2022-08-21,TV-Y,118.0,3.0,Mystery,India,Spanish,7.3,4.3,0,771491,38.6,1181848,26,1990,1,1.5-2.5 hours,0.27012396824091267
773,774,Title 774,TV Show,2020,2020-01-31,TV-Y,174.0,1.0,Mystery,India,Spanish,8.3,4.8,0,2623227,77.8,93771,5,2020,1,> 2.5 hours,0.7046851320841132
774,775,Title 775,TV Show,2006,2023-08-15,G,102.0,5.0,Comedy,South Korea,French,6.5,4.1,1,3508323,67.1,1899587,19,2000,1,1.5-2.5 hours,0.7946498971872172
775,776,Title 776,Movie,1991,2015-02-06,TV-PG,118.0,7.0,Adventure,India,Japanese,7.5,4.3,0,1487350,49.1,157320,34,1990,1,1.5-2.5 hours,0.41950311353356223
776,777,Title 777,Movie,1986,2018-08-21,TV-14,75.0,0.0,Romance,United Kingdom,German,7.9,3.1,1,3479670,31.9,566362,39,1980,0,1-1.5 hours,0.6495519353678223
777,778,Title 778,TV Show,1982,2015-05-10,TV-Y,0.0,8.0,Crime,Japan,German,9.3,3.3,1,1812432,44.1,1100314,43,1980,1,N/A,0.44826554763025594
778,779,Title 779,TV Show,1989,2015-10-21,TV-MA,146.0,3.0,Horror,Spain,Japanese,4.9,4.2,1,1553595,75.8,658866,36,1980,0,> 2.5 hours,0.5362398908596999
779,780,Title 780,Movie,2013,2021-08-05,TV-MA,118.0,0.0,Adventure,India,Korean,9.5,3.8,1,2914194,48.6,1533274,12,2010,0,1.5-2.5 hours,0.6315303021083307
780,781,Title 781,Movie,2004,2022-02-20,PG-13,118.0,0.0,Adventure,Japan,French,6.2,4.6,1,3943294,54.7,648755,21,2000,0,1.5-2.5 hours,0.8102957266132482
781,782,Title 782,Movie,2014,2019-07-25,G,125.0,5.0,Thriller,South Korea,Spanish,8.0,4.1,1,675608,65.6,1348550,11,2010,1,1.5-2.5 hours,0.36374147868906637
782,783,Title 783,TV Show,1995,2023-04-29,PG,65.0,5.0,Sci-Fi,South Korea,Korean,7.1,4.8,0,2156741,88.5,276626,30,1990,1,1-1.5 hours,0.6775120396581091
783,784,Title 784,TV Show,1981,2018-09-27,TV-14,0.0,6.0,Mystery,Canada,English,6.7,4.9,1,2903685,38.8,409468,44,1980,0,N/A,0.5907539477733563
784,785,Title 785,TV Show,2003,2023-12-08,TV-Y,85.0,5.0,Action,France,Japanese,7.8,3.3,1,3044835,53.6,1409122,22,2000,1,1-1.5 hours,0.6711265059978915
785,786,Title 786,Movie,1989,2017-05-14,R,147.0,4.0,Romance,France,Japanese,6.2,3.8,1,1965641,43.3,144343,36,1980,0,> 2.5 hours,0.4680469608291423
786,787,Title 787,Movie,2017,2020-04-20,R,177.0,0.0,Thriller,Australia,Spanish,4.7,4.3,1,681944,55.0,693188,8,2010,0,> 2.5 hours,0.3222918813026736
787,788,Title 788,TV Show,2001,2017-02-22,PG,129.0,5.0,Sci-Fi,France,Spanish,6.7,3.6,1,1408942,72.2,464171,24,2000,1,1.5-2.5 hours,0.5001418811901732
788,789,Title 789,TV Show,2005,2022-01-29,TV-Y7,0.0,7.0,Sci-Fi,Australia,Spanish,6.9,3.5,1,1104957,56.2,1986884,20,2000,1,N/A,0.39054400579601595
789,790,Title 790,Movie,2022,2020-05-05,R,118.0,1.0,Drama,Germany,Japanese,5.1,4.6,1,2238059,82.6,171527,3,2020,0,1.5-2.5 hours,0.6661097732018764
790,791,Title 791,TV Show,2018,2021-10-19,PG,0.0,5.0,Mystery,France,German,9.1,5.0,1,2392719,61.5,1232453,7,2010,1,N/A,0.6049088369993018
791,792,Title 792,TV Show,2006,2020-10-27,R,0.0,5.0,Drama,South Korea,Hindi,5.3,4.5,0,1594226,48.9,1324228,19,2000,0,N/A,0.43473455762003343
792,793,Title 793,Movie,2008,2020-04-24,G,118.0,8.0,Thriller,Canada,Hindi,6.3,4.0,1,2990199,78.7,1360464,17,2000,1,1.5-2.5 hours,0.7633310834604795
793,794,Title 794,TV Show,2017,2017-02-18,PG-13,0.0,6.0,Sci-Fi,Japan,Japanese,4.9,3.9,0,1784524,52.3,1603140,8,2010,0,N/A,0.47687933611817435
794,795,Title 795,Movie,1999,2018-11-30,TV-Y7,118.0,0.0,Action,India,German,6.9,4.1,1,1167029,58.7,963383,26,1990,1,1.5-2.5 hours,0.4098548314007864
795,796,Title 796,Movie,2006,2018-11-26,G,118.0,0.0,Romance,France,French,5.7,3.9,0,1125691,94.6,30701,19,2000,1,1.5-2.5 hours,0.5472541143488144
796,797,Title 797,Movie,2020,2019-03-02,PG,118.0,0.0,Drama,Australia,French,6.7,4.0,0,3462225,79.0,254008,5,2020,1,1.5-2.5 hours,0.83533517817174
797,798,Title 798,Movie,1999,2017-03-06,TV-14,144.0,3.0,Sci-Fi,Japan,Japanese,5.2,3.4,0,1699026,84.1,1172917,26,1990,0,> 2.5 hours,0.5912546008501524
798,799,Title 799,Movie,2023,2018-09-29,TV-PG,123.0,0.0,Romance,United States,Japanese,4.3,4.8,0,382045,64.5,1371738,2,2020,1,1.5-2.5 hours,0.3153069075939959
799,800,Title 800,Movie,1998,2018-05-22,TV-14,118.0,0.0,Mystery,United Kingdom,German,8.3,4.5,1,1387296,46.1,101164,27,1990,0,1.5-2.5 hours,0.3924949722611737
800,801,Title 801,Movie,1999,2017-11-09,TV-MA,160.0,5.0,Horror,France,German,7.5,4.4,0,163506,94.3,1551022,26,1990,0,> 2.5 hours,0.4017259674464105
801,802,Title 802,TV Show,2014,2022-09-05,TV-PG,0.0,5.0,Romance,United Kingdom,French,5.9,4.9,1,1095827,38.3,1373644,11,2010,1,N/A,0.3175745020298806
802,803,Title 803,Movie,1981,2016-10-07,PG,96.0,0.0,Sci-Fi,France,Hindi,4.3,3.6,1,2494334,85.5,561906,44,1980,1,1-1.5 hours,0.7161511289156045
803,804,Title 804,Movie,2009,2021-11-24,TV-MA,91.0,8.0,Thriller,United States,Korean,8.8,3.2,0,3087789,88.3,1434348,16,2000,0,1-1.5 hours,0.8163696237164653
804,805,Title 805,TV Show,2013,2022-07-08,R,157.0,3.0,Drama,India,German,4.9,4.7,1,2452997,81.3,1712372,12,2010,0,> 2.5 hours,0.6931505618640451
805,806,Title 806,TV Show,2001,2022-09-22,R,0.0,3.0,Drama,Germany,Korean,9.1,5.0,1,517897,28.6,1775505,24,2000,0,N/A,0.1920847636331
806,807,Title 807,TV Show,1982,2022-11-26,TV-PG,0.0,5.0,Crime,Spain,Korean,6.6,4.2,1,3287565,84.1,405311,43,1980,1,N/A,0.8295361061242918
807,808,Title 808,Movie,1985,2021-12-07,TV-Y,118.0,0.0,Sci-Fi,Japan,English,5.9,3.1,1,3320118,69.8,1103376,40,1980,1,1.5-2.5 hours,0.7772190695524412
808,809,Title 809,TV Show,1994,2018-09-12,TV-14,157.0,8.0,Crime,Japan,Hindi,8.1,4.6,0,1010050,71.1,870986,31,1990,0,> 2.5 hours,0.43590791664677075
809,810,Title 810,Movie,2006,2021-01-20,TV-MA,118.0,3.0,Action,India,Japanese,8.8,3.1,1,3279389,79.0,201903,19,2000,0,1.5-2.5 hours,0.8079097027516826
810,811,Title 811,Movie,1989,2018-11-24,TV-14,118.0,0.0,Action,Canada,Korean,6.0,4.1,0,1540735,56.8,1096039,36,1980,0,1.5-2.5 hours,0.45831088555493527
811,812,Title 812,Movie,1988,2020-04-30,TV-PG,65.0,0.0,Sci-Fi,South Korea,Japanese,6.2,3.6,1,3656938,40.0,819530,37,1980,1,1-1.5 hours,0.7085422084910734
812,813,Title 813,Movie,2012,2019-09-27,G,118.0,2.0,Drama,France,Japanese,6.4,4.8,1,601756,63.1,510168,13,2010,1,1.5-2.5 hours,0.34266364822503265
813,814,Title 814,TV Show,2011,2019-07-01,R,0.0,5.0,Mystery,Spain,Hindi,9.1,3.9,0,2534150,28.2,346944,14,2010,0,N/A,0.4929235453397497
814,815,Title 815,TV Show,1985,2015-10-21,TV-MA,0.0,5.0,Comedy,Canada,Hindi,7.8,4.8,1,3914700,70.6,913895,40,1980,0,N/A,0.8696066148181907
815,816,Title 816,Movie,2020,2016-02-13,TV-MA,118.0,0.0,Action,Spain,English,5.4,3.6,0,3496995,56.2,975707,5,2020,0,1.5-2.5 hours,0.7493506925144043
816,817,Title 817,Movie,2015,2017-03-23,PG,131.0,0.0,Drama,South Korea,Japanese,5.0,3.8,0,2664640,57.7,1893681,10,2010,1,1.5-2.5 hours,0.6304970991670228
817,818,Title 818,Movie,1981,2018-11-28,TV-MA,85.0,2.0,Adventure,United Kingdom,French,5.3,4.9,1,2914048,33.9,670727,44,1980,0,1-1.5 hours,0.5727084020481056
818,819,Title 819,TV Show,2008,2020-02-16,TV-PG,0.0,5.0,Adventure,France,Hindi,5.4,3.4,1,646887,23.1,302669,17,2000,1,N/A,0.18943331684162132
819,820,Title 820,Movie,1983,2017-03-14,TV-MA,96.0,6.0,Crime,South Korea,Korean,5.3,4.2,1,3952729,65.8,1114161,42,1980,0,1-1.5 hours,0.8561109805051964
820,821,Title 821,Movie,1980,2023-05-18,TV-MA,118.0,7.0,Romance,Japan,French,7.6,3.8,0,3447766,69.4,1079590,45,1980,0,1.5-2.5 hours,0.794766322207386
821,822,Title 822,TV Show,1998,2019-04-23,TV-14,0.0,5.0,Mystery,Japan,French,4.6,4.5,1,3332803,57.4,99618,27,1990,0,N/A,0.7295218247850181
822,823,Title 823,TV Show,2005,2017-01-30,PG-13,0.0,5.0,Crime,France,Spanish,6.1,3.3,0,1502816,77.4,495811,20,2000,0,N/A,0.5350230199133048
823,824,Title 824,Movie,2004,2022-08-16,TV-MA,118.0,7.0,Adventure,Germany,Korean,7.4,3.9,0,2426469,62.3,483915,21,2000,0,1.5-2.5 hours,0.613171350921215
824,825,Title 825,TV Show,1989,2023-04-02,TV-Y,0.0,5.0,Mystery,India,Korean,5.6,4.4,1,1236106,83.6,408718,36,1980,1,N/A,0.5198164098951272
825,826,Title 826,TV Show,1994,2022-10-09,TV-Y7,86.0,4.0,Comedy,India,Hindi,4.4,3.8,1,1860731,41.6,383855,31,1990,1,1-1.5 hours,0.4455104175536483
826,827,Title 827,Movie,2001,2019-03-13,PG,92.0,8.0,Romance,Japan,Korean,4.5,3.1,1,1421914,38.2,1609738,24,2000,1,1-1.5 hours,0.366087686541138
827,828,Title 828,TV Show,2000,2023-06-10,TV-14,0.0,5.0,Crime,Japan,Japanese,4.7,4.4,1,695398,39.6,1466368,25,2000,0,N/A,0.26270998685246383
828,829,Title 829,Movie,2001,2023-06-28,PG,118.0,0.0,Adventure,South Korea,Spanish,8.6,4.0,0,2200773,22.3,1634987,24,2000,1,1.5-2.5 hours,0.41931685782135897
829,830,Title 830,TV Show,2015,2020-01-29,G,0.0,4.0,Action,United States,Hindi,7.6,3.0,0,2652939,87.5,300649,10,2010,1,N/A,0.747941944340347
830,831,Title 831,Movie,2013,2015-11-27,TV-MA,118.0,5.0,Action,Australia,German,4.4,4.2,1,3784229,94.9,899136,12,2010,0,1.5-2.5 hours,0.9472359109987553
831,832,Title 832,Movie,2009,2016-05-11,R,62.0,0.0,Crime,Germany,Korean,6.2,4.8,1,2777399,81.2,975164,16,2000,0,1-1.5 hours,0.7414109956802382
832,833,Title 833,Movie,2004,2019-04-17,TV-Y,118.0,3.0,Comedy,Canada,Korean,5.5,3.2,0,2804621,50.9,89435,21,2000,1,1.5-2.5 hours,0.6242943069093441
833,834,Title 834,TV Show,2024,2021-12-16,TV-14,143.0,8.0,Comedy,Australia,English,7.2,4.2,0,171710,46.5,683386,1,2020,0,> 2.5 hours,0.2117565708305698
834,835,Title 835,Movie,2007,2021-06-26,PG,133.0,2.0,Sci-Fi,South Korea,German,6.9,4.5,0,2029445,78.1,944905,18,2000,1,1.5-2.5 hours,0.6168175871483648
835,836,Title 836,TV Show,1980,2023-06-03,TV-MA,0.0,5.0,Romance,Australia,German,6.6,3.1,0,2117830,58.2,908014,45,1980,0,N/A,0.5504753736072774
836,837,Title 837,Movie,2024,2022-05-16,R,91.0,0.0,Drama,Australia,Japanese,5.7,3.0,1,2358972,90.5,73035,1,2020,0,1-1.5 hours,0.715846773078626
837,838,Title 838,Movie,1983,2020-05-29,R,106.0,0.0,Comedy,South Korea,Spanish,4.8,3.9,1,3224873,41.0,63194,42,1980,0,1.5-2.5 hours,0.6477322802637707
838,839,Title 839,TV Show,1986,2020-07-27,G,0.0,5.0,Romance,Japan,Japanese,8.1,4.6,1,1962943,44.3,1182919,39,1980,1,N/A,0.4716422597162142
839,840,Title 840,Movie,1988,2018-10-09,TV-Y,122.0,0.0,Comedy,Japan,German,8.8,3.3,1,382765,94.9,388343,37,1980,1,1.5-2.5 hours,0.43701490789099673
840,841,Title 841,Movie,2015,2019-10-03,PG-13,71.0,6.0,Sci-Fi,France,Japanese,9.2,4.7,1,3088476,93.4,867585,10,2010,0,1-1.5 hours,0.8368726739998535
841,842,Title 842,TV Show,1998,2019-05-22,TV-Y,106.0,5.0,Horror,Australia,Japanese,4.3,4.3,0,1178771,86.4,524179,27,1990,1,1.5-2.5 hours,0.5224161362443748
842,843,Title 843,Movie,1980,2020-04-04,G,145.0,0.0,Comedy,Canada,English,8.1,3.7,1,1263034,50.3,87201,45,1980,1,> 2.5 hours,0.3906556210029578
843,844,Title 844,Movie,1989,2023-01-25,TV-PG,118.0,1.0,Romance,South Korea,Spanish,8.0,4.0,1,333418,82.8,42412,36,1980,1,1.5-2.5 hours,0.3812128375353032
844,845,Title 845,Movie,2015,2019-11-10,TV-14,89.0,2.0,Sci-Fi,Canada,Japanese,9.2,4.9,0,1500866,41.3,1696510,10,2010,0,1-1.5 hours,0.3903305191089276
845,846,Title 846,Movie,1988,2018-03-31,G,81.0,0.0,Sci-Fi,Spain,Japanese,5.4,3.4,1,2345463,39.1,1587335,37,1980,1,1-1.5 hours,0.5082204175061481
846,847,Title 847,TV Show,2024,2018-08-25,G,165.0,7.0,Romance,India,German,8.1,4.0,1,1895995,61.0,450230,1,2020,1,> 2.5 hours,0.5284000321000882
847,848,Title 848,TV Show,2021,2015-08-06,TV-14,126.0,3.0,Romance,France,Spanish,4.3,4.2,0,2800043,84.5,1316166,4,2020,0,1.5-2.5 hours,0.7580076050209138
848,849,Title 849,Movie,2011,2016-08-31,TV-14,103.0,0.0,Action,India,German,7.5,3.3,0,3356580,27.3,126409,14,2010,0,1.5-2.5 hours,0.6126883845930575
849,850,Title 850,TV Show,2011,2018-09-01,TV-14,147.0,6.0,Horror,France,German,5.9,3.1,1,3378371,62.4,977342,14,2010,0,> 2.5 hours,0.7563570435818698
850,851,Title 851,Movie,1985,2015-03-23,TV-MA,118.0,4.0,Sci-Fi,Germany,Japanese,8.2,3.0,1,2996122,65.7,1172782,40,1980,0,1.5-2.5 hours,0.7122195359037238
851,852,Title 852,TV Show,2017,2020-07-17,PG,0.0,5.0,Action,South Korea,French,8.7,3.6,1,3061155,63.5,1996930,8,2010,1,N/A,0.7131745127299101
852,853,Title 853,Movie,1996,2016-10-05,TV-Y7,106.0,0.0,Mystery,India,German,6.0,3.1,0,422468,36.4,1210282,29,1990,1,1.5-2.5 hours,0.20897037426852924
853,854,Title 854,Movie,1989,2022-01-25,TV-14,141.0,8.0,Crime,Canada,Japanese,6.9,4.6,1,3679563,24.8,1048580,36,1980,0,> 2.5 hours,0.6511359678239115
854,855,Title 855,Movie,2006,2020-09-17,PG,99.0,5.0,Crime,South Korea,Korean,4.6,5.0,0,3808307,87.1,1073453,19,2000,1,1-1.5 hours,0.9196476209309575
855,856,Title 856,Movie,2014,2022-11-10,TV-Y7,61.0,2.0,Sci-Fi,Canada,German,6.3,3.1,0,638370,63.1,88505,11,2010,1,1-1.5 hours,0.3481557633283492
856,857,Title 857,Movie,2000,2018-12-16,PG,144.0,5.0,Action,Australia,Korean,6.0,3.9,0,3861315,77.6,1139546,25,2000,1,> 2.5 hours,0.8895988427968177
857,858,Title 858,Movie,2004,2016-01-25,TV-14,110.0,0.0,Horror,India,Hindi,5.0,3.1,1,2640089,47.3,1160157,21,2000,0,1.5-2.5 hours,0.5852144390397074
858,859,Title 859,TV Show,2007,2020-09-03,PG-13,0.0,5.0,Horror,Australia,French,8.9,3.3,0,1268574,23.2,998995,18,2000,0,N/A,0.283086623288214
859,860,Title 860,Movie,1994,2015-03-25,G,89.0,0.0,Mystery,Japan,English,4.8,3.6,0,3989308,39.5,1332851,31,1990,1,1-1.5 hours,0.7563978455940754
860,861,Title 861,TV Show,1983,2021-05-11,PG,0.0,5.0,Sci-Fi,Spain,Spanish,7.5,3.8,0,2838140,25.5,1200784,42,1980,1,N/A,0.5277221707359695
861,862,Title 862,Movie,2008,2015-05-28,R,118.0,6.0,Comedy,Germany,Spanish,8.9,4.9,0,2178052,25.9,881851,17,2000,0,1.5-2.5 hours,0.4303086984489208
862,863,Title 863,TV Show,1988,2016-10-07,R,149.0,6.0,Mystery,Germany,Hindi,9.0,3.8,0,3993931,36.1,1331830,37,1980,0,> 2.5 hours,0.7434912975010681
863,864,Title 864,TV Show,2006,2017-09-12,PG,0.0,5.0,Action,India,German,8.4,4.0,1,1297569,67.5,142516,19,2000,1,N/A,0.4646358852486845
864,865,Title 865,TV Show,2005,2019-09-01,TV-14,66.0,7.0,Comedy,United Kingdom,English,5.0,3.5,1,3188822,81.3,876976,20,2000,0,1-1.5 hours,0.8035246153926923
865,866,Title 866,Movie,1998,2017-08-18,TV-Y,118.0,0.0,Crime,Spain,Hindi,8.5,3.0,1,1655860,81.6,1303460,27,1990,1,1.5-2.5 hours,0.5747796830441284
866,867,Title 867,Movie,2007,2021-10-06,TV-14,82.0,0.0,Thriller,United States,Hindi,5.5,4.8,1,2883437,90.3,509799,18,2000,0,1-1.5 hours,0.7937167394210334
867,868,Title 868,TV Show,1996,2015-08-08,TV-14,140.0,5.0,Crime,France,Spanish,9.1,3.2,0,339141,69.2,1436937,29,1990,0,1.5-2.5 hours,0.32767128989604727
868,869,Title 869,Movie,2022,2020-08-15,TV-Y,163.0,2.0,Sci-Fi,Germany,Korean,7.9,4.9,1,3980266,21.5,1708983,3,2020,1,> 2.5 hours,0.68304154186424
869,870,Title 870,TV Show,2020,2022-02-11,PG-13,163.0,3.0,Romance,South Korea,Korean,8.3,3.3,0,865920,48.3,1045377,5,2020,0,> 2.5 hours,0.3230883571929823
870,871,Title 871,Movie,2021,2018-09-04,TV-PG,108.0,0.0,Crime,Japan,German,4.5,4.2,1,946184,28.4,370460,4,2020,1,1.5-2.5 hours,0.2555279903019733
871,872,Title 872,TV Show,1999,2020-06-17,R,0.0,8.0,Adventure,Australia,German,7.2,5.0,1,72975,78.3,692864,26,1990,0,N/A,0.32414628010227026
872,873,Title 873,TV Show,2024,2017-03-04,G,0.0,5.0,Crime,United States,Japanese,8.5,3.3,1,2127540,29.0,41713,1,2020,1,N/A,0.4351318776126634
873,874,Title 874,Movie,2019,2017-12-05,R,118.0,0.0,Crime,South Korea,Japanese,8.7,3.8,0,1398030,27.9,1613237,6,2010,0,1.5-2.5 hours,0.3213050766889609
874,875,Title 875,TV Show,2018,2022-11-12,TV-PG,147.0,5.0,Crime,India,Hindi,4.2,4.6,0,3398911,22.1,687020,7,2010,1,> 2.5 hours,0.5982380520546431
875,876,Title 876,Movie,2002,2023-11-07,TV-MA,118.0,8.0,Crime,Spain,German,9.2,3.1,0,2211406,91.7,58308,23,2000,0,1.5-2.5 hours,0.6985118122074836
876,877,Title 877,TV Show,2011,2021-11-21,PG-13,173.0,6.0,Comedy,Germany,Korean,4.2,4.4,1,3170296,78.9,772175,14,2010,0,> 2.5 hours,0.7911457077506964
877,878,Title 878,TV Show,2012,2018-08-24,PG-13,91.0,5.0,Comedy,France,English,7.4,3.2,1,1716128,45.0,1865779,13,2010,0,1-1.5 hours,0.4374199079047467
878,879,Title 879,Movie,1984,2023-12-28,TV-MA,80.0,0.0,Crime,United States,Spanish,7.8,3.5,1,2250349,48.2,1727863,41,1980,0,1-1.5 hours,0.5303532782715152
879,880,Title 880,Movie,2022,2020-08-11,G,118.0,2.0,Drama,Germany,Korean,4.6,3.3,0,75809,24.5,1925502,3,2020,1,1.5-2.5 hours,0.1093713812712985
880,881,Title 881,Movie,2013,2017-04-17,TV-Y,118.0,0.0,Drama,United Kingdom,Japanese,4.3,4.8,1,2977579,31.8,1735188,12,2010,1,1.5-2.5 hours,0.5738380782547152
881,882,Title 882,TV Show,2019,2021-08-24,TV-Y7,162.0,5.0,Comedy,United Kingdom,French,8.3,3.4,1,1297780,43.4,1772963,6,2010,1,> 2.5 hours,0.3682675353357222
882,883,Title 883,Movie,1990,2015-04-19,TV-PG,118.0,8.0,Thriller,United Kingdom,German,6.1,3.1,0,2009197,49.1,1637612,35,1990,1,1.5-2.5 hours,0.4977803787960417
883,884,Title 884,TV Show,1982,2015-05-02,TV-Y7,0.0,6.0,Romance,Japan,Spanish,4.6,4.2,0,1564549,66.5,1293722,43,1980,1,N/A,0.5006829953782372
884,885,Title 885,TV Show,2012,2021-03-26,G,0.0,7.0,Mystery,Australia,French,8.2,3.7,1,632100,46.3,1876567,13,2010,1,N/A,0.28001526074196703
885,886,Title 886,Movie,1990,2016-01-17,TV-Y,163.0,1.0,Adventure,India,Spanish,8.7,3.8,1,109760,91.6,1268395,35,1990,1,> 2.5 hours,0.3828640452761245
886,887,Title 887,Movie,1995,2017-04-19,PG-13,120.0,0.0,Adventure,South Korea,Hindi,7.2,3.2,0,2011683,45.7,1121472,30,1990,0,1.5-2.5 hours,0.4845532798215195
887,888,Title 888,TV Show,1997,2023-02-16,TV-Y,76.0,7.0,Crime,Germany,German,4.9,4.5,0,272037,90.6,992184,28,1990,1,1-1.5 hours,0.4032056622155711
888,889,Title 889,TV Show,2009,2018-04-29,R,147.0,1.0,Thriller,South Korea,Hindi,4.1,4.2,1,416563,74.7,1740961,16,2000,0,> 2.5 hours,0.36128462183271004
889,890,Title 890,Movie,1989,2022-10-24,TV-PG,101.0,0.0,Drama,South Korea,Spanish,7.9,3.7,0,591795,87.5,1111981,36,1980,1,1.5-2.5 hours,0.4387694941161089
890,891,Title 891,Movie,1997,2022-10-23,TV-Y,118.0,2.0,Drama,Germany,Hindi,7.0,3.3,0,84388,72.7,1575055,28,1990,1,1.5-2.5 hours,0.3034582348101457
891,892,Title 892,Movie,2017,2023-09-08,TV-14,118.0,0.0,Thriller,Australia,German,7.6,4.2,1,2076455,62.6,1710237,8,2010,0,1.5-2.5 hours,0.561869106540043
892,893,Title 893,Movie,1998,2022-01-24,TV-14,77.0,0.0,Romance,Japan,Korean,8.5,4.6,1,3782180,58.2,868167,27,1990,0,1-1.5 hours,0.8001285601535404
893,894,Title 894,Movie,2015,2022-03-12,TV-Y,118.0,3.0,Comedy,Japan,English,6.4,3.6,1,135894,41.9,1862488,10,2010,1,1.5-2.5 hours,0.18798415605642915
894,895,Title 895,TV Show,1992,2015-06-22,PG-13,134.0,4.0,Romance,Spain,French,4.7,3.1,1,2466391,42.4,1338073,33,1990,0,1.5-2.5 hours,0.5395596673890853
895,896,Title 896,TV Show,1982,2016-05-06,TV-Y,0.0,1.0,Sci-Fi,India,Korean,9.2,3.4,1,1543973,36.7,459271,43,1980,1,N/A,0.37839658689061395
896,897,Title 897,TV Show,1989,2017-09-19,PG,0.0,2.0,Sci-Fi,Spain,Spanish,7.0,4.4,1,3538341,48.9,192744,36,1980,1,N/A,0.7263526095696763
897,898,Title 898,TV Show,2017,2017-05-06,G,0.0,7.0,Drama,Australia,Korean,7.4,5.0,1,1800590,29.5,1815491,8,2010,1,N/A,0.38808924274541756
898,899,Title 899,Movie,1980,2019-02-20,TV-14,118.0,0.0,Mystery,South Korea,Hindi,9.1,3.0,0,1984782,49.1,1119594,45,1980,0,1.5-2.5 hours,0.4941181187248265
899,900,Title 900,Movie,2006,2021-07-03,TV-Y7,118.0,0.0,Sci-Fi,India,German,9.1,3.6,0,3047439,82.5,1711570,19,2000,1,1.5-2.5 hours,0.7871171070720444
900,901,Title 901,Movie,1987,2018-11-16,TV-Y,118.0,2.0,Drama,Spain,Korean,7.1,3.1,0,1961197,85.3,1544748,38,1980,1,1.5-2.5 hours,0.6353803589959872
901,902,Title 902,TV Show,2021,2023-03-26,TV-14,0.0,1.0,Crime,Spain,Korean,5.6,3.6,1,309553,68.2,1672335,4,2020,0,N/A,0.3192330776909637
902,903,Title 903,TV Show,1996,2018-06-28,G,0.0,5.0,Horror,United Kingdom,German,9.5,3.8,1,304044,39.3,154119,29,1990,1,N/A,0.2028067254184949
903,904,Title 904,Movie,1988,2016-04-09,G,118.0,0.0,Horror,Japan,Hindi,7.7,4.8,0,1476684,38.0,224244,37,1980,1,1.5-2.5 hours,0.3735032091338252
904,905,Title 905,Movie,1985,2016-12-16,TV-Y7,167.0,0.0,Action,Canada,English,6.2,3.2,0,1618393,40.8,420394,40,1980,1,> 2.5 hours,0.4059596175889484
905,906,Title 906,TV Show,2022,2018-03-28,PG,0.0,5.0,Crime,Spain,Korean,7.1,4.6,0,3866388,57.5,270931,3,2020,1,N/A,0.8099597948894359
906,907,Title 907,TV Show,2004,2023-08-26,TV-Y,108.0,5.0,Horror,United States,French,6.3,3.8,0,3618176,93.2,765290,21,2000,1,1.5-2.5 hours,0.9155278925017044
907,908,Title 908,Movie,2018,2018-07-10,TV-MA,118.0,0.0,Romance,United Kingdom,Spanish,8.9,4.6,1,3336648,28.2,1861090,7,2010,0,1.5-2.5 hours,0.613298576371085
908,909,Title 909,Movie,2007,2017-11-07,TV-Y,172.0,6.0,Action,South Korea,Japanese,6.7,4.0,1,1298294,57.5,1432974,18,2000,1,> 2.5 hours,0.4247446355477478
909,910,Title 910,TV Show,2012,2016-05-28,TV-PG,0.0,8.0,Drama,France,Hindi,8.5,3.1,0,3036529,71.2,1561129,13,2010,1,N/A,0.7402806025716571
910,911,Title 911,Movie,2016,2019-07-24,R,169.0,0.0,Thriller,Japan,Hindi,8.6,4.9,0,2363573,38.4,834390,9,2010,0,> 2.5 hours,0.5081369249765437
911,912,Title 912,Movie,1988,2023-05-22,PG-13,147.0,0.0,Thriller,Australia,Korean,8.5,3.2,0,505433,92.7,444266,37,1980,0,> 2.5 hours,0.44661515849168587
912,913,Title 913,Movie,1997,2023-12-10,G,118.0,0.0,Drama,Germany,French,8.0,4.2,1,2678616,46.2,1103213,28,1990,1,1.5-2.5 hours,0.5865935049321386
913,914,Title 914,TV Show,2000,2022-03-27,TV-MA,68.0,8.0,Mystery,Australia,Japanese,8.7,4.8,1,1696779,89.9,1786715,25,2000,0,1-1.5 hours,0.6141175499232623
914,915,Title 915,TV Show,1981,2017-03-22,PG-13,68.0,7.0,Drama,United Kingdom,German,6.1,3.2,1,3241391,64.8,1678711,44,1980,0,1-1.5 hours,0.7454099870774644
915,916,Title 916,TV Show,2022,2023-02-24,TV-14,147.0,5.0,Comedy,United States,Japanese,4.6,4.1,1,2940372,20.3,57548,3,2020,0,> 2.5 hours,0.5222570129067855
916,917,Title 917,TV Show,2017,2021-03-05,TV-Y,0.0,6.0,Thriller,Australia,Korean,8.6,4.6,1,2340338,43.3,541652,8,2010,1,N/A,0.5242516653920799
917,918,Title 918,TV Show,2019,2020-04-01,PG-13,0.0,4.0,Horror,United States,Korean,6.7,5.0,1,1367002,21.6,959431,6,2010,0,N/A,0.29145086388987573
918,919,Title 919,TV Show,2015,2023-11-20,TV-14,119.0,5.0,Adventure,Germany,German,4.7,4.4,1,1354873,48.6,1767260,10,2010,0,1.5-2.5 hours,0.39763150888664944
919,920,Title 920,TV Show,2022,2016-05-20,R,120.0,5.0,Action,France,Spanish,4.6,3.6,0,3712927,89.9,1660111,3,2020,0,1.5-2.5 hours,0.9165405815865993
920,921,Title 921,Movie,2016,2017-06-22,TV-14,118.0,4.0,Mystery,Japan,German,4.9,4.4,1,1997226,78.4,1403960,9,2010,0,1.5-2.5 hours,0.6131847238579906
921,922,Title 922,Movie,1994,2023-11-10,TV-MA,138.0,0.0,Sci-Fi,Japan,Korean,8.1,4.4,1,317519,66.5,308371,31,1990,0,1.5-2.5 hours,0.3136279809769477
922,923,Title 923,Movie,2007,2018-08-18,G,94.0,2.0,Crime,Canada,English,7.9,4.4,1,1262051,60.4,1454161,18,2000,1,1-1.5 hours,0.4309081705974691
923,924,Title 924,Movie,1997,2016-08-17,TV-Y7,118.0,6.0,Mystery,United States,German,5.1,4.7,0,3476482,47.9,1339572,28,1990,1,1.5-2.5 hours,0.7130737340527686
924,925,Title 925,Movie,2013,2019-06-08,TV-14,111.0,8.0,Sci-Fi,Germany,Spanish,8.7,3.2,0,3442768,35.9,577841,12,2010,0,1.5-2.5 hours,0.6600166201457054
925,926,Title 926,Movie,2001,2015-08-28,TV-Y,179.0,4.0,Mystery,Spain,German,5.5,3.2,0,3445801,24.7,1936777,24,2000,1,> 2.5 hours,0.6156715713968214
926,927,Title 927,Movie,1990,2021-07-24,PG-13,118.0,0.0,Adventure,Spain,German,8.4,4.3,0,168781,34.3,676929,35,1990,0,1.5-2.5 hours,0.16251721962235394
927,928,Title 928,TV Show,1992,2022-03-29,TV-Y7,0.0,5.0,Mystery,South Korea,Hindi,6.7,4.9,1,1748058,46.4,554709,33,1990,1,N/A,0.44780942107590793
928,929,Title 929,TV Show,1983,2018-11-20,TV-Y7,130.0,5.0,Horror,United States,Hindi,8.0,3.9,1,3328140,59.0,1992809,42,1980,1,1.5-2.5 hours,0.7352223728615254
929,930,Title 930,Movie,2001,2021-08-06,PG-13,118.0,0.0,Drama,India,Korean,6.1,4.9,1,2663838,35.3,172506,24,2000,0,1.5-2.5 hours,0.5407767988361968
930,931,Title 931,Movie,1986,2019-11-01,PG-13,92.0,4.0,Comedy,Australia,Korean,5.9,4.9,1,2319862,93.1,1676857,39,1980,0,1-1.5 hours,0.7203802569457066
931,932,Title 932,TV Show,2022,2019-05-20,G,156.0,5.0,Action,South Korea,Japanese,8.6,4.8,1,812471,25.8,1895824,3,2020,1,> 2.5 hours,0.22507098514520915
932,933,Title 933,Movie,2003,2020-05-26,TV-MA,118.0,7.0,Thriller,South Korea,German,4.2,4.8,1,2482815,27.1,1635889,22,2000,0,1.5-2.5 hours,0.48082327416400394
933,934,Title 934,Movie,1983,2015-05-18,R,118.0,0.0,Sci-Fi,South Korea,English,9.4,4.8,0,1067815,71.2,528868,42,1980,0,1.5-2.5 hours,0.44497269047489885
934,935,Title 935,TV Show,2007,2019-09-08,TV-MA,85.0,5.0,Action,Germany,French,7.6,4.6,1,491627,76.6,1436057,18,2000,0,1-1.5 hours,0.38014425279669517
935,936,Title 936,Movie,1994,2016-05-08,PG-13,136.0,8.0,Mystery,Japan,Korean,6.4,4.4,0,3489960,92.9,1096724,31,1990,0,1.5-2.5 hours,0.895095439612459
936,937,Title 937,TV Show,1980,2019-03-01,TV-Y,0.0,7.0,Drama,South Korea,German,7.5,3.0,1,3307046,59.8,1809513,45,1980,1,N/A,0.7352582641602264
937,938,Title 938,Movie,1982,2018-11-03,PG,118.0,4.0,Action,Japan,German,4.7,3.3,1,1086362,32.4,1623483,43,1980,1,1.5-2.5 hours,0.2925547481255574
938,939,Title 939,TV Show,1993,2021-05-26,PG,152.0,3.0,Drama,Japan,French,6.8,3.3,1,1781296,90.3,1610146,32,1990,1,> 2.5 hours,0.6283951347866207
939,940,Title 940,TV Show,2017,2016-02-10,R,121.0,5.0,Sci-Fi,United States,German,9.4,3.0,0,1172639,93.5,475044,8,2010,0,1.5-2.5 hours,0.5498963337149178
940,941,Title 941,TV Show,1980,2018-09-22,PG-13,78.0,7.0,Horror,Germany,French,5.3,3.2,0,403059,89.3,700040,45,1980,0,1-1.5 hours,0.41765901626229474
941,942,Title 942,Movie,2017,2022-01-10,PG,175.0,1.0,Horror,Japan,French,8.0,4.8,0,1947302,85.4,368817,8,2010,1,> 2.5 hours,0.633696103264284
942,943,Title 943,TV Show,2017,2017-06-24,R,0.0,5.0,Drama,South Korea,Japanese,6.4,4.3,1,1407381,25.8,901932,8,2010,0,N/A,0.31430773054625905
943,944,Title 944,Movie,2000,2017-05-21,TV-Y7,142.0,4.0,Drama,Germany,German,7.6,3.6,1,2745530,84.1,1398133,25,2000,1,> 2.5 hours,0.7482306325342395
944,945,Title 945,Movie,2008,2020-02-15,R,118.0,2.0,Comedy,South Korea,Japanese,5.1,4.6,0,2087949,91.5,1907934,17,2000,0,1.5-2.5 hours,0.679193211281331
945,946,Title 946,Movie,1984,2017-12-21,TV-Y7,128.0,0.0,Crime,United Kingdom,German,6.6,4.0,1,3957031,61.4,1320503,41,1980,1,1.5-2.5 hours,0.8391562822797762
946,947,Title 947,Movie,1989,2016-11-24,G,118.0,5.0,Comedy,Australia,Hindi,9.4,3.3,0,96185,77.9,1801951,36,1980,1,1.5-2.5 hours,0.32602778967642165
947,948,Title 948,TV Show,2007,2016-10-04,PG,0.0,5.0,Action,United Kingdom,French,5.1,4.8,1,3447701,69.6,165506,18,2000,1,N/A,0.7955565721805734
948,949,Title 949,TV Show,2000,2018-06-20,R,137.0,1.0,Romance,United Kingdom,Spanish,7.5,3.7,0,118105,41.6,1382925,25,2000,0,1.5-2.5 hours,0.1841157987184465
949,950,Title 950,Movie,1986,2016-05-13,R,118.0,0.0,Comedy,United States,French,7.2,4.4,0,3547173,64.1,1904161,39,1980,0,1.5-2.5 hours,0.7884774132128862
950,951,Title 951,Movie,1982,2023-01-27,R,118.0,0.0,Action,India,Spanish,7.1,3.6,1,1978150,86.7,1197706,43,1980,0,1.5-2.5 hours,0.6435233159891189
951,952,Title 952,TV Show,2024,2016-05-21,TV-Y,0.0,5.0,Thriller,Australia,German,7.4,4.0,1,490836,57.2,572736,1,2020,1,N/A,0.30242560247040684
952,953,Title 953,Movie,1999,2015-12-15,R,177.0,0.0,Action,United States,Korean,6.8,4.6,0,1084267,64.3,1471436,26,1990,0,> 2.5 hours,0.4198404972613675
953,954,Title 954,TV Show,1998,2020-03-12,TV-Y,128.0,8.0,Action,South Korea,English,4.1,3.3,1,323722,59.9,77648,27,1990,1,1.5-2.5 hours,0.2881584335356922
954,955,Title 955,Movie,2014,2017-09-22,G,94.0,7.0,Drama,United States,Japanese,9.0,5.0,1,1812184,41.2,1543386,11,2010,1,1-1.5 hours,0.43662834752795576
955,956,Title 956,Movie,1983,2023-02-12,TV-PG,118.0,6.0,Adventure,South Korea,German,8.5,3.1,1,3824374,68.3,1100211,42,1980,1,1.5-2.5 hours,0.8468576775586133
956,957,Title 957,TV Show,1984,2020-05-27,PG-13,0.0,5.0,Mystery,India,English,5.0,4.1,1,1802816,58.2,860143,41,1980,0,N/A,0.5032231436636451
957,958,Title 958,Movie,1980,2022-12-12,TV-Y7,78.0,6.0,Drama,Japan,Hindi,6.3,4.8,1,3488074,37.4,174315,45,1980,1,1-1.5 hours,0.6728125388344817
958,959,Title 959,TV Show,1983,2022-12-31,PG-13,0.0,2.0,Drama,United States,Spanish,8.2,4.9,1,1884219,87.2,534613,42,1980,0,N/A,0.631433627242475
959,960,Title 960,Movie,1991,2021-05-28,TV-MA,118.0,0.0,Adventure,Canada,Japanese,9.4,3.5,1,1964971,91.3,386380,34,1990,0,1.5-2.5 hours,0.6599464605527665
960,961,Title 961,Movie,2006,2018-03-16,PG,118.0,1.0,Adventure,Japan,Hindi,9.2,3.3,1,2171533,24.2,1930191,19,2000,1,1.5-2.5 hours,0.42253084575982586
961,962,Title 962,Movie,2021,2022-03-26,TV-14,93.0,5.0,Mystery,France,Korean,8.9,4.4,1,1817256,66.7,50807,4,2020,0,1-1.5 hours,0.5393891496201615
962,963,Title 963,TV Show,2002,2019-01-13,G,124.0,5.0,Romance,United States,Korean,4.9,3.1,1,480442,51.1,353497,23,2000,1,1.5-2.5 hours,0.27646649818287006
963,964,Title 964,Movie,2004,2023-12-28,TV-Y,131.0,8.0,Thriller,South Korea,French,9.0,4.0,1,3541877,59.4,1603501,21,2000,1,1.5-2.5 hours,0.7688830110282804
964,965,Title 965,Movie,2000,2020-12-03,TV-MA,118.0,0.0,Comedy,Australia,Japanese,8.8,4.6,0,2538026,48.0,478240,25,2000,0,1.5-2.5 hours,0.5727049469386041
965,966,Title 966,Movie,2003,2022-03-06,R,125.0,0.0,Action,United States,Japanese,6.1,4.1,1,3870183,55.6,719547,22,2000,0,1.5-2.5 hours,0.8029290464548777
966,967,Title 967,Movie,2004,2015-03-24,TV-MA,118.0,1.0,Comedy,South Korea,Japanese,6.2,3.4,1,3759631,44.3,378583,21,2000,0,1.5-2.5 hours,0.7411462008520523
967,968,Title 968,TV Show,2024,2015-03-09,TV-MA,0.0,5.0,Horror,India,German,6.5,4.0,0,1544648,28.8,1123419,1,2020,0,N/A,0.3468978371690522
968,969,Title 969,TV Show,2011,2018-02-12,TV-Y7,91.0,8.0,Sci-Fi,United Kingdom,French,7.6,4.8,0,1260858,42.7,1517609,14,2010,1,1-1.5 hours,0.35992922010535533
969,970,Title 970,Movie,2011,2016-01-27,TV-14,118.0,8.0,Romance,United States,Korean,5.4,4.2,1,1628666,70.3,829856,14,2010,0,1.5-2.5 hours,0.5255005718265725
970,971,Title 971,TV Show,1984,2017-05-04,TV-MA,105.0,3.0,Sci-Fi,Spain,Korean,4.1,4.4,1,1988541,23.8,536498,41,1980,0,1.5-2.5 hours,0.39348197027541826
971,972,Title 972,Movie,2015,2021-09-25,TV-Y7,118.0,0.0,Action,France,French,4.8,3.7,0,2261983,48.7,1414077,10,2010,1,1.5-2.5 hours,0.5340983830705535
972,973,Title 973,Movie,2021,2023-06-28,R,118.0,4.0,Adventure,Spain,Hindi,6.4,3.4,0,2421137,23.2,959355,4,2020,0,1.5-2.5 hours,0.455971548721759
973,974,Title 974,Movie,2021,2015-11-19,PG-13,118.0,0.0,Action,Japan,English,5.6,3.5,1,3931793,46.7,346772,4,2020,0,1.5-2.5 hours,0.7765705718690725
974,975,Title 975,TV Show,2018,2019-11-15,R,0.0,4.0,Thriller,Japan,Spanish,8.2,4.1,0,413716,26.6,1360956,7,2010,0,N/A,0.16845757065831932
975,976,Title 976,TV Show,1995,2017-12-01,PG,0.0,3.0,Comedy,United Kingdom,Korean,4.6,3.6,1,288637,45.5,1366106,30,1990,1,N/A,0.22529566906308995
976,977,Title 977,TV Show,2012,2019-07-03,TV-MA,0.0,8.0,Mystery,United Kingdom,French,9.0,4.1,1,2211812,82.9,926537,13,2010,0,N/A,0.6633727123749591
977,978,Title 978,TV Show,2000,2023-10-04,TV-MA,169.0,2.0,Crime,Japan,Korean,8.9,4.4,1,1461209,66.0,226361,25,2000,0,> 2.5 hours,0.4831819527503701
978,979,Title 979,TV Show,1988,2017-11-02,PG-13,111.0,8.0,Crime,United States,Hindi,9.0,4.5,0,68921,71.2,439917,37,1980,0,1.5-2.5 hours,0.29513817842999074
979,980,Title 980,TV Show,1985,2019-04-12,G,157.0,2.0,Mystery,Germany,Japanese,8.1,3.3,0,3595689,57.8,1901515,40,1980,1,> 2.5 hours,0.7705548332257913
980,981,Title 981,TV Show,2024,2020-04-11,TV-MA,79.0,5.0,Adventure,United States,Japanese,4.6,4.5,1,1916451,89.2,331975,1,2020,0,1-1.5 hours,0.6442684405382115
981,982,Title 982,TV Show,2014,2020-12-08,TV-14,0.0,5.0,Crime,France,Spanish,6.4,4.3,1,1375736,60.6,1503479,11,2010,0,N/A,0.4487609674926606
982,983,Title 983,TV Show,2018,2018-04-04,TV-PG,0.0,5.0,Adventure,Japan,Japanese,4.7,3.0,0,2225907,27.8,1297557,7,2010,1,N/A,0.44508696818916255
983,984,Title 984,Movie,2001,2022-08-17,TV-MA,163.0,6.0,Drama,Spain,Japanese,9.4,3.1,0,3046848,90.0,1706787,24,2000,0,> 2.5 hours,0.8170284568282563
984,985,Title 985,TV Show,2020,2021-02-27,TV-PG,0.0,5.0,Thriller,United Kingdom,Hindi,5.8,4.3,1,1651876,30.0,203747,5,2020,1,N/A,0.3677820814007239
985,986,Title 986,TV Show,1984,2023-06-19,R,122.0,5.0,Romance,Spain,English,7.2,3.8,1,3807633,94.9,1888551,41,1980,0,1.5-2.5 hours,0.9507465206529319
986,987,Title 987,TV Show,2021,2017-01-22,G,0.0,1.0,Comedy,Japan,Hindi,8.3,3.3,1,771197,52.7,644458,4,2020,1,N/A,0.32647986811963736
987,988,Title 988,TV Show,2002,2015-10-30,TV-Y7,0.0,4.0,Comedy,India,Spanish,9.1,3.1,0,2296773,25.5,1909458,23,2000,1,N/A,0.44651689742146794
988,989,Title 989,TV Show,1996,2021-12-14,TV-Y,120.0,8.0,Romance,Japan,Japanese,8.2,3.3,0,674352,84.8,467431,29,1990,1,1.5-2.5 hours,0.440353078170965
989,990,Title 990,TV Show,1991,2022-09-11,G,152.0,3.0,Action,Canada,Spanish,7.7,4.9,0,127974,27.0,1678659,34,1990,1,> 2.5 hours,0.12719615278942017
990,991,Title 991,TV Show,2002,2021-04-02,TV-Y,157.0,6.0,Action,France,Korean,6.6,4.5,0,1824758,33.1,1108377,23,2000,1,> 2.5 hours,0.40611445271474494
991,992,Title 992,TV Show,1995,2020-10-12,R,0.0,3.0,Sci-Fi,Canada,English,7.3,4.1,1,2313646,51.3,293288,30,1990,0,N/A,0.5522478543815995
992,993,Title 993,TV Show,1982,2019-12-25,G,115.0,4.0,Action,Australia,German,4.5,4.9,1,2430547,70.7,1143787,43,1980,1,1.5-2.5 hours,0.6473830526033948
993,994,Title 994,TV Show,2009,2018-10-13,TV-Y7,0.0,2.0,Adventure,Spain,Korean,8.9,4.2,0,3975416,29.1,1704673,16,2000,1,N/A,0.7127140398636097
994,995,Title 995,TV Show,2001,2016-03-30,TV-Y,0.0,5.0,Mystery,India,Japanese,7.0,4.5,1,1522258,66.7,594553,24,2000,1,N/A,0.49513932793315185
995,996,Title 996,Movie,1988,2021-10-17,PG-13,82.0,0.0,Drama,France,French,4.2,3.6,1,87860,78.5,1542076,37,1980,0,1-1.5 hours,0.32717903624234973
996,997,Title 997,Movie,2008,2016-09-03,TV-14,118.0,3.0,Romance,South Korea,Hindi,9.1,4.2,1,2546948,29.3,193245,17,2000,0,1.5-2.5 hours,0.49924325061893915
997,998,Title 998,TV Show,2016,2019-02-01,G,0.0,5.0,Adventure,Australia,Hindi,6.7,3.3,1,2360775,68.6,864016,9,2010,1,N/A,0.6285172238223655
998,999,Title 999,TV Show,2002,2018-04-14,R,0.0,5.0,Adventure,Germany,Spanish,8.8,3.8,1,2457497,91.9,1942755,23,2000,0,N/A,0.7362255637203003
999,1000,Title 1000,Movie,1992,2017-03-04,TV-MA,118.0,0.0,Sci-Fi,Canada,French,8.7,3.1,1,3797935,92.6,595710,33,1990,0,1.5-2.5 hours,0.9400918166524959
1000,1001,Title 1001,TV Show,2011,2015-11-07,TV-Y7,135.0,4.0,Adventure,France,Spanish,8.5,3.4,0,1717363,32.1,1872680,14,2010,1,1.5-2.5 hours,0.38600515841418565
1001,1002,Title 1002,Movie,2002,2015-01-25,TV-Y,118.0,0.0,Thriller,France,French,4.3,3.1,0,1507328,77.0,867291,23,2000,1,1.5-2.5 hours,0.5340998217745099
1002,1003,Title 1003,Movie,2024,2015-04-01,TV-Y,118.0,0.0,Action,Canada,Spanish,5.4,3.8,1,1854314,83.5,447103,1,2020,1,1.5-2.5 hours,0.6121478649066285
1003,1004,Title 1004,Movie,1996,2018-11-18,TV-14,118.0,0.0,Comedy,Australia,German,8.8,4.7,1,119936,86.7,929398,29,1990,0,1.5-2.5 hours,0.36479044947373607
1004,1005,Title 1005,Movie,2019,2016-03-01,TV-Y,118.0,0.0,Thriller,India,German,8.9,3.8,0,2199074,44.3,1713917,6,2010,1,1.5-2.5 hours,0.5070620071205195
1005,1006,Title 1006,Movie,2000,2019-07-22,TV-PG,148.0,6.0,Drama,India,Korean,6.5,4.7,1,1863349,40.3,1194968,25,2000,1,> 2.5 hours,0.44070311863357625
1006,1007,Title 1007,TV Show,1981,2023-07-25,PG,151.0,5.0,Drama,United Kingdom,German,6.4,4.3,0,2434640,23.6,702104,44,1980,1,> 2.5 hours,0.45959700429176176
1007,1008,Title 1008,Movie,2016,2020-11-08,TV-PG,118.0,8.0,Drama,United States,French,5.0,4.0,1,3057449,50.0,154297,9,2010,1,1.5-2.5 hours,0.6586186112011807
1008,1009,Title 1009,TV Show,1985,2021-05-18,TV-Y,0.0,6.0,Action,Australia,Spanish,9.3,3.5,1,687869,29.3,1823694,40,1980,1,N/A,0.22038063374674283
1009,1010,Title 1010,TV Show,2023,2017-03-27,TV-Y7,0.0,5.0,Adventure,Spain,French,5.2,4.8,1,3359373,79.0,1958520,2,2020,1,N/A,0.8199073357451734
1010,1011,Title 1011,Movie,1997,2023-04-03,G,105.0,0.0,Drama,Spain,Korean,5.1,3.1,1,3220508,30.7,501928,28,1990,1,1.5-2.5 hours,0.6058775284632032
1011,1012,Title 1012,Movie,2009,2020-05-05,R,118.0,8.0,Romance,Australia,Korean,7.6,4.4,1,894642,81.4,1348845,16,2000,0,1.5-2.5 hours,0.45979666904083993
1012,1013,Title 1013,TV Show,2001,2019-03-06,TV-MA,0.0,5.0,Comedy,Canada,Japanese,5.3,4.2,0,759622,28.1,914495,24,2000,0,N/A,0.2263436133449367
1013,1014,Title 1014,Movie,2012,2022-12-21,G,118.0,0.0,Adventure,Spain,English,9.2,3.9,1,765329,56.0,923334,13,2010,1,1.5-2.5 hours,0.3387996656990807
1014,1015,Title 1015,Movie,2009,2015-08-26,PG-13,118.0,0.0,Sci-Fi,Spain,German,4.1,3.5,0,3720677,48.8,1458679,16,2000,0,1.5-2.5 hours,0.7533030847834832
1015,1016,Title 1016,TV Show,1996,2021-08-28,G,0.0,5.0,Action,United States,Hindi,4.0,3.9,1,902646,65.1,132587,29,1990,1,N/A,0.3957972723424989
1016,1017,Title 1017,TV Show,2022,2019-07-09,G,0.0,5.0,Mystery,France,Hindi,6.8,4.7,1,3398699,58.9,1829201,3,2020,1,N/A,0.7454062519671929
1017,1018,Title 1018,Movie,2011,2019-06-18,R,100.0,0.0,Thriller,France,English,6.7,4.7,1,2835579,64.9,1384168,14,2010,0,1-1.5 hours,0.684938019679554
1018,1019,Title 1019,TV Show,2021,2021-08-13,TV-14,133.0,5.0,Horror,Australia,Spanish,4.9,4.9,1,3146833,20.1,1853153,4,2020,0,1.5-2.5 hours,0.5524262480721822
1019,1020,Title 1020,Movie,1993,2021-08-13,TV-Y,118.0,4.0,Thriller,Japan,English,6.7,3.6,1,3935770,29.6,1152295,32,1990,1,1.5-2.5 hours,0.7087671235095897
1020,1021,Title 1021,Movie,1989,2016-08-29,TV-14,118.0,0.0,Drama,France,Spanish,6.3,3.8,0,541759,58.8,1341281,36,1980,0,1.5-2.5 hours,0.31646407347620203
1021,1022,Title 1022,Movie,2015,2017-09-24,PG-13,118.0,1.0,Comedy,Canada,German,8.9,3.0,1,2728586,37.2,95675,10,2010,0,1.5-2.5 hours,0.5580890255448203
1022,1023,Title 1023,TV Show,2013,2017-04-05,TV-MA,147.0,4.0,Sci-Fi,South Korea,German,4.1,4.9,0,2199604,25.7,450247,12,2010,0,> 2.5 hours,0.4327415073391452
1023,1024,Title 1024,TV Show,1988,2015-11-15,TV-PG,123.0,5.0,Adventure,Japan,Korean,9.4,3.7,0,1405225,36.3,1966386,37,1980,1,1.5-2.5 hours,0.3559843296569065
1024,1025,Title 1025,TV Show,2021,2020-08-27,TV-MA,75.0,8.0,Romance,United States,Korean,7.4,3.8,0,466923,78.5,1210101,4,2020,0,1-1.5 hours,0.3840386426062672
1025,1026,Title 1026,TV Show,2007,2017-10-27,TV-Y,0.0,1.0,Crime,Canada,Korean,4.8,4.8,1,953385,60.6,1500181,18,2000,1,N/A,0.38540814327239403
1026,1027,Title 1027,TV Show,1990,2015-04-08,TV-MA,0.0,7.0,Thriller,India,Korean,4.3,4.1,1,3943712,34.3,360384,35,1990,0,N/A,0.7287584267856736
1027,1028,Title 1028,Movie,1993,2019-09-04,PG,118.0,3.0,Crime,United States,Hindi,7.0,4.1,0,2249746,21.2,1892767,32,1990,1,1.5-2.5 hours,0.4222628280227771
1028,1029,Title 1029,Movie,2018,2022-03-08,TV-PG,118.0,7.0,Adventure,United Kingdom,Japanese,5.3,3.4,0,801885,46.8,310246,7,2010,1,1.5-2.5 hours,0.30748308077847214
1029,1030,Title 1030,Movie,1998,2018-12-10,PG-13,67.0,0.0,Comedy,Spain,Korean,5.7,4.0,1,3201375,46.8,1133291,27,1990,0,1-1.5 hours,0.667407570570819
1030,1031,Title 1031,Movie,1994,2022-02-17,TV-Y,118.0,6.0,Crime,Germany,Korean,5.3,4.8,1,1243712,75.1,1554332,31,1990,1,1.5-2.5 hours,0.4869573130326108
1031,1032,Title 1032,TV Show,2007,2019-06-08,TV-Y7,0.0,5.0,Thriller,India,Korean,7.6,4.1,1,2204235,89.0,643099,18,2000,1,N/A,0.686636159249438
1032,1033,Title 1033,Movie,2003,2022-04-04,PG-13,169.0,1.0,Mystery,Japan,Spanish,7.0,3.5,1,1727874,47.9,1734554,22,2000,0,> 2.5 hours,0.450781812749985
1033,1034,Title 1034,TV Show,1987,2023-07-24,PG,0.0,6.0,Horror,Canada,French,4.4,3.1,1,3110067,71.6,1094462,38,1980,1,N/A,0.7529113329061654
1034,1035,Title 1035,Movie,2022,2018-08-18,TV-PG,102.0,0.0,Crime,India,Korean,6.9,3.7,1,499051,67.6,1583947,3,2020,1,1.5-2.5 hours,0.34525785585910357
1035,1036,Title 1036,TV Show,1988,2017-06-16,R,0.0,2.0,Mystery,United Kingdom,English,8.4,4.1,1,3095851,51.7,921920,37,1980,0,N/A,0.6711789270420494
1036,1037,Title 1037,TV Show,2012,2016-03-31,PG,0.0,5.0,Mystery,Canada,Korean,4.4,3.1,1,292228,24.9,1838403,13,2010,1,N/A,0.14343432054438152
1037,1038,Title 1038,Movie,2012,2023-02-08,PG-13,118.0,1.0,Drama,Germany,Korean,8.9,4.2,1,3748995,55.5,977740,13,2010,0,1.5-2.5 hours,0.7843507964646903
1038,1039,Title 1039,Movie,1998,2016-01-27,TV-Y,60.0,6.0,Horror,Japan,Hindi,7.2,4.0,1,220611,46.6,978405,27,1990,1,1-1.5 hours,0.21949174100228777
1039,1040,Title 1040,Movie,1982,2017-03-05,TV-Y,92.0,0.0,Romance,United States,French,9.2,4.6,1,238824,61.3,1241966,43,1980,1,1-1.5 hours,0.2810236985151709
1040,1041,Title 1041,Movie,1989,2020-02-07,TV-PG,82.0,0.0,Thriller,Australia,Korean,4.8,3.1,0,2302216,29.4,855431,36,1980,1,1-1.5 hours,0.46293334966671157
1041,1042,Title 1042,TV Show,2019,2023-03-15,TV-14,0.0,8.0,Sci-Fi,India,French,9.5,4.6,1,3332442,74.3,1783018,6,2010,0,N/A,0.7970676746361053
1042,1043,Title 1043,Movie,2021,2020-09-26,TV-PG,118.0,1.0,Adventure,Germany,Spanish,7.5,4.0,1,1289524,79.1,467434,4,2020,1,1.5-2.5 hours,0.5098291319301128
1043,1044,Title 1044,Movie,1980,2016-01-10,TV-PG,118.0,0.0,Sci-Fi,United Kingdom,German,7.1,3.7,1,1407418,49.1,378679,45,1980,1,1.5-2.5 hours,0.4075132805615216
1044,1045,Title 1045,TV Show,2008,2016-09-18,PG,0.0,4.0,Crime,India,French,6.8,4.9,1,2151036,33.1,1170537,17,2000,1,N/A,0.4550562873047901
1045,1046,Title 1046,Movie,2013,2016-02-02,TV-Y,87.0,1.0,Horror,South Korea,French,4.1,3.3,1,3899473,66.8,961622,12,2010,1,1-1.5 hours,0.8521225585370359
1046,1047,Title 1047,Movie,1992,2018-04-15,PG-13,118.0,0.0,Crime,South Korea,Korean,9.2,4.1,0,2969093,91.7,683738,33,1990,0,1.5-2.5 hours,0.8121651747542306
1047,1048,Title 1048,Movie,1980,2021-12-09,R,107.0,7.0,Horror,Japan,Japanese,7.5,3.6,0,81649,72.5,1966276,45,1980,0,1.5-2.5 hours,0.3022473836803051
1048,1049,Title 1049,Movie,2013,2022-02-18,TV-MA,176.0,4.0,Thriller,United States,Korean,4.5,4.1,1,1046521,29.3,1990220,12,2010,0,> 2.5 hours,0.27417858169109965
1049,1050,Title 1050,Movie,2008,2016-12-26,G,118.0,0.0,Adventure,Japan,Korean,4.1,4.1,1,479516,49.8,364709,17,2000,1,1.5-2.5 hours,0.27112759780089396
1050,1051,Title 1051,TV Show,1992,2016-09-30,R,91.0,1.0,Adventure,Japan,Hindi,4.3,3.2,1,3029652,88.7,1141239,33,1990,0,1-1.5 hours,0.8092490497348868
1051,1052,Title 1052,Movie,2008,2021-10-22,TV-MA,118.0,5.0,Thriller,Spain,Japanese,7.4,4.3,1,1459674,67.6,308194,17,2000,0,1.5-2.5 hours,0.4893517021171808
1052,1053,Title 1053,Movie,2018,2017-12-10,TV-14,118.0,0.0,Romance,United States,German,7.4,4.3,1,2944620,31.0,63285,7,2010,0,1.5-2.5 hours,0.5656942146590903
1053,1054,Title 1054,Movie,2003,2020-02-01,PG-13,162.0,8.0,Mystery,Spain,Hindi,6.7,4.5,1,3656638,74.3,147683,22,2000,0,> 2.5 hours,0.845697208367323
1054,1055,Title 1055,Movie,2005,2021-07-21,TV-Y,180.0,2.0,Horror,Canada,Hindi,5.7,3.2,0,134571,46.5,839756,20,2000,1,> 2.5 hours,0.20618570551069018
1055,1056,Title 1056,Movie,1996,2020-06-18,TV-Y7,144.0,2.0,Action,Germany,Hindi,6.9,3.6,1,1862699,56.7,517090,29,1990,1,> 2.5 hours,0.5062056183654505
1056,1057,Title 1057,TV Show,1986,2020-06-11,TV-PG,0.0,8.0,Action,Germany,Japanese,6.8,4.3,1,780116,51.1,1903458,39,1980,1,N/A,0.32141772179873496
1057,1058,Title 1058,Movie,1992,2016-11-05,R,118.0,0.0,Mystery,United States,Spanish,4.1,3.3,1,3729763,74.4,586867,33,1990,0,1.5-2.5 hours,0.8570659885314684
1058,1059,Title 1059,TV Show,1984,2016-09-06,TV-MA,174.0,5.0,Crime,United States,German,5.6,4.4,0,2718132,36.3,657797,41,1980,0,> 2.5 hours,0.5529209212325334
1059,1060,Title 1060,TV Show,2005,2016-09-15,TV-Y7,114.0,5.0,Horror,Canada,Spanish,4.3,3.1,0,3629174,49.1,768574,20,2000,1,1.5-2.5 hours,0.7407775970383919
1060,1061,Title 1061,Movie,1982,2018-11-10,R,118.0,0.0,Comedy,Germany,Spanish,9.0,3.7,0,3252505,75.8,1120554,43,1980,0,1.5-2.5 hours,0.791077091662002
1061,1062,Title 1062,Movie,1986,2016-10-18,PG-13,174.0,0.0,Adventure,Canada,German,8.0,4.7,1,1358575,72.9,511968,39,1980,0,> 2.5 hours,0.4953868104137287
1062,1063,Title 1063,Movie,2018,2017-03-15,TV-Y,118.0,0.0,Sci-Fi,Australia,Spanish,9.5,4.5,1,3782124,35.1,439969,7,2010,1,1.5-2.5 hours,0.7077201601304404
1063,1064,Title 1064,Movie,1980,2019-02-18,R,91.0,4.0,Comedy,United Kingdom,Japanese,5.7,4.3,1,3678993,46.3,1867148,45,1980,0,1-1.5 hours,0.7370504675887859
1064,1065,Title 1065,TV Show,1996,2023-04-19,R,122.0,5.0,Sci-Fi,South Korea,German,8.8,4.7,0,483022,21.1,1819683,29,1990,0,1.5-2.5 hours,0.15685349924712294
1065,1066,Title 1066,Movie,2022,2022-09-03,TV-Y,118.0,0.0,Adventure,Australia,French,7.3,4.4,0,1992016,59.8,256251,3,2020,1,1.5-2.5 hours,0.5380032217088597
1066,1067,Title 1067,Movie,2004,2016-03-19,TV-14,103.0,5.0,Action,Japan,French,6.5,4.0,0,1411107,41.1,311353,21,2000,0,1.5-2.5 hours,0.3760666320832382
1067,1068,Title 1068,Movie,1982,2015-11-01,PG,133.0,0.0,Thriller,India,Korean,5.2,5.0,0,787398,20.9,673336,43,1980,1,1.5-2.5 hours,0.20171002480256822
1068,1069,Title 1069,Movie,1994,2017-07-13,R,118.0,0.0,Romance,Spain,Hindi,8.1,4.4,1,3912912,51.9,268631,31,1990,0,1.5-2.5 hours,0.7945384140806387
1069,1070,Title 1070,Movie,2008,2023-08-20,TV-Y,118.0,7.0,Drama,France,French,9.0,4.2,1,3966035,89.5,948041,17,2000,1,1.5-2.5 hours,0.9529068859939365
1070,1071,Title 1071,Movie,2022,2020-09-21,PG,118.0,7.0,Crime,India,French,5.3,3.8,0,2808030,89.3,1221687,3,2020,1,1.5-2.5 hours,0.7784056583155603
1071,1072,Title 1072,TV Show,2011,2015-04-22,TV-Y,126.0,5.0,Mystery,United States,Spanish,5.0,4.8,0,3115006,47.9,1903834,14,2010,1,1.5-2.5 hours,0.6588521849435086
1072,1073,Title 1073,TV Show,2005,2017-10-20,TV-Y,0.0,5.0,Action,United Kingdom,German,7.8,3.6,0,3170541,53.7,1711494,20,2000,1,N/A,0.6903824578517591
1073,1074,Title 1074,Movie,1995,2015-11-18,TV-14,118.0,0.0,Thriller,Australia,English,9.4,3.0,0,318421,38.2,1519277,30,1990,0,1.5-2.5 hours,0.20056328134902374
1074,1075,Title 1075,Movie,2004,2022-02-25,TV-Y,110.0,0.0,Thriller,France,Spanish,8.1,3.4,1,2223029,25.1,463003,21,2000,1,1.5-2.5 hours,0.43385526700198423
1075,1076,Title 1076,Movie,2007,2021-12-18,PG-13,169.0,7.0,Sci-Fi,France,Spanish,5.6,3.2,1,3050704,72.0,1866885,18,2000,0,> 2.5 hours,0.7456068584188607
1076,1077,Title 1077,TV Show,1988,2022-05-23,R,0.0,5.0,Thriller,United States,Japanese,6.3,3.6,1,73613,80.0,930637,37,1980,0,N/A,0.3310419803654461
1077,1078,Title 1078,Movie,1980,2020-02-25,TV-MA,107.0,2.0,Horror,Australia,German,6.1,4.7,1,3327759,86.0,1725645,45,1980,0,1.5-2.5 hours,0.8431652227043624
1078,1079,Title 1079,TV Show,2008,2017-06-25,TV-MA,90.0,5.0,Crime,France,English,8.7,4.3,0,1541509,90.1,1322854,17,2000,0,1-1.5 hours,0.5916269858742111
1079,1080,Title 1080,Movie,2001,2016-12-18,TV-MA,118.0,0.0,Drama,Australia,English,8.2,3.3,0,2022016,88.7,1543765,24,2000,0,1.5-2.5 hours,0.6581032340838937
1080,1081,Title 1081,Movie,1995,2018-07-31,TV-Y,86.0,0.0,Action,Spain,Korean,7.2,4.6,0,3093334,22.1,174450,30,1990,1,1-1.5 hours,0.552401376003784
1081,1082,Title 1082,Movie,2020,2018-09-07,TV-Y7,118.0,0.0,Horror,Spain,Spanish,5.5,4.0,1,1308339,93.4,1229982,5,2020,1,1.5-2.5 hours,0.5698513896913217
1082,1083,Title 1083,Movie,2023,2022-08-18,PG,87.0,5.0,Action,France,Japanese,9.2,4.0,1,3349842,48.5,330635,2,2020,1,1-1.5 hours,0.6964776818136249
1083,1084,Title 1084,TV Show,2020,2022-03-27,PG,78.0,5.0,Romance,France,Hindi,7.6,3.7,1,3148955,86.5,294645,5,2020,1,1-1.5 hours,0.8183445489475096
1084,1085,Title 1085,TV Show,1986,2023-05-03,TV-Y,0.0,6.0,Drama,United States,French,9.3,4.7,0,3338442,53.1,435947,39,1980,1,N/A,0.7131676771111121
1085,1086,Title 1086,Movie,1993,2020-07-10,PG-13,99.0,3.0,Thriller,Australia,Spanish,7.2,3.6,1,2778380,51.7,140566,32,1990,0,1-1.5 hours,0.6235581460849018
1086,1087,Title 1087,Movie,2008,2023-09-20,PG-13,118.0,0.0,Romance,Germany,Hindi,8.5,3.2,0,1350814,20.8,1702293,17,2000,0,1.5-2.5 hours,0.2858226572123073
1087,1088,Title 1088,TV Show,1998,2017-05-06,TV-PG,0.0,7.0,Sci-Fi,Canada,Hindi,8.5,3.6,0,1118499,23.9,299050,27,1990,1,N/A,0.2633753113821063
1088,1089,Title 1089,TV Show,1998,2016-09-08,TV-Y,0.0,5.0,Romance,Canada,German,5.9,4.4,1,1311480,70.3,176401,27,1990,1,N/A,0.4779225409869877
1089,1090,Title 1090,TV Show,1981,2019-09-27,G,163.0,5.0,Comedy,India,Spanish,9.3,4.3,1,3902948,90.3,361109,44,1980,1,> 2.5 hours,0.9466438099704775
1090,1091,Title 1091,TV Show,2020,2016-05-28,TV-14,0.0,5.0,Sci-Fi,India,German,4.1,3.4,1,265327,36.8,1092172,5,2020,0,N/A,0.18699915944768847
1091,1092,Title 1092,Movie,2024,2018-02-02,TV-MA,118.0,0.0,Drama,France,Korean,8.2,3.2,1,3204955,27.0,159151,1,2020,0,1.5-2.5 hours,0.5887445720475731
1092,1093,Title 1093,TV Show,1994,2015-05-29,TV-14,95.0,1.0,Crime,South Korea,Hindi,9.3,4.3,0,1691444,36.0,970668,31,1990,0,1-1.5 hours,0.3977172977225687
1093,1094,Title 1094,Movie,1982,2017-01-20,TV-MA,161.0,0.0,Comedy,Spain,English,5.9,4.4,0,3047351,35.9,1363953,43,1980,0,> 2.5 hours,0.6007039070357443
1094,1095,Title 1095,TV Show,1990,2015-05-19,TV-Y,88.0,5.0,Action,Japan,Hindi,7.6,3.7,0,958910,42.0,479824,35,1990,1,1-1.5 hours,0.31183689555146277
1095,1096,Title 1096,TV Show,2009,2015-01-06,TV-Y7,0.0,6.0,Mystery,Australia,Korean,7.1,4.7,0,1722454,27.1,1736094,16,2000,1,N/A,0.3667688105142289
1096,1097,Title 1097,TV Show,2019,2015-04-17,TV-PG,148.0,3.0,Mystery,United Kingdom,Hindi,8.2,5.0,0,1435906,37.7,570521,6,2010,1,> 2.5 hours,0.36618649231285383
1097,1098,Title 1098,TV Show,1997,2018-05-25,PG-13,103.0,7.0,Comedy,United Kingdom,German,8.8,3.4,1,2288636,89.1,1763353,28,1990,0,1.5-2.5 hours,0.6996963440649462
1098,1099,Title 1099,TV Show,1981,2016-11-12,TV-Y7,0.0,7.0,Crime,Spain,Spanish,7.3,4.2,0,2771374,86.8,1223705,44,1980,1,N/A,0.7629072431949188
1099,1100,Title 1100,Movie,2011,2023-03-27,TV-14,67.0,0.0,Horror,India,English,8.5,3.0,1,2571408,43.7,234804,14,2010,0,1-1.5 hours,0.560512260708717
1100,1101,Title 1101,Movie,1987,2023-12-25,TV-14,118.0,0.0,Mystery,United States,German,5.7,4.4,1,922379,94.8,138287,38,1980,0,1.5-2.5 hours,0.5175572304823838
1101,1102,Title 1102,TV Show,2001,2015-04-24,PG-13,0.0,5.0,Comedy,United Kingdom,French,5.3,3.8,0,2327066,42.4,1489971,24,2000,0,N/A,0.5186608599173648
1102,1103,Title 1103,TV Show,1985,2020-01-07,TV-PG,0.0,6.0,Drama,France,Spanish,6.4,3.4,1,481649,74.1,562255,40,1980,1,N/A,0.3686475486807589
1103,1104,Title 1104,Movie,1991,2018-09-21,TV-MA,118.0,0.0,Adventure,South Korea,English,7.7,4.5,1,3406882,68.3,1403112,34,1990,0,1.5-2.5 hours,0.7842337053426897
1104,1105,Title 1105,TV Show,2019,2018-08-12,TV-Y7,0.0,5.0,Crime,United Kingdom,Korean,5.0,4.6,1,2240218,24.8,1163422,6,2010,1,N/A,0.43523362409246624
1105,1106,Title 1106,TV Show,2015,2021-03-25,TV-PG,87.0,5.0,Crime,Canada,Hindi,7.7,3.2,0,1898032,45.7,1243992,10,2010,1,1-1.5 hours,0.4675055829403531
1106,1107,Title 1107,Movie,1994,2022-10-27,R,64.0,0.0,Horror,South Korea,English,6.2,3.1,1,1389808,91.4,348447,31,1990,0,1-1.5 hours,0.5740717732973766
1107,1108,Title 1108,TV Show,2007,2023-02-14,PG,0.0,5.0,Sci-Fi,South Korea,Japanese,8.4,3.7,0,1082455,23.8,1584760,18,2000,1,N/A,0.2575686965139154
1108,1109,Title 1109,TV Show,2024,2017-11-27,TV-MA,0.0,7.0,Thriller,United Kingdom,French,4.2,4.3,1,3873916,33.1,947042,1,2020,0,N/A,0.7134889979947445
1109,1110,Title 1110,Movie,1997,2017-03-08,R,70.0,0.0,Mystery,United States,Korean,7.7,4.6,0,3168535,92.8,1540029,28,1990,0,1-1.5 hours,0.8464815570242817
1110,1111,Title 1111,Movie,1981,2016-08-11,TV-MA,65.0,0.0,Thriller,United States,Spanish,7.6,4.1,1,2105393,23.0,68233,44,1980,0,1-1.5 hours,0.4078098184770008
1111,1112,Title 1112,Movie,1992,2021-07-16,TV-MA,119.0,8.0,Thriller,India,Japanese,9.2,4.2,1,218039,53.5,152763,33,1990,0,1.5-2.5 hours,0.24670593994133486
1112,1113,Title 1113,TV Show,2024,2016-02-05,TV-MA,83.0,8.0,Drama,Spain,English,7.9,4.6,1,1742634,88.9,1928539,1,2020,0,1-1.5 hours,0.6169958188385019
1113,1114,Title 1114,Movie,1994,2021-12-26,TV-PG,99.0,0.0,Action,France,Korean,8.4,4.1,0,255020,90.8,1998898,31,1990,1,1-1.5 hours,0.4014531051960393
1114,1115,Title 1115,Movie,1999,2023-06-17,TV-PG,70.0,3.0,Thriller,Japan,Spanish,9.0,4.2,0,3638429,93.4,424076,26,1990,1,1-1.5 hours,0.9193658508560899
1115,1116,Title 1116,Movie,2008,2015-08-25,R,79.0,6.0,Crime,Germany,Japanese,7.7,4.0,1,701681,56.1,467266,17,2000,0,1-1.5 hours,0.3296524394442085
1116,1117,Title 1117,Movie,2021,2016-01-26,TV-14,121.0,0.0,Horror,Japan,Japanese,5.6,4.8,1,1075324,26.5,296905,4,2020,0,1.5-2.5 hours,0.26729904357236983
1117,1118,Title 1118,Movie,2008,2016-02-10,PG-13,118.0,8.0,Horror,Canada,German,8.8,3.5,1,568778,78.0,1267381,17,2000,0,1.5-2.5 hours,0.39731693462157025
1118,1119,Title 1119,Movie,1982,2016-12-22,TV-Y7,95.0,2.0,Adventure,United States,Hindi,8.1,3.5,0,1603892,73.2,701461,43,1980,1,1-1.5 hours,0.5333844616072694
1119,1120,Title 1120,TV Show,1998,2017-11-02,TV-Y7,0.0,5.0,Action,India,Korean,6.3,3.3,0,2139920,63.5,749506,27,1990,1,N/A,0.5749888827194275
1120,1121,Title 1121,TV Show,1982,2022-01-20,G,0.0,6.0,Sci-Fi,Canada,Japanese,7.9,4.6,1,2189592,86.6,1323933,43,1980,1,N/A,0.6748397032091838
1121,1122,Title 1122,Movie,1993,2019-02-02,TV-Y,118.0,5.0,Crime,Japan,German,8.8,3.8,0,1721603,88.4,1963711,32,1990,1,1.5-2.5 hours,0.6118411601631905
1122,1123,Title 1123,Movie,2019,2015-03-28,TV-Y,118.0,0.0,Crime,South Korea,French,9.4,3.7,0,2919641,71.2,912411,6,2010,1,1.5-2.5 hours,0.7227473543552245
1123,1124,Title 1124,Movie,1983,2022-07-06,R,118.0,0.0,Adventure,Spain,French,9.2,5.0,1,925229,28.4,1560961,42,1980,0,1.5-2.5 hours,0.25238473165801206
1124,1125,Title 1125,TV Show,1990,2018-05-22,TV-MA,0.0,5.0,Romance,South Korea,Spanish,5.8,4.9,1,1819514,27.2,1257701,35,1990,0,N/A,0.38172785055158903
1125,1126,Title 1126,TV Show,2010,2017-02-23,TV-MA,0.0,1.0,Adventure,Japan,Japanese,6.3,4.9,0,1801249,50.6,301820,15,2010,0,N/A,0.4725880930172558
1126,1127,Title 1127,TV Show,2022,2017-10-26,PG,0.0,5.0,Thriller,United Kingdom,Japanese,4.6,3.3,0,1227424,42.0,1856248,3,2020,1,N/A,0.35211410631379236
1127,1128,Title 1128,TV Show,2011,2018-02-07,TV-14,0.0,8.0,Comedy,Spain,English,5.4,4.8,1,3213077,30.0,1705601,14,2010,0,N/A,0.6019628753979073
1128,1129,Title 1129,TV Show,2006,2023-03-17,G,0.0,5.0,Horror,India,Japanese,8.9,3.7,0,799578,65.8,252755,19,2000,1,N/A,0.383137029826832
1129,1130,Title 1130,TV Show,2009,2022-03-06,TV-PG,95.0,5.0,Adventure,Australia,Hindi,6.0,3.0,1,1492007,71.3,1027962,16,2000,1,1-1.5 hours,0.50900166545458
1130,1131,Title 1131,TV Show,2022,2019-04-22,TV-MA,150.0,5.0,Thriller,South Korea,Spanish,7.4,3.8,0,3076083,72.3,1728842,3,2020,0,> 2.5 hours,0.7506137188877269
1131,1132,Title 1132,TV Show,1981,2019-03-27,G,138.0,8.0,Mystery,United Kingdom,Korean,7.7,4.0,0,1643568,33.1,1156641,44,1980,1,1.5-2.5 hours,0.37893587797366446
1132,1133,Title 1133,TV Show,1988,2018-09-12,TV-Y7,64.0,5.0,Action,Canada,Japanese,8.3,3.2,1,2046512,42.9,1049796,37,1980,1,1-1.5 hours,0.47857764418852156
1133,1134,Title 1134,Movie,2007,2016-07-19,PG,118.0,2.0,Crime,Australia,Hindi,5.0,4.1,1,1751109,34.9,1405742,18,2000,1,1.5-2.5 hours,0.4022670723344489
1134,1135,Title 1135,Movie,2010,2019-01-04,TV-PG,89.0,8.0,Romance,Canada,Japanese,5.7,4.6,0,183777,65.1,423218,15,2010,1,1-1.5 hours,0.2879666258082209
1135,1136,Title 1136,Movie,2013,2019-09-22,G,118.0,0.0,Action,United States,German,6.5,3.8,1,2490894,62.5,1865235,12,2010,1,1.5-2.5 hours,0.6236351274966005
1136,1137,Title 1137,Movie,1994,2015-12-09,R,118.0,0.0,Thriller,Australia,Hindi,6.0,3.7,0,1402452,57.7,485656,31,1990,0,1.5-2.5 hours,0.4411683785130409
1137,1138,Title 1138,TV Show,2004,2016-11-29,TV-PG,159.0,5.0,Sci-Fi,Spain,German,9.4,3.7,1,3705454,42.2,126332,21,2000,1,> 2.5 hours,0.7246196285039784
1138,1139,Title 1139,TV Show,2015,2021-03-13,TV-Y,0.0,5.0,Mystery,United States,Spanish,8.6,4.8,0,2298719,37.8,272798,10,2010,1,N/A,0.49600879822419514
1139,1140,Title 1140,Movie,1987,2022-12-30,TV-PG,118.0,7.0,Thriller,Spain,Japanese,6.6,3.1,1,2801681,86.8,1255225,38,1980,1,1.5-2.5 hours,0.7674533056965906
1140,1141,Title 1141,TV Show,1988,2017-01-13,PG,93.0,5.0,Comedy,France,English,8.8,3.9,1,1324888,23.7,1123274,37,1980,1,1-1.5 hours,0.29353374651780295
1141,1142,Title 1142,Movie,2016,2019-06-15,TV-PG,118.0,0.0,Drama,United Kingdom,French,5.9,3.5,1,1654097,69.2,1007972,9,2010,1,1.5-2.5 hours,0.5249152323168889
1142,1143,Title 1143,TV Show,2024,2021-05-13,PG-13,134.0,6.0,Thriller,Japan,Hindi,8.3,4.8,1,2268276,21.5,1528431,1,2020,0,1.5-2.5 hours,0.4262423356664231
1143,1144,Title 1144,Movie,2018,2022-06-13,TV-14,118.0,0.0,Adventure,Canada,English,5.2,3.2,1,3288995,34.5,1963480,7,2010,0,1.5-2.5 hours,0.6313506067141684
1144,1145,Title 1145,TV Show,2011,2017-09-01,PG,0.0,5.0,Thriller,Japan,English,8.2,3.8,1,1958666,41.7,128639,14,2010,1,N/A,0.46060070795194685
1145,1146,Title 1146,TV Show,1996,2019-03-27,R,76.0,4.0,Adventure,Australia,French,6.5,3.8,0,2797600,86.5,1773103,29,1990,0,1-1.5 hours,0.7656411540131736
1146,1147,Title 1147,Movie,2014,2023-07-28,PG,118.0,0.0,Sci-Fi,South Korea,Hindi,4.6,4.8,0,1696649,30.3,1333855,11,2010,1,1.5-2.5 hours,0.3756980498696372
1147,1148,Title 1148,TV Show,2016,2022-01-15,TV-Y7,161.0,6.0,Crime,South Korea,Japanese,5.5,3.4,1,3356456,90.3,1309756,9,2010,1,> 2.5 hours,0.8646697845419076
1148,1149,Title 1149,Movie,1998,2020-02-14,R,118.0,2.0,Horror,Canada,Hindi,6.2,4.3,1,2283170,81.2,1019924,27,1990,0,1.5-2.5 hours,0.6672764418102151
1149,1150,Title 1150,Movie,2023,2016-09-19,TV-Y,118.0,0.0,Drama,United States,English,8.1,3.3,0,997711,70.9,1780985,2,2020,1,1.5-2.5 hours,0.4332570615569193
1150,1151,Title 1151,Movie,2008,2016-09-07,TV-PG,176.0,8.0,Sci-Fi,Canada,Korean,4.4,4.9,1,1044921,50.9,883118,17,2000,1,> 2.5 hours,0.36033858103109784
1151,1152,Title 1152,Movie,1986,2022-11-02,TV-PG,151.0,0.0,Adventure,France,Korean,7.6,4.2,1,1103319,87.9,1930664,39,1980,1,> 2.5 hours,0.517098305120339
1152,1153,Title 1153,TV Show,2007,2023-04-03,TV-Y7,0.0,5.0,Horror,France,Hindi,7.9,4.3,1,3082883,59.6,860615,18,2000,1,N/A,0.7008337216927346
1153,1154,Title 1154,TV Show,1988,2016-12-23,G,130.0,8.0,Comedy,Japan,English,7.6,3.9,0,1480858,47.8,412688,37,1980,1,1.5-2.5 hours,0.41332931085560487
1154,1155,Title 1155,TV Show,2007,2015-06-16,TV-Y7,0.0,4.0,Action,Australia,English,8.2,3.7,0,2196764,63.9,309836,18,2000,1,N/A,0.585115506167642
1155,1156,Title 1156,Movie,1985,2015-07-21,PG-13,75.0,2.0,Drama,France,Spanish,5.0,3.4,1,3191196,37.4,1872722,40,1980,0,1-1.5 hours,0.62828071637197
1156,1157,Title 1157,TV Show,2008,2023-07-05,TV-MA,0.0,5.0,Romance,United Kingdom,English,7.2,4.2,0,3489940,40.5,1033700,17,2000,0,N/A,0.6854924396042089
1157,1158,Title 1158,Movie,1996,2020-03-29,G,118.0,8.0,Sci-Fi,United States,French,9.2,4.9,1,981025,88.9,182251,29,1990,1,1.5-2.5 hours,0.5027541546739254
1158,1159,Title 1159,TV Show,1995,2019-10-26,TV-MA,117.0,7.0,Action,United States,Korean,7.4,3.7,1,2069047,79.5,1373881,30,1990,0,1.5-2.5 hours,0.6283579034842346
1159,1160,Title 1160,TV Show,2002,2021-12-06,TV-Y,130.0,7.0,Action,France,Spanish,7.4,4.8,1,1236940,58.5,1145455,23,2000,1,1.5-2.5 hours,0.4195415102391531
1160,1161,Title 1161,TV Show,2010,2015-08-21,TV-14,67.0,5.0,Thriller,Germany,Japanese,8.1,3.3,1,1617411,51.2,54767,15,2010,0,1-1.5 hours,0.4474123171838722
1161,1162,Title 1162,Movie,1982,2016-10-10,TV-14,118.0,0.0,Thriller,South Korea,French,5.8,4.9,1,3989789,80.6,1609472,43,1980,0,1.5-2.5 hours,0.9208699957924884
1162,1163,Title 1163,TV Show,2000,2018-03-02,TV-PG,154.0,5.0,Romance,Germany,Japanese,7.9,3.7,0,181361,62.8,109933,25,2000,1,> 2.5 hours,0.27840422481161825
1163,1164,Title 1164,TV Show,2005,2021-09-30,TV-14,142.0,5.0,Romance,Australia,Korean,9.0,3.8,1,143397,51.1,1213258,20,2000,0,> 2.5 hours,0.2259096091514252
1164,1165,Title 1165,Movie,2015,2016-05-31,TV-Y7,154.0,2.0,Adventure,Australia,French,4.1,3.9,1,3211519,58.7,1192897,10,2010,1,> 2.5 hours,0.7165291747552306
1165,1166,Title 1166,TV Show,2021,2015-11-18,G,0.0,5.0,Romance,Spain,German,8.8,4.4,1,1271728,37.5,1075420,4,2020,1,N/A,0.34075972458924264
1166,1167,Title 1167,Movie,2016,2019-04-02,TV-PG,85.0,6.0,Action,Australia,Hindi,5.2,4.4,0,1162983,35.1,1927217,9,2010,1,1-1.5 hours,0.31484792973180675
1167,1168,Title 1168,TV Show,2001,2017-09-28,TV-PG,177.0,3.0,Adventure,Spain,German,6.5,4.0,0,3021896,94.2,772991,24,2000,1,> 2.5 hours,0.830085646535528
1168,1169,Title 1169,Movie,2021,2017-08-31,G,112.0,2.0,Horror,United States,Hindi,8.7,4.0,0,2310470,92.7,1778771,4,2020,1,1.5-2.5 hours,0.7173714530714959
1169,1170,Title 1170,Movie,1991,2021-08-31,TV-Y,112.0,0.0,Crime,United Kingdom,Korean,8.5,3.1,1,3745324,51.6,1482693,34,1990,1,1.5-2.5 hours,0.7682001449503987
1170,1171,Title 1171,TV Show,2021,2021-06-22,TV-Y,0.0,5.0,Crime,India,Korean,8.9,3.6,0,3579228,58.6,594145,4,2020,1,N/A,0.7712856764356102
1171,1172,Title 1172,Movie,1992,2018-08-26,TV-PG,141.0,0.0,Crime,South Korea,German,9.2,3.7,1,201032,82.0,1845231,33,1990,1,> 2.5 hours,0.35815488292592806
1172,1173,Title 1173,Movie,1990,2019-03-20,TV-Y,171.0,5.0,Drama,Spain,French,6.5,4.1,1,3056257,74.4,274589,35,1990,1,> 2.5 hours,0.7560398107094795
1173,1174,Title 1174,Movie,1995,2017-02-24,PG-13,120.0,0.0,Drama,Japan,Japanese,7.6,4.1,0,3276714,27.5,1442735,30,1990,0,1.5-2.5 hours,0.601508451648242
1174,1175,Title 1175,Movie,1987,2015-11-20,PG-13,123.0,0.0,Romance,United Kingdom,Hindi,6.1,4.4,1,2776592,48.1,354517,38,1980,0,1.5-2.5 hours,0.6088899453473497
1175,1176,Title 1176,Movie,2019,2023-07-10,TV-MA,111.0,0.0,Crime,Canada,Hindi,5.9,4.4,0,3920406,38.8,972922,6,2010,0,1.5-2.5 hours,0.7432625171719222
1176,1177,Title 1177,Movie,2019,2020-02-28,PG,118.0,0.0,Comedy,Japan,Spanish,6.4,3.5,1,3628627,94.4,241422,6,2010,1,1.5-2.5 hours,0.9218955468127538
1177,1178,Title 1178,TV Show,2024,2018-09-06,R,119.0,5.0,Thriller,United Kingdom,English,8.1,4.5,0,226703,76.2,40544,1,2020,0,1.5-2.5 hours,0.33880554351524467
1178,1179,Title 1179,Movie,1981,2018-07-15,TV-14,118.0,8.0,Comedy,Japan,French,6.8,3.0,0,1627801,23.6,893463,44,1980,0,1.5-2.5 hours,0.33857082146975903
1179,1180,Title 1180,Movie,2009,2016-04-25,TV-Y,103.0,0.0,Crime,France,French,8.5,4.4,0,2485815,87.5,463282,16,2000,1,1.5-2.5 hours,0.7228732754015075
1180,1181,Title 1181,TV Show,2009,2021-03-21,PG-13,179.0,6.0,Crime,Japan,Spanish,8.1,3.2,1,2898482,89.6,1719847,16,2000,0,> 2.5 hours,0.793173495627113
1181,1182,Title 1182,TV Show,1991,2021-10-01,TV-Y7,97.0,2.0,Thriller,Spain,Korean,4.1,4.5,1,191302,45.0,907026,34,1990,1,1-1.5 hours,0.20869537891229203
1182,1183,Title 1183,TV Show,1989,2020-11-02,G,0.0,5.0,Crime,United Kingdom,German,7.5,4.1,1,2243574,68.1,416096,36,1980,1,N/A,0.60893702547682
1183,1184,Title 1184,TV Show,2023,2020-06-10,PG,82.0,8.0,Sci-Fi,Canada,French,6.4,3.9,0,1654858,71.2,1103411,2,2020,1,1-1.5 hours,0.5330293826308024
1184,1185,Title 1185,TV Show,1990,2020-02-18,TV-MA,180.0,8.0,Action,Australia,Hindi,6.5,4.4,1,717070,74.7,15479,35,1990,0,> 2.5 hours,0.4063607957921884
1185,1186,Title 1186,TV Show,1994,2017-05-11,R,0.0,5.0,Adventure,Japan,Spanish,8.5,3.1,0,3438601,72.0,1706592,31,1990,0,N/A,0.8037915684268131
1186,1187,Title 1187,TV Show,1995,2023-06-02,PG-13,0.0,5.0,Thriller,Canada,German,7.0,3.4,1,2538568,62.0,122568,30,1990,0,N/A,0.6287862471621797
1187,1188,Title 1188,Movie,1996,2022-11-28,TV-MA,89.0,5.0,Crime,United Kingdom,Japanese,8.9,4.2,1,1356383,91.5,1848394,29,1990,0,1-1.5 hours,0.5694580095095262
1188,1189,Title 1189,Movie,2005,2018-04-03,PG,118.0,6.0,Drama,Canada,German,7.9,4.7,1,529194,58.4,1374573,20,2000,1,1.5-2.5 hours,0.3129793182931253
1189,1190,Title 1190,TV Show,1981,2023-10-15,G,121.0,8.0,Drama,India,French,7.0,3.8,1,3126435,28.3,162280,44,1980,1,1.5-2.5 hours,0.582166539657984
1190,1191,Title 1191,Movie,1991,2016-03-04,TV-14,136.0,0.0,Action,India,English,8.1,3.5,0,618765,26.0,573221,34,1990,0,1.5-2.5 hours,0.1968150052412644
1191,1192,Title 1192,Movie,2005,2015-02-19,PG-13,118.0,3.0,Drama,Japan,Hindi,4.2,4.0,0,2965465,21.4,159924,20,2000,0,1.5-2.5 hours,0.5304209732576766
1192,1193,Title 1193,Movie,2002,2019-04-30,G,69.0,0.0,Adventure,Japan,German,4.1,4.2,0,1347213,52.1,720602,23,2000,1,1-1.5 hours,0.41048250572689077
1193,1194,Title 1194,TV Show,1997,2021-03-13,R,119.0,5.0,Mystery,Japan,Japanese,4.5,3.8,0,1031408,40.5,433037,28,1990,0,1.5-2.5 hours,0.31671162545697007
1194,1195,Title 1195,TV Show,2011,2021-09-20,TV-Y,149.0,8.0,Mystery,South Korea,Hindi,6.4,4.8,1,697110,87.1,1123867,14,2010,1,> 2.5 hours,0.4529667875586658
1195,1196,Title 1196,Movie,2017,2016-11-13,PG,62.0,0.0,Mystery,France,French,5.3,4.0,0,1288059,85.0,1674404,8,2010,1,1-1.5 hours,0.5332093813257986
1196,1197,Title 1197,TV Show,1982,2016-03-08,R,174.0,1.0,Action,Canada,Spanish,9.4,3.1,1,3586813,82.8,1818014,43,1980,0,> 2.5 hours,0.8692234295644312
1197,1198,Title 1198,Movie,2017,2023-02-14,TV-14,118.0,0.0,Action,Germany,Japanese,7.0,3.4,1,3724453,85.0,978971,8,2010,0,1.5-2.5 hours,0.8986694863410873
1198,1199,Title 1199,Movie,1982,2019-01-11,G,118.0,0.0,Adventure,United States,German,7.6,3.9,0,2125626,42.3,1603173,43,1980,1,1.5-2.5 hours,0.48804477682313624
1199,1200,Title 1200,Movie,2009,2022-01-08,TV-14,163.0,8.0,Thriller,Japan,Japanese,5.5,4.4,0,2740896,52.0,1237366,16,2000,0,> 2.5 hours,0.6191355306227092
1200,1201,Title 1201,Movie,1980,2019-12-30,TV-PG,89.0,2.0,Romance,Spain,French,5.8,3.4,0,3718168,43.4,577863,45,1980,1,1-1.5 hours,0.7313267337485178
1201,1202,Title 1202,TV Show,2009,2023-04-29,PG-13,175.0,5.0,Mystery,India,German,5.8,5.0,0,1768649,26.5,1108466,16,2000,0,> 2.5 hours,0.37129807956971883
1202,1203,Title 1203,TV Show,2024,2022-03-04,TV-Y,0.0,5.0,Drama,India,Japanese,7.8,3.6,1,378807,89.3,1227641,1,2020,1,N/A,0.41402120625831723
1203,1204,Title 1204,TV Show,2011,2021-07-12,PG,68.0,5.0,Comedy,Australia,Spanish,6.6,4.1,1,3513625,66.2,1685919,14,2010,1,1-1.5 hours,0.7918451993742983
1204,1205,Title 1205,Movie,2007,2022-11-29,TV-Y7,118.0,3.0,Romance,United States,Japanese,6.8,3.0,1,1348403,29.9,1417520,18,2000,1,1.5-2.5 hours,0.3218610062177671
1205,1206,Title 1206,TV Show,2000,2017-11-14,G,141.0,8.0,Adventure,Canada,Hindi,7.3,4.8,1,2494702,35.5,1639812,25,2000,1,> 2.5 hours,0.5162063290674049
1206,1207,Title 1207,Movie,1992,2018-11-04,TV-Y7,118.0,8.0,Thriller,United Kingdom,Hindi,8.2,4.6,0,1687252,53.8,339898,33,1990,1,1.5-2.5 hours,0.468288495993364
1207,1208,Title 1208,TV Show,2006,2023-07-20,PG-13,0.0,5.0,Drama,United States,German,4.5,3.4,0,611783,23.9,1282112,19,2000,0,N/A,0.1873677023611815
1208,1209,Title 1209,Movie,2015,2015-05-22,PG-13,118.0,0.0,Crime,France,French,8.3,4.9,1,2058465,40.4,942173,10,2010,0,1.5-2.5 hours,0.4703705991191476
1209,1210,Title 1210,Movie,1986,2022-01-16,PG,97.0,0.0,Thriller,Japan,Spanish,7.1,3.6,0,2283733,72.8,1303329,39,1980,1,1-1.5 hours,0.6337608920424531
1210,1211,Title 1211,Movie,2001,2022-01-16,PG-13,118.0,1.0,Mystery,Spain,Korean,7.7,4.4,0,252089,89.0,1721851,24,2000,0,1.5-2.5 hours,0.3938134539869985
1211,1212,Title 1212,TV Show,1989,2017-01-31,TV-Y7,66.0,2.0,Mystery,Canada,Hindi,5.8,4.6,1,2304257,89.7,458911,36,1980,1,1-1.5 hours,0.7044395005086264
1212,1213,Title 1213,TV Show,2018,2023-06-14,TV-Y7,0.0,5.0,Crime,Canada,Japanese,6.3,4.5,1,1265870,59.0,906167,7,2010,1,N/A,0.425881022172811
1213,1214,Title 1214,TV Show,1994,2019-01-05,TV-14,0.0,5.0,Adventure,Japan,Korean,5.3,4.8,1,886635,43.4,1786578,31,1990,0,N/A,0.30659561573794325
1214,1215,Title 1215,TV Show,1994,2015-09-28,R,0.0,5.0,Horror,France,Japanese,9.4,4.7,0,2367418,89.1,1780346,31,1990,0,N/A,0.7115136765626106
1215,1216,Title 1216,Movie,1983,2021-01-10,TV-MA,160.0,3.0,Thriller,Japan,German,6.7,5.0,1,866919,79.0,484045,42,1980,0,> 2.5 hours,0.44603820760507096
1216,1217,Title 1217,TV Show,2011,2016-02-20,R,113.0,2.0,Crime,Japan,Korean,9.5,3.4,0,244500,64.0,828009,14,2010,0,1.5-2.5 hours,0.29267510085652737
1217,1218,Title 1218,TV Show,2002,2022-08-15,R,116.0,5.0,Adventure,United States,French,6.7,3.6,1,691563,82.6,411742,23,2000,0,1.5-2.5 hours,0.43413473527052204
1218,1219,Title 1219,Movie,1985,2022-03-07,TV-Y,118.0,7.0,Adventure,Spain,Japanese,5.2,4.3,0,725001,54.4,441971,40,1980,1,1.5-2.5 hours,0.32635044906373495
1219,1220,Title 1220,Movie,2003,2020-03-22,PG-13,118.0,4.0,Action,Canada,French,6.8,4.5,0,1854482,28.4,371626,22,2000,0,1.5-2.5 hours,0.3917730649759287
1220,1221,Title 1221,Movie,1999,2017-12-16,TV-14,151.0,0.0,Thriller,Australia,Japanese,4.2,4.1,1,2342881,90.4,467455,26,1990,0,> 2.5 hours,0.7130331164410701
1221,1222,Title 1222,TV Show,2016,2018-11-05,TV-Y,149.0,5.0,Drama,Japan,Korean,9.0,3.1,1,3200595,60.1,92549,9,2010,1,> 2.5 hours,0.7204905702490682
1222,1223,Title 1223,Movie,1999,2017-10-14,TV-Y,118.0,0.0,Horror,South Korea,French,8.5,4.7,1,648887,72.1,770183,26,1990,1,1.5-2.5 hours,0.38573331766662355
1223,1224,Title 1224,Movie,1991,2019-12-06,TV-MA,118.0,0.0,Sci-Fi,United Kingdom,Hindi,8.0,4.9,0,1678848,49.4,1523342,34,1990,0,1.5-2.5 hours,0.4494278925267044
1224,1225,Title 1225,Movie,2012,2022-01-31,G,72.0,0.0,Comedy,Japan,German,7.4,3.8,1,3408847,30.2,960352,13,2010,1,1-1.5 hours,0.6321284561532544
1225,1226,Title 1226,TV Show,2007,2018-01-22,TV-Y7,155.0,5.0,Thriller,Japan,Korean,7.2,3.4,1,2040761,40.4,1354397,18,2000,1,> 2.5 hours,0.46771499181622744
1226,1227,Title 1227,Movie,1987,2015-10-16,PG-13,118.0,7.0,Romance,Canada,Japanese,9.5,3.0,1,2194607,23.3,444625,38,1980,0,1.5-2.5 hours,0.422391955277877
1227,1228,Title 1228,TV Show,1980,2021-04-02,TV-Y,109.0,6.0,Adventure,India,Hindi,5.5,3.5,0,3688654,26.6,963342,45,1980,1,1.5-2.5 hours,0.6596996215739593
1228,1229,Title 1229,TV Show,2016,2017-08-01,TV-14,0.0,3.0,Action,Germany,Japanese,8.3,4.4,0,2470434,35.4,1413802,9,2010,0,N/A,0.5121661190568274
1229,1230,Title 1230,Movie,2001,2023-08-08,G,118.0,0.0,Crime,United Kingdom,Korean,7.2,4.8,1,2789548,62.1,1424453,24,2000,1,1.5-2.5 hours,0.6668333506917145
1230,1231,Title 1231,Movie,1985,2018-02-14,TV-MA,104.0,0.0,Mystery,India,Japanese,9.4,3.2,1,3086640,94.5,423678,40,1980,0,1.5-2.5 hours,0.8409972732425014
1231,1232,Title 1232,TV Show,2000,2017-10-06,TV-PG,88.0,5.0,Crime,United States,Hindi,8.6,4.1,1,1556113,83.3,1908327,25,2000,1,1-1.5 hours,0.5666175918983777
1232,1233,Title 1233,Movie,2011,2023-09-14,PG-13,118.0,2.0,Crime,South Korea,French,9.5,4.4,0,535689,26.4,356043,14,2010,0,1.5-2.5 hours,0.18595357097232018
1233,1234,Title 1234,Movie,2014,2018-03-03,TV-PG,164.0,0.0,Horror,Germany,French,7.2,3.6,1,1536346,83.2,1718711,11,2010,1,> 2.5 hours,0.5632525337444678
1234,1235,Title 1235,TV Show,1994,2022-08-26,R,160.0,5.0,Thriller,United Kingdom,German,5.1,4.1,1,131774,60.2,1802684,31,1990,0,> 2.5 hours,0.2605661543569245
1235,1236,Title 1236,TV Show,1984,2018-12-28,TV-Y,94.0,5.0,Crime,India,Japanese,6.8,4.4,0,320326,69.5,517234,41,1980,1,1-1.5 hours,0.3260490321348383
1236,1237,Title 1237,Movie,1985,2020-05-26,PG,152.0,4.0,Horror,Spain,French,7.9,4.7,1,1983280,29.7,1119315,40,1980,1,> 2.5 hours,0.4162928181052498
1237,1238,Title 1238,TV Show,2004,2016-05-07,PG-13,166.0,7.0,Sci-Fi,Spain,Spanish,8.3,3.9,0,1369912,49.7,797161,21,2000,0,> 2.5 hours,0.404287365090254
1238,1239,Title 1239,Movie,2019,2015-12-30,TV-Y7,118.0,0.0,Drama,France,Hindi,4.0,4.5,0,3272887,86.3,1676275,6,2010,1,1.5-2.5 hours,0.8361344000696002
1239,1240,Title 1240,Movie,2008,2020-01-07,G,134.0,8.0,Sci-Fi,Japan,Hindi,6.8,3.6,1,1663120,51.9,447187,17,2000,1,1.5-2.5 hours,0.4570686860388866
1240,1241,Title 1241,Movie,1986,2019-09-12,TV-14,118.0,0.0,Thriller,South Korea,Korean,5.3,3.4,1,1832143,29.5,1155022,39,1980,0,1.5-2.5 hours,0.3928222057610658
1241,1242,Title 1242,TV Show,2019,2017-01-18,PG-13,113.0,2.0,Mystery,Germany,German,8.8,3.4,1,3987257,43.3,1590769,6,2010,0,1.5-2.5 hours,0.7712901947480356
1242,1243,Title 1243,Movie,1992,2022-08-01,TV-Y7,118.0,0.0,Sci-Fi,United Kingdom,English,4.8,3.7,0,3363680,36.6,1372892,33,1990,1,1.5-2.5 hours,0.6509533875218156
1243,1244,Title 1244,Movie,2017,2023-01-27,TV-PG,118.0,1.0,Horror,Spain,French,7.7,3.1,0,2787521,71.5,740101,8,2010,1,1.5-2.5 hours,0.7041292998555746
1244,1245,Title 1245,Movie,1997,2022-05-25,G,174.0,0.0,Horror,South Korea,English,5.5,3.6,1,1509265,88.3,260535,28,1990,1,> 2.5 hours,0.5795903725735245
1245,1246,Title 1246,TV Show,1981,2017-06-24,TV-MA,92.0,5.0,Comedy,Germany,Spanish,6.0,4.3,0,1177285,75.0,453688,44,1980,0,1-1.5 hours,0.476593235631398
1246,1247,Title 1247,TV Show,1987,2022-03-02,TV-Y,0.0,6.0,Adventure,France,German,9.2,4.3,1,210880,83.3,606156,38,1980,1,N/A,0.3648320869882392
1247,1248,Title 1248,TV Show,1990,2015-09-18,PG-13,0.0,5.0,Romance,Spain,Hindi,5.3,3.1,0,721363,80.4,570320,35,1990,0,N/A,0.42980474756305587
1248,1249,Title 1249,TV Show,2012,2015-12-05,PG,0.0,5.0,Romance,Canada,English,4.5,3.6,1,1825007,21.1,981264,13,2010,1,N/A,0.3581518028174578
1249,1250,Title 1250,TV Show,2017,2018-01-18,TV-PG,0.0,5.0,Thriller,Spain,Spanish,4.4,4.1,1,2003862,29.3,269080,8,2010,1,N/A,0.41778012659534813
1250,1251,Title 1251,Movie,2006,2022-11-03,TV-PG,118.0,1.0,Adventure,Australia,German,6.8,3.6,0,228076,51.8,121178,19,2000,1,1.5-2.5 hours,0.24141149408160875
1251,1252,Title 1252,TV Show,1999,2016-01-18,PG-13,100.0,2.0,Comedy,Canada,Spanish,7.5,3.8,1,1388428,28.4,1808991,26,1990,0,1-1.5 hours,0.32186477272812497
1252,1253,Title 1253,TV Show,1991,2021-08-06,R,0.0,5.0,Action,South Korea,French,5.8,4.4,0,1135883,75.1,1765996,34,1990,0,N/A,0.470782918553026
1253,1254,Title 1254,TV Show,2022,2017-11-19,TV-PG,128.0,7.0,Crime,France,English,7.8,3.0,0,1298499,25.3,1864435,3,2020,1,1.5-2.5 hours,0.2959753856323105
1254,1255,Title 1255,Movie,2010,2022-02-08,TV-Y7,118.0,0.0,Sci-Fi,India,Korean,4.3,3.6,1,2855556,51.2,1978270,15,2010,1,1.5-2.5 hours,0.6331345779200893
1255,1256,Title 1256,TV Show,2006,2023-07-22,TV-14,0.0,5.0,Adventure,United States,Korean,8.7,3.3,1,2190676,49.4,736842,19,2000,0,N/A,0.526202303656335
1256,1257,Title 1257,TV Show,2011,2019-07-23,TV-Y,0.0,8.0,Crime,Japan,German,8.5,3.3,0,1948812,60.8,1843446,14,2010,1,N/A,0.5355226038871607
1257,1258,Title 1258,Movie,1989,2015-05-29,TV-PG,118.0,0.0,Action,Japan,Spanish,9.4,4.9,1,339812,67.2,397265,36,1980,1,1.5-2.5 hours,0.3197719401728355
1258,1259,Title 1259,TV Show,1982,2019-01-07,TV-Y7,156.0,5.0,Mystery,Spain,Hindi,9.2,3.8,0,585225,91.0,872729,43,1980,1,> 2.5 hours,0.4517839914059764
1259,1260,Title 1260,Movie,2024,2019-08-01,G,118.0,2.0,Comedy,United Kingdom,English,6.0,4.1,0,67104,40.3,685248,1,2020,1,1.5-2.5 hours,0.17126562768047612
1260,1261,Title 1261,Movie,2006,2019-02-06,G,118.0,0.0,Crime,Canada,Korean,6.2,4.5,1,1627190,69.9,918426,19,2000,1,1.5-2.5 hours,0.5236791712177209
1261,1262,Title 1262,Movie,2014,2021-11-07,TV-Y,90.0,0.0,Comedy,Australia,Korean,8.1,3.1,1,2740573,22.6,1874733,11,2010,1,1-1.5 hours,0.5014870804894713
1262,1263,Title 1263,Movie,2010,2018-12-16,R,118.0,5.0,Comedy,Spain,Spanish,4.7,3.5,1,2709167,20.1,1035302,15,2010,0,1.5-2.5 hours,0.4867761675344608
1263,1264,Title 1264,Movie,1994,2022-06-22,PG,118.0,0.0,Adventure,France,Korean,5.7,4.7,1,1401246,21.9,248357,31,1990,1,1.5-2.5 hours,0.29778747801556454
1264,1265,Title 1265,TV Show,1995,2018-07-04,TV-Y,0.0,6.0,Horror,United States,Japanese,4.7,4.7,1,2892068,53.7,1672898,30,1990,1,N/A,0.6486113929813306
1265,1266,Title 1266,Movie,1992,2021-09-17,TV-MA,118.0,0.0,Drama,India,Spanish,6.5,3.7,1,78341,61.6,662329,33,1990,0,1.5-2.5 hours,0.25815118231575135
1266,1267,Title 1267,Movie,2014,2018-05-18,R,173.0,2.0,Thriller,United States,English,7.0,3.7,0,2871928,20.5,578547,11,2010,0,> 2.5 hours,0.5127903846735579
1267,1268,Title 1268,TV Show,1990,2021-08-24,TV-PG,118.0,7.0,Romance,Australia,Spanish,5.2,4.5,1,3785311,49.7,214572,35,1990,1,1.5-2.5 hours,0.7665982114450816
1268,1269,Title 1269,Movie,2000,2022-11-11,TV-Y,118.0,3.0,Comedy,United States,Korean,4.1,3.6,1,1832322,23.1,1650364,25,2000,1,1.5-2.5 hours,0.3672490558349035
1269,1270,Title 1270,TV Show,1990,2018-09-14,G,81.0,3.0,Adventure,United States,Spanish,8.0,3.2,1,3348048,69.0,72943,35,1990,1,1-1.5 hours,0.7782085810735979
1270,1271,Title 1271,TV Show,2009,2018-04-03,TV-Y7,78.0,5.0,Adventure,South Korea,Korean,4.1,3.5,1,3407479,67.3,657584,16,2000,1,1-1.5 hours,0.7803232555889529
1271,1272,Title 1272,TV Show,2014,2021-05-21,TV-Y,136.0,5.0,Crime,France,French,9.4,3.8,0,3349857,78.8,1615542,11,2010,1,1.5-2.5 hours,0.8176799318198125
1272,1273,Title 1273,Movie,2001,2017-09-24,R,118.0,4.0,Crime,France,German,5.2,3.1,0,1827953,61.0,824280,24,2000,0,1.5-2.5 hours,0.518193704032686
1273,1274,Title 1274,Movie,2017,2016-05-18,TV-MA,118.0,4.0,Sci-Fi,Germany,Korean,7.7,4.0,1,423977,66.7,928848,8,2010,0,1.5-2.5 hours,0.3303967248909935
1274,1275,Title 1275,Movie,2010,2018-09-12,TV-Y7,86.0,7.0,Comedy,Spain,Japanese,6.4,4.5,0,869132,41.0,1746401,15,2010,1,1-1.5 hours,0.2943701585179359
1275,1276,Title 1276,TV Show,1993,2016-06-19,TV-14,179.0,5.0,Drama,United Kingdom,Japanese,4.3,4.0,1,1891251,26.4,1683905,32,1990,0,> 2.5 hours,0.38928843014318293
1276,1277,Title 1277,Movie,2003,2017-09-03,TV-MA,118.0,1.0,Thriller,Germany,Japanese,6.6,3.1,1,1137636,75.3,233599,22,2000,0,1.5-2.5 hours,0.4718458692761405
1277,1278,Title 1278,Movie,2011,2019-08-06,TV-PG,118.0,0.0,Thriller,France,Japanese,6.8,3.9,1,3277008,65.9,839999,14,2010,1,1.5-2.5 hours,0.7551525517695173
1278,1279,Title 1279,Movie,2015,2019-08-28,TV-Y,118.0,7.0,Mystery,Japan,Korean,8.7,4.4,1,2539498,90.4,780852,10,2010,1,1.5-2.5 hours,0.7425257475458058
1279,1280,Title 1280,TV Show,2011,2019-05-07,TV-Y,0.0,5.0,Mystery,Spain,Korean,8.0,3.1,0,291586,94.2,512477,14,2010,1,N/A,0.4205380202795558
1280,1281,Title 1281,TV Show,1994,2020-03-05,PG-13,0.0,5.0,Sci-Fi,Australia,German,4.4,3.1,1,2172122,83.5,1689189,31,1990,0,N/A,0.659819196002789
1281,1282,Title 1282,Movie,2022,2022-12-28,G,127.0,7.0,Romance,South Korea,French,5.2,3.7,1,1623239,93.9,1232560,3,2020,1,1.5-2.5 hours,0.6190865195879289
1282,1283,Title 1283,Movie,2014,2020-01-06,TV-PG,118.0,6.0,Mystery,India,Hindi,5.7,3.4,1,2644917,68.6,1998485,11,2010,1,1.5-2.5 hours,0.6711386410312628
1283,1284,Title 1284,Movie,1982,2023-07-31,TV-Y,117.0,0.0,Action,Japan,Korean,4.6,4.9,0,1989058,26.9,107114,43,1980,1,1.5-2.5 hours,0.4059595204886813
1284,1285,Title 1285,Movie,1995,2015-07-07,TV-14,118.0,3.0,Sci-Fi,France,Hindi,6.5,4.2,0,3610205,26.7,824405,30,1990,0,1.5-2.5 hours,0.6483322392136578
1285,1286,Title 1286,TV Show,1984,2019-03-09,TV-Y7,0.0,1.0,Thriller,Spain,English,9.4,3.6,1,723883,80.5,1604166,41,1980,1,N/A,0.43058274860255874
1286,1287,Title 1287,TV Show,2000,2018-12-14,TV-PG,129.0,5.0,Thriller,France,French,6.8,4.4,0,1837830,37.8,233147,25,2000,1,1.5-2.5 hours,0.42687525810695975
1287,1288,Title 1288,TV Show,1989,2020-02-27,R,0.0,5.0,Drama,Canada,Spanish,8.1,3.7,0,3894506,24.6,1629761,36,1980,0,N/A,0.6825775064881429
1288,1289,Title 1289,TV Show,1998,2015-04-24,TV-14,144.0,1.0,Adventure,Germany,Hindi,7.8,3.3,0,1299685,55.4,1882181,27,1990,0,> 2.5 hours,0.4165532861215368
1289,1290,Title 1290,Movie,2004,2022-07-31,TV-Y7,118.0,8.0,Action,India,Japanese,8.7,3.5,1,269156,43.6,1817038,21,2000,1,1.5-2.5 hours,0.21477351102715533
1290,1291,Title 1291,Movie,1983,2021-11-10,PG,118.0,0.0,Romance,India,French,5.2,4.3,1,2584007,64.1,1825912,42,1980,1,1.5-2.5 hours,0.6440021159058187
1291,1292,Title 1292,Movie,2008,2022-05-15,G,118.0,0.0,Crime,United Kingdom,English,8.1,3.1,1,2668775,65.0,782623,17,2000,1,1.5-2.5 hours,0.6603173508727149
1292,1293,Title 1293,TV Show,1998,2018-02-19,TV-PG,0.0,5.0,Sci-Fi,Canada,French,8.8,3.5,1,727906,71.1,431166,27,1990,1,N/A,0.3935862002620507
1293,1294,Title 1294,Movie,2022,2018-08-02,TV-MA,118.0,0.0,Mystery,United States,Spanish,4.9,3.4,0,227687,63.2,1882568,3,2020,0,1.5-2.5 hours,0.2869531439211458
1294,1295,Title 1295,TV Show,1981,2018-12-16,TV-Y7,179.0,5.0,Horror,Canada,Korean,5.9,3.4,1,2666857,48.6,865681,44,1980,1,> 2.5 hours,0.5944296500815377
1295,1296,Title 1296,TV Show,1989,2015-04-26,R,94.0,5.0,Drama,India,Korean,9.3,4.4,0,3812328,21.8,169396,36,1980,0,1-1.5 hours,0.6590507725896246
1296,1297,Title 1297,Movie,2022,2017-01-07,TV-Y,124.0,0.0,Thriller,Japan,Japanese,8.3,4.7,1,2126972,87.9,1296748,3,2020,1,1.5-2.5 hours,0.6706466773783628
1297,1298,Title 1298,Movie,2004,2018-06-23,TV-MA,118.0,0.0,Horror,United Kingdom,Korean,5.6,4.4,1,2570939,44.5,1692710,21,2000,0,1.5-2.5 hours,0.5636419105152539
1298,1299,Title 1299,Movie,1999,2021-06-05,TV-14,68.0,3.0,Sci-Fi,Australia,German,7.1,4.3,0,3286252,58.0,1660388,26,1990,0,1-1.5 hours,0.7249391555826779
1299,1300,Title 1300,TV Show,1998,2017-04-29,G,173.0,5.0,Comedy,Japan,German,6.2,4.8,0,3333145,61.8,1216924,27,1990,1,> 2.5 hours,0.7471731249260934
1300,1301,Title 1301,Movie,2002,2019-01-25,TV-MA,88.0,0.0,Romance,Spain,German,6.7,3.1,1,2595650,43.6,1183106,23,2000,0,1-1.5 hours,0.5637485707085694
1301,1302,Title 1302,TV Show,2003,2020-10-27,R,68.0,5.0,Comedy,United States,Japanese,6.0,3.3,0,2489306,43.1,1259600,22,2000,0,1-1.5 hours,0.5457969268415488
1302,1303,Title 1303,Movie,1990,2016-06-10,TV-Y7,69.0,6.0,Sci-Fi,Germany,German,5.5,3.8,1,1014631,39.6,1594604,35,1990,1,1-1.5 hours,0.3105950685364385
1303,1304,Title 1304,TV Show,2013,2017-10-20,PG,0.0,5.0,Comedy,Australia,English,7.7,3.7,1,2186075,38.3,1468479,12,2010,1,N/A,0.4811121517584173
1304,1305,Title 1305,TV Show,2007,2015-07-28,TV-Y,119.0,5.0,Romance,Japan,Japanese,8.3,3.8,1,1973206,22.3,387350,18,2000,1,1.5-2.5 hours,0.38518171394971334
1305,1306,Title 1306,Movie,1984,2022-09-06,G,83.0,0.0,Adventure,Spain,French,8.8,3.4,1,1638135,91.8,39598,41,1980,1,1-1.5 hours,0.6129209257325458
1306,1307,Title 1307,TV Show,1984,2020-11-20,TV-MA,144.0,5.0,Sci-Fi,France,English,4.9,3.3,1,2538400,64.6,390862,41,1980,0,> 2.5 hours,0.6391610470928795
1307,1308,Title 1308,TV Show,2000,2020-05-25,G,0.0,5.0,Horror,South Korea,Korean,8.5,4.0,0,985266,28.1,1247932,25,2000,1,N/A,0.2601903064233427
1308,1309,Title 1309,Movie,1991,2019-04-16,G,107.0,8.0,Comedy,United States,Spanish,5.4,4.9,0,2525077,64.4,1680199,34,1990,1,1.5-2.5 hours,0.6363625915971269
1309,1310,Title 1310,TV Show,1983,2015-09-21,G,160.0,2.0,Romance,Germany,German,6.4,3.8,1,3962907,37.4,360399,42,1980,1,> 2.5 hours,0.744037684703633
1310,1311,Title 1311,Movie,2021,2015-12-01,TV-Y7,118.0,0.0,Mystery,United Kingdom,French,9.0,3.1,1,3257758,43.3,1261349,4,2020,1,1.5-2.5 hours,0.6618650438288705
1311,1312,Title 1312,TV Show,1999,2022-07-13,G,0.0,6.0,Crime,Canada,Spanish,6.5,4.4,0,2694959,80.1,709198,26,1990,1,N/A,0.7246449616736446
1312,1313,Title 1313,Movie,2017,2018-12-09,PG,118.0,4.0,Romance,South Korea,Japanese,5.1,3.6,0,2375782,86.4,386911,8,2010,1,1.5-2.5 hours,0.70196828001277
1313,1314,Title 1314,Movie,2004,2016-02-01,TV-14,151.0,6.0,Drama,United States,Japanese,4.9,3.5,0,3589654,72.5,1399851,21,2000,0,> 2.5 hours,0.828449580736347
1314,1315,Title 1315,TV Show,1993,2015-12-06,R,159.0,5.0,Crime,Australia,English,6.6,3.6,1,78026,89.9,860347,32,1990,0,> 2.5 hours,0.37130393218581353
1315,1316,Title 1316,TV Show,1990,2020-08-23,PG,0.0,5.0,Mystery,France,German,8.2,4.4,1,663669,87.9,83830,35,1990,1,N/A,0.4511506237642154
1316,1317,Title 1317,TV Show,2011,2015-01-20,R,88.0,2.0,Action,United Kingdom,Japanese,9.5,4.6,1,954606,61.3,395752,14,2010,0,1-1.5 hours,0.38839129377605786
1317,1318,Title 1318,TV Show,1990,2019-09-05,TV-14,0.0,5.0,Horror,India,English,8.3,4.2,1,3724908,88.1,1447837,35,1990,0,N/A,0.9111377365287754
1318,1319,Title 1319,TV Show,1997,2016-03-19,TV-PG,149.0,4.0,Thriller,Japan,English,8.8,3.6,1,1478907,60.9,1532673,28,1990,1,> 2.5 hours,0.46543666005081513
1319,1320,Title 1320,Movie,2006,2015-02-02,TV-14,109.0,5.0,Mystery,Japan,Hindi,8.1,3.6,1,610283,27.8,599396,19,2000,0,1.5-2.5 hours,0.2027427017424298
1320,1321,Title 1321,TV Show,1997,2019-06-07,TV-MA,0.0,8.0,Adventure,United Kingdom,French,8.9,3.2,0,829851,82.2,1093794,28,1990,0,N/A,0.4532779923144789
1321,1322,Title 1322,Movie,2002,2020-03-29,PG,107.0,1.0,Crime,India,English,4.4,4.9,0,1246762,29.8,1395403,23,2000,1,1.5-2.5 hours,0.30621481429073927
1322,1323,Title 1323,Movie,1990,2018-04-01,TV-MA,118.0,0.0,Adventure,Japan,Korean,9.1,4.3,1,440979,43.7,1545564,35,1990,0,1.5-2.5 hours,0.24094703190433778
1323,1324,Title 1324,TV Show,2000,2020-02-01,TV-MA,60.0,2.0,Crime,United States,Japanese,6.2,3.1,0,1711204,48.5,1301009,25,2000,0,1-1.5 hours,0.4506813058735911
1324,1325,Title 1325,Movie,2023,2017-05-16,TV-MA,159.0,0.0,Drama,United Kingdom,English,9.1,4.3,0,942168,80.5,1473090,2,2020,0,> 2.5 hours,0.4633255886453688
1325,1326,Title 1326,Movie,1984,2020-03-16,G,145.0,0.0,Action,United Kingdom,German,4.4,3.9,1,3958193,26.3,35315,41,1980,1,> 2.5 hours,0.6989305827591026
1326,1327,Title 1327,Movie,2002,2015-02-12,TV-Y,118.0,0.0,Thriller,Australia,Japanese,7.9,4.9,1,2796660,53.4,1031517,23,2000,1,1.5-2.5 hours,0.6331001536254225
1327,1328,Title 1328,Movie,2020,2019-05-07,TV-MA,63.0,0.0,Drama,India,Japanese,8.0,4.6,1,3120996,52.8,1513393,5,2020,0,1-1.5 hours,0.6793506874143904
1328,1329,Title 1329,TV Show,2004,2021-02-09,PG,0.0,3.0,Mystery,Australia,Korean,9.5,3.3,0,592139,63.7,248161,21,2000,1,N/A,0.34362109425800924
1329,1330,Title 1330,Movie,2020,2022-04-09,TV-Y,118.0,0.0,Adventure,India,English,8.2,4.4,0,870758,46.5,712679,5,2020,1,1.5-2.5 hours,0.3166140591886628
1330,1331,Title 1331,TV Show,1989,2019-08-08,TV-Y,162.0,8.0,Crime,Australia,Korean,6.1,4.0,1,3763495,63.3,701677,36,1980,1,> 2.5 hours,0.8177258024459568
1331,1332,Title 1332,TV Show,2001,2019-09-25,TV-MA,0.0,7.0,Mystery,United Kingdom,English,7.1,3.4,1,1398745,93.9,1091906,24,2000,0,N/A,0.5854123269838992
1332,1333,Title 1333,Movie,1998,2022-05-07,TV-Y7,118.0,3.0,Romance,Canada,French,6.0,4.4,1,3671093,25.4,31394,27,1990,1,1.5-2.5 hours,0.6522654643300269
1333,1334,Title 1334,TV Show,1980,2019-03-18,TV-MA,0.0,5.0,Action,Canada,Korean,5.1,4.1,0,3266788,85.6,372147,45,1980,0,N/A,0.8324195475537558
1334,1335,Title 1335,TV Show,1986,2015-06-30,TV-Y7,0.0,1.0,Horror,Canada,Spanish,5.4,3.1,0,1995956,43.1,884746,39,1980,1,N/A,0.47179422333411414
1335,1336,Title 1336,TV Show,1983,2022-11-03,TV-MA,143.0,3.0,Romance,United Kingdom,Hindi,5.2,4.3,1,3106156,54.9,117220,42,1980,0,> 2.5 hours,0.6855246812928736
1336,1337,Title 1337,Movie,1980,2021-02-17,PG,118.0,0.0,Adventure,Japan,Korean,7.0,4.3,0,1609572,75.6,171653,45,1980,1,1.5-2.5 hours,0.5438364639502759
1337,1338,Title 1338,TV Show,1994,2018-11-04,TV-Y7,119.0,7.0,Action,France,German,9.0,3.3,0,1729189,88.3,920745,31,1990,1,1.5-2.5 hours,0.6125790632924241
1338,1339,Title 1339,TV Show,2019,2021-11-16,G,61.0,2.0,Action,Germany,Hindi,9.0,3.7,0,3971506,20.7,1597874,6,2010,1,1-1.5 hours,0.6785275382507301
1339,1340,Title 1340,TV Show,1991,2016-08-24,TV-Y,0.0,4.0,Mystery,France,Hindi,4.3,4.2,1,438670,69.7,1731662,34,1990,1,N/A,0.3446006809518727
1340,1341,Title 1341,Movie,2001,2017-02-02,TV-MA,77.0,3.0,Romance,Canada,English,4.4,3.3,1,3268221,25.2,716407,24,2000,0,1-1.5 hours,0.5910344981448699
1341,1342,Title 1342,TV Show,2001,2018-01-16,TV-Y,0.0,5.0,Mystery,Japan,Korean,5.3,4.7,0,3739092,59.4,1513619,24,2000,1,N/A,0.7984653423796916
1342,1343,Title 1343,Movie,1996,2022-02-24,TV-MA,118.0,0.0,Mystery,United Kingdom,French,5.4,3.1,1,2372958,76.2,147300,29,1990,0,1.5-2.5 hours,0.6607446788478668
1343,1344,Title 1344,Movie,2008,2021-08-30,PG-13,118.0,0.0,Mystery,Spain,Japanese,4.5,3.2,0,585549,32.7,827666,17,2000,0,1.5-2.5 hours,0.21863259153962672
1344,1345,Title 1345,Movie,1993,2022-05-17,TV-MA,118.0,3.0,Adventure,Japan,Hindi,6.1,3.2,1,505278,77.3,390932,32,1990,0,1.5-2.5 hours,0.3849919084277482
1345,1346,Title 1346,Movie,1999,2021-12-02,PG-13,76.0,0.0,Crime,Spain,German,7.2,4.1,1,2043554,43.2,356346,26,1990,0,1-1.5 hours,0.4793339429683432
1346,1347,Title 1347,Movie,2012,2018-11-13,TV-14,118.0,0.0,Crime,United Kingdom,French,7.2,4.2,1,2896031,65.8,763052,13,2010,0,1.5-2.5 hours,0.6976058446160727
1347,1348,Title 1348,Movie,2022,2018-06-10,TV-14,118.0,1.0,Adventure,United States,French,7.0,3.8,0,3011831,69.4,796806,3,2020,0,1.5-2.5 hours,0.729375892383704
1348,1349,Title 1349,TV Show,1994,2015-05-26,TV-Y,76.0,5.0,Thriller,India,German,5.9,3.6,1,2681530,68.7,1945634,31,1990,1,1-1.5 hours,0.6770306061341669
1349,1350,Title 1350,Movie,1991,2022-05-14,TV-Y7,149.0,0.0,Horror,Germany,Japanese,7.9,4.6,1,244390,21.4,216194,34,1990,1,> 2.5 hours,0.12225860081115224
1350,1351,Title 1351,TV Show,2019,2020-06-09,TV-MA,0.0,1.0,Drama,France,German,8.5,3.1,1,1701156,31.4,1743520,6,2010,0,N/A,0.3807741017287798
1351,1352,Title 1352,TV Show,1999,2019-05-28,R,129.0,5.0,Horror,Australia,English,5.9,3.6,1,1955303,84.2,1414705,26,1990,0,1.5-2.5 hours,0.6300962565647056
1352,1353,Title 1353,Movie,2009,2023-11-02,TV-MA,179.0,3.0,Adventure,Australia,Spanish,4.5,3.1,1,930169,90.5,1412387,16,2000,0,> 2.5 hours,0.5015257336957677
1353,1354,Title 1354,TV Show,2017,2016-06-18,TV-MA,170.0,5.0,Comedy,India,Japanese,5.6,3.0,0,2920134,62.3,1870507,8,2010,0,> 2.5 hours,0.6872213045585875
1354,1355,Title 1355,TV Show,1982,2023-12-16,R,179.0,1.0,Drama,Japan,Korean,4.8,3.7,0,3102057,64.8,1198680,43,1980,0,> 2.5 hours,0.7245098296020314
1355,1356,Title 1356,TV Show,2007,2021-12-28,TV-14,167.0,5.0,Thriller,Australia,Hindi,6.6,3.4,0,2669241,76.6,1052114,18,2000,0,> 2.5 hours,0.7067872510649404
1356,1357,Title 1357,TV Show,2005,2016-08-27,PG-13,170.0,5.0,Sci-Fi,South Korea,Korean,4.9,3.5,1,1412279,50.5,1088665,20,2000,0,> 2.5 hours,0.41384243256668957
1357,1358,Title 1358,Movie,2009,2022-12-14,TV-Y,153.0,0.0,Drama,Australia,French,6.5,4.6,1,1232215,44.6,745892,16,2000,1,> 2.5 hours,0.3632327582900853
1358,1359,Title 1359,TV Show,1992,2020-12-06,TV-14,147.0,2.0,Action,United Kingdom,Hindi,5.2,3.3,1,3909528,77.6,661240,33,1990,0,> 2.5 hours,0.8968308126847349
1359,1360,Title 1360,Movie,1992,2023-10-28,R,118.0,0.0,Adventure,India,Japanese,8.1,4.6,1,3231645,22.1,47491,33,1990,0,1.5-2.5 hours,0.5731480830572284
1360,1361,Title 1361,TV Show,1981,2016-04-11,TV-MA,0.0,4.0,Sci-Fi,Germany,English,4.2,4.4,1,1778147,86.4,93971,44,1980,0,N/A,0.6123227834876547
1361,1362,Title 1362,TV Show,2016,2016-07-11,TV-14,134.0,3.0,Horror,India,Korean,7.1,3.7,0,541329,53.1,1204517,9,2010,0,1.5-2.5 hours,0.2935995732988266
1362,1363,Title 1363,Movie,2017,2017-12-11,PG,118.0,1.0,Sci-Fi,Germany,English,4.9,4.1,0,3963795,57.8,382550,8,2010,1,1.5-2.5 hours,0.8257708850699339
1363,1364,Title 1364,TV Show,1981,2017-02-23,TV-MA,170.0,4.0,Adventure,South Korea,English,4.0,3.9,1,293554,67.6,679373,44,1980,0,> 2.5 hours,0.31443322109135796
1364,1365,Title 1365,TV Show,2015,2023-06-22,TV-PG,0.0,5.0,Horror,Australia,Japanese,8.8,3.3,0,679430,40.6,1912091,10,2010,1,N/A,0.26431478026564575
1365,1366,Title 1366,TV Show,2005,2022-03-29,R,104.0,2.0,Adventure,India,Korean,7.7,4.8,1,3131549,64.8,972442,20,2000,0,1.5-2.5 hours,0.7289336417675149
1366,1367,Title 1367,Movie,1990,2018-01-31,G,80.0,0.0,Romance,Spain,Korean,4.5,4.1,0,3546020,72.0,445612,35,1990,1,1-1.5 hours,0.8199044627372725
1367,1368,Title 1368,TV Show,1987,2018-12-28,TV-Y7,0.0,7.0,Comedy,Canada,Japanese,7.7,4.8,1,2234687,28.8,798796,38,1980,1,N/A,0.4504039718109225
1368,1369,Title 1369,Movie,2023,2015-06-12,G,66.0,5.0,Thriller,South Korea,Japanese,7.4,4.6,1,172958,59.0,418090,2,2020,1,1-1.5 hours,0.26194377134537117
1369,1370,Title 1370,TV Show,2019,2021-05-05,TV-14,83.0,7.0,Thriller,Japan,Hindi,6.6,3.2,0,2042230,44.7,967870,6,2010,0,1-1.5 hours,0.4851353424221917
1370,1371,Title 1371,Movie,2022,2020-11-14,TV-MA,118.0,7.0,Action,Spain,French,6.3,3.4,1,1745025,61.8,1966179,3,2020,0,1.5-2.5 hours,0.508954469824792
1371,1372,Title 1372,Movie,2001,2017-10-31,TV-Y7,118.0,3.0,Comedy,Germany,French,8.9,3.3,0,3128163,21.6,17821,24,2000,1,1.5-2.5 hours,0.5556257403707859
1372,1373,Title 1373,TV Show,1999,2019-10-20,TV-Y7,102.0,5.0,Comedy,India,Japanese,5.3,4.7,1,3983765,75.7,801046,26,1990,1,1.5-2.5 hours,0.9003663933075816
1373,1374,Title 1374,TV Show,1987,2023-08-29,TV-Y,98.0,4.0,Action,Germany,German,6.2,4.7,0,3044331,32.6,638622,38,1980,1,1-1.5 hours,0.5870509057899909
1374,1375,Title 1375,Movie,2008,2017-09-26,G,118.0,0.0,Horror,Germany,English,5.8,4.1,1,2219972,71.7,1796779,17,2000,1,1.5-2.5 hours,0.6197967157409683
1375,1376,Title 1376,Movie,2019,2019-08-19,TV-MA,118.0,3.0,Action,South Korea,French,8.2,3.2,0,759487,77.7,1232058,6,2010,0,1.5-2.5 hours,0.4247233632892491
1376,1377,Title 1377,TV Show,2005,2022-01-20,TV-Y,174.0,4.0,Horror,Spain,Spanish,9.0,3.3,1,2109178,76.4,1346841,20,2000,1,> 2.5 hours,0.6219775700383177
1377,1378,Title 1378,Movie,2009,2017-01-24,PG-13,118.0,6.0,Action,India,Japanese,8.7,4.6,1,366865,81.3,1817026,16,2000,0,1.5-2.5 hours,0.38022990133222867
1378,1379,Title 1379,TV Show,1996,2020-04-17,G,0.0,5.0,Drama,Australia,Japanese,8.4,4.9,1,3900267,43.1,1680658,29,1990,1,N/A,0.7574416588645618
1379,1380,Title 1380,TV Show,1999,2021-08-02,TV-Y,83.0,5.0,Drama,United States,Hindi,9.4,3.4,1,292273,92.5,1546971,26,1990,1,1-1.5 hours,0.4138410705629441
1380,1381,Title 1381,TV Show,1995,2016-08-05,PG-13,0.0,5.0,Romance,France,Japanese,7.8,3.0,0,2979613,21.8,449244,30,1990,0,N/A,0.5341431790937425
1381,1382,Title 1382,TV Show,2022,2022-08-29,PG,0.0,5.0,Crime,France,Hindi,8.1,3.7,1,1378456,56.1,1589622,3,2020,1,N/A,0.43116896861466375
1382,1383,Title 1383,Movie,1986,2017-02-19,PG,118.0,0.0,Action,South Korea,German,9.4,3.1,1,2281958,40.3,1213499,39,1980,1,1.5-2.5 hours,0.5034946413102637
1383,1384,Title 1384,TV Show,1995,2021-04-18,TV-PG,94.0,6.0,Comedy,Japan,German,4.0,4.7,1,1368251,75.5,394053,30,1990,1,1-1.5 hours,0.5072382144050896
1384,1385,Title 1385,Movie,2024,2019-07-06,R,90.0,3.0,Drama,United Kingdom,Japanese,7.5,4.0,1,3499092,80.4,1254321,1,2020,0,1-1.5 hours,0.8464652433794193
1385,1386,Title 1386,TV Show,2006,2021-09-30,R,130.0,1.0,Mystery,United States,English,8.1,4.3,0,134027,81.7,1123536,19,2000,0,1.5-2.5 hours,0.34690410528628957
1386,1387,Title 1387,Movie,2002,2019-12-17,TV-PG,168.0,0.0,Horror,India,Hindi,9.0,3.8,1,1273592,42.3,1136117,23,2000,1,> 2.5 hours,0.36023932535814474
1387,1388,Title 1388,TV Show,2003,2017-05-24,TV-Y,71.0,5.0,Drama,France,Hindi,8.9,3.7,0,3651820,40.6,1364584,22,2000,1,1-1.5 hours,0.7101745063798925
1388,1389,Title 1389,Movie,1988,2022-06-06,R,91.0,0.0,Drama,Japan,Spanish,8.6,3.4,1,3791858,70.8,831458,37,1980,0,1-1.5 hours,0.8519802641457264
1389,1390,Title 1390,Movie,2014,2018-06-09,R,135.0,2.0,Adventure,United Kingdom,English,9.2,4.5,1,360385,89.6,628264,11,2010,0,1.5-2.5 hours,0.41245789865922133
1390,1391,Title 1391,TV Show,1999,2018-01-14,G,0.0,8.0,Horror,Spain,English,7.0,4.4,0,2079921,39.1,1521870,26,1990,1,N/A,0.4683890079697719
1391,1392,Title 1392,TV Show,2016,2019-07-24,G,128.0,3.0,Thriller,India,French,4.0,3.7,1,709651,88.3,763733,9,2010,1,1.5-2.5 hours,0.4596479427318425
1392,1393,Title 1393,TV Show,2021,2023-12-08,TV-PG,0.0,5.0,Sci-Fi,Germany,German,4.1,3.6,1,3176316,64.4,609340,4,2020,1,N/A,0.734048710233953
1393,1394,Title 1394,TV Show,1996,2019-07-30,TV-MA,140.0,6.0,Horror,Japan,French,7.0,3.0,1,2227648,75.3,250707,29,1990,0,1.5-2.5 hours,0.635348118907327
1394,1395,Title 1395,Movie,2010,2021-12-26,PG-13,71.0,0.0,Romance,India,English,6.4,3.1,1,911064,53.0,1556009,15,2010,0,1-1.5 hours,0.34865997581493346
1395,1396,Title 1396,TV Show,1987,2015-03-18,TV-Y,93.0,5.0,Adventure,United States,Japanese,6.5,4.2,1,1985538,80.5,1970217,38,1980,1,1-1.5 hours,0.6198315190366774
1396,1397,Title 1397,Movie,1994,2018-04-02,G,138.0,2.0,Horror,Germany,Spanish,6.2,4.0,1,2667101,92.8,252841,31,1990,1,1.5-2.5 hours,0.7712662501821879
1397,1398,Title 1398,Movie,2010,2015-08-27,G,118.0,0.0,Horror,United States,Japanese,9.0,3.9,0,876860,32.8,434397,15,2010,1,1.5-2.5 hours,0.2627293617057447
1398,1399,Title 1399,TV Show,2009,2017-12-22,PG,157.0,5.0,Crime,Canada,Japanese,6.0,4.7,1,2684052,48.9,1230541,16,2000,1,> 2.5 hours,0.5982089071744947
1399,1400,Title 1400,Movie,1999,2015-09-08,PG-13,118.0,0.0,Adventure,France,English,8.7,4.0,1,3701953,84.7,1819631,26,1990,0,1.5-2.5 hours,0.8940944770598119
1400,1401,Title 1401,Movie,2018,2019-01-19,PG,175.0,8.0,Horror,United Kingdom,French,9.0,3.8,1,3384711,33.3,1714303,7,2010,1,> 2.5 hours,0.6409080461971269
1401,1402,Title 1402,Movie,1991,2018-08-29,TV-MA,118.0,0.0,Sci-Fi,Japan,Korean,6.7,3.3,1,2652862,51.0,1961579,34,1990,0,1.5-2.5 hours,0.6019303943085843
1402,1403,Title 1403,Movie,1996,2022-05-17,PG-13,118.0,2.0,Sci-Fi,Germany,Japanese,6.5,4.6,1,835754,32.5,441292,29,1990,0,1.5-2.5 hours,0.25536344474947303
1403,1404,Title 1404,TV Show,2021,2018-08-05,R,103.0,8.0,Mystery,France,Japanese,8.2,4.2,1,2360922,68.6,1998993,4,2020,0,1.5-2.5 hours,0.6285392738830031
1404,1405,Title 1405,TV Show,2009,2023-11-25,PG,80.0,5.0,Adventure,South Korea,Korean,7.9,3.2,1,2467565,37.9,526780,16,2000,1,1-1.5 hours,0.5217357678733616
1405,1406,Title 1406,TV Show,2008,2022-09-01,TV-Y,0.0,5.0,Thriller,United States,Spanish,5.8,4.3,1,2628546,48.6,1227492,17,2000,1,N/A,0.5886829842782068
1406,1407,Title 1407,TV Show,1998,2016-11-21,R,83.0,5.0,Horror,Canada,German,4.6,3.9,1,3423412,56.8,1412605,27,1990,0,1-1.5 hours,0.7407132121613333
1407,1408,Title 1408,Movie,1990,2021-02-03,PG-13,118.0,0.0,Crime,United States,Hindi,5.5,4.6,0,733174,42.3,819741,35,1990,0,1.5-2.5 hours,0.2791764024351067
1408,1409,Title 1409,Movie,2013,2016-02-16,TV-MA,71.0,4.0,Crime,India,English,4.7,4.8,1,1679537,71.0,459188,12,2010,0,1-1.5 hours,0.5359312428109178
1409,1410,Title 1410,TV Show,1986,2023-09-27,G,159.0,5.0,Comedy,Spain,French,5.6,4.2,1,785346,28.3,914833,39,1980,1,> 2.5 hours,0.23100222395611592
1410,1411,Title 1411,TV Show,2023,2015-09-19,TV-PG,0.0,7.0,Thriller,Canada,German,5.4,4.5,1,3797223,86.0,1904916,2,2020,1,N/A,0.9135850163587951
1411,1412,Title 1412,TV Show,2013,2018-11-24,TV-Y7,70.0,8.0,Crime,Canada,French,7.5,3.1,1,3246495,56.1,661109,12,2010,1,1-1.5 hours,0.7113755891828702
1412,1413,Title 1413,Movie,1999,2023-09-17,TV-MA,96.0,0.0,Sci-Fi,United Kingdom,German,9.2,4.1,0,3656329,63.0,340881,26,1990,0,1-1.5 hours,0.8004508582398601
1413,1414,Title 1414,TV Show,2017,2022-09-21,R,0.0,5.0,Comedy,Japan,English,7.8,4.5,1,2981485,66.7,355984,8,2010,0,N/A,0.7140239798659447
1414,1415,Title 1415,TV Show,2003,2015-11-09,PG,178.0,5.0,Action,South Korea,Hindi,9.1,4.0,1,1919719,24.5,756159,22,2000,1,> 2.5 hours,0.38595864188626516
1415,1416,Title 1416,TV Show,1989,2015-06-14,TV-14,134.0,4.0,Crime,South Korea,English,8.3,4.2,0,1007980,76.8,1856293,36,1980,0,1.5-2.5 hours,0.45839741579289345
1416,1417,Title 1417,Movie,2011,2015-08-27,TV-MA,118.0,6.0,Romance,United Kingdom,Hindi,8.0,4.8,0,2253689,90.9,1658680,14,2010,0,1.5-2.5 hours,0.7016542796492691
1417,1418,Title 1418,Movie,1994,2017-11-09,TV-Y7,118.0,0.0,Adventure,United States,French,6.3,3.4,0,833819,59.0,1632168,31,1990,1,1.5-2.5 hours,0.36107319395128334
1418,1419,Title 1419,Movie,2016,2019-12-19,G,63.0,2.0,Crime,Australia,Spanish,5.8,3.2,1,1347526,49.3,1505597,9,2010,1,1-1.5 hours,0.3993294558560036
1419,1420,Title 1420,Movie,1999,2023-12-20,PG,118.0,0.0,Drama,France,Hindi,8.7,4.4,1,718221,78.9,1082477,26,1990,1,1.5-2.5 hours,0.4233334462669773
1420,1421,Title 1421,Movie,1982,2015-09-08,TV-Y,113.0,7.0,Thriller,Australia,German,9.0,4.6,1,2433514,74.0,1409816,43,1980,1,1.5-2.5 hours,0.6610281038272855
1421,1422,Title 1422,Movie,2016,2022-04-15,TV-14,145.0,2.0,Drama,India,Spanish,6.5,4.7,1,772716,68.8,1857228,9,2010,0,> 2.5 hours,0.3911077187462265
1422,1423,Title 1423,Movie,2019,2018-01-21,TV-Y7,93.0,6.0,Mystery,South Korea,French,4.0,4.3,1,2799889,92.4,318836,6,2010,1,1-1.5 hours,0.7895845049573886
1423,1424,Title 1424,Movie,1987,2019-03-08,TV-Y,118.0,0.0,Crime,Japan,Korean,8.4,4.7,1,1107208,63.6,674622,38,1980,1,1.5-2.5 hours,0.420481656724556
1424,1425,Title 1425,TV Show,2019,2015-08-15,TV-MA,0.0,5.0,Action,Spain,Spanish,5.6,4.4,0,3225612,38.6,1622105,6,2010,0,N/A,0.638243130568609
1425,1426,Title 1426,TV Show,2023,2017-05-14,TV-PG,62.0,5.0,Drama,United States,Hindi,4.1,3.2,0,1670252,21.9,1914334,2,2020,1,1-1.5 hours,0.3381384889808447
1426,1427,Title 1427,Movie,2002,2016-06-28,TV-Y7,118.0,0.0,Drama,Japan,Spanish,8.4,4.5,1,1926071,54.0,1294848,23,2000,1,1.5-2.5 hours,0.5049114445064724
1427,1428,Title 1428,Movie,2019,2022-09-18,PG-13,71.0,8.0,Thriller,Japan,French,6.8,3.4,0,288024,68.9,309010,6,2010,0,1-1.5 hours,0.31880371881022673
1428,1429,Title 1429,TV Show,1990,2020-08-22,R,0.0,5.0,Comedy,Germany,Spanish,7.8,3.5,0,3327110,32.9,1213608,35,1990,0,N/A,0.6306678724366492
1429,1430,Title 1430,Movie,1987,2015-03-14,PG-13,118.0,8.0,Action,Canada,French,9.0,3.8,0,1919683,21.9,979514,38,1980,0,1.5-2.5 hours,0.37555324187141514
1430,1431,Title 1431,Movie,2008,2016-11-03,TV-PG,93.0,0.0,Drama,France,Korean,7.0,3.6,0,2681339,88.2,1890059,17,2000,1,1-1.5 hours,0.7550019560553791
1431,1432,Title 1432,Movie,2009,2015-01-24,TV-Y,76.0,4.0,Horror,Canada,Hindi,6.8,3.6,0,2085071,42.6,1201661,16,2000,1,1-1.5 hours,0.48316151009415276
1432,1433,Title 1433,TV Show,1989,2020-01-18,PG-13,169.0,5.0,Action,Japan,Japanese,5.6,3.3,1,2525675,55.0,1803457,36,1980,0,> 2.5 hours,0.5988522918438026
1433,1434,Title 1434,TV Show,2018,2023-06-03,G,163.0,5.0,Horror,United Kingdom,German,5.7,3.6,0,3301364,26.8,261710,7,2010,1,> 2.5 hours,0.602405961816395
1434,1435,Title 1435,TV Show,2007,2017-09-09,TV-Y7,0.0,5.0,Crime,Australia,Spanish,8.4,3.0,0,1627366,48.6,543921,18,2000,1,N/A,0.4385055712903211
1435,1436,Title 1436,TV Show,2015,2023-03-14,G,70.0,5.0,Drama,Germany,Japanese,6.5,3.9,0,3698332,51.8,897002,10,2010,1,1-1.5 hours,0.7619513255661453
1436,1437,Title 1437,TV Show,1992,2021-06-26,TV-14,0.0,5.0,Drama,Canada,English,4.9,4.5,1,2033044,87.7,946136,33,1990,0,N/A,0.6557574386329563
1437,1438,Title 1438,Movie,2011,2019-12-22,TV-PG,118.0,6.0,Sci-Fi,India,German,4.5,4.7,1,1411887,84.9,1374361,14,2010,1,1.5-2.5 hours,0.5513836324049892
1438,1439,Title 1439,TV Show,2015,2020-06-24,TV-14,159.0,2.0,Sci-Fi,Spain,Spanish,6.6,4.6,1,1024299,34.2,705834,10,2010,0,> 2.5 hours,0.2904452725244994
1439,1440,Title 1440,Movie,2016,2015-05-02,TV-14,118.0,1.0,Thriller,Spain,German,6.6,3.8,1,964489,61.7,117096,9,2010,0,1.5-2.5 hours,0.39147374785280664
1440,1441,Title 1441,Movie,2005,2015-10-23,TV-14,118.0,0.0,Adventure,France,Japanese,7.6,4.5,0,384542,74.8,1843228,20,2000,0,1.5-2.5 hours,0.3568814586240112
1441,1442,Title 1442,TV Show,2001,2016-06-30,TV-MA,0.0,5.0,Adventure,India,English,6.6,3.6,0,2937639,41.9,1623618,24,2000,0,N/A,0.6082470617794199
1442,1443,Title 1443,TV Show,1983,2021-04-24,TV-MA,66.0,5.0,Comedy,Canada,German,4.8,3.1,0,1060260,49.6,1387091,42,1980,0,1-1.5 hours,0.35743943735845274
1443,1444,Title 1444,Movie,2010,2018-07-27,TV-PG,118.0,0.0,Thriller,Canada,Japanese,6.8,4.4,1,3345044,93.9,1777547,15,2010,1,1.5-2.5 hours,0.8773579798344445
1444,1445,Title 1445,Movie,1997,2020-02-03,PG,98.0,0.0,Adventure,Japan,German,9.0,4.3,1,3207604,77.0,1296543,28,1990,1,1-1.5 hours,0.7891419231402887
1445,1446,Title 1446,Movie,2017,2020-03-12,PG-13,118.0,0.0,Thriller,Canada,English,4.9,4.6,0,3183219,52.8,1581723,8,2010,0,1.5-2.5 hours,0.6886841630814485
1446,1447,Title 1447,TV Show,2003,2020-05-21,TV-MA,132.0,8.0,Drama,India,English,7.8,4.2,0,3301450,60.1,1921064,22,2000,0,1.5-2.5 hours,0.73561886185187
1447,1448,Title 1448,TV Show,2002,2021-05-18,G,102.0,7.0,Sci-Fi,Spain,English,7.3,3.3,1,2084907,66.9,1256191,23,2000,1,1.5-2.5 hours,0.5803369100265026
1448,1449,Title 1449,TV Show,2001,2015-06-10,TV-MA,146.0,1.0,Sci-Fi,Japan,Korean,8.1,4.7,0,3878895,57.4,936462,24,2000,0,> 2.5 hours,0.8114358500485876
1449,1450,Title 1450,TV Show,1981,2021-04-04,TV-Y,154.0,2.0,Sci-Fi,United States,French,4.8,4.3,1,435210,50.9,895168,44,1980,1,> 2.5 hours,0.2688816795246187
1450,1451,Title 1451,TV Show,2010,2017-05-16,TV-14,137.0,7.0,Adventure,India,French,9.2,4.6,1,2608847,47.0,821407,15,2010,0,1.5-2.5 hours,0.5793281261523469
1451,1452,Title 1452,Movie,1990,2017-03-14,TV-MA,118.0,0.0,Action,United Kingdom,Japanese,7.4,4.5,1,2421515,32.7,1450614,35,1990,0,1.5-2.5 hours,0.4940282488776844
1452,1453,Title 1453,TV Show,2007,2022-10-26,TV-PG,0.0,5.0,Romance,Canada,English,8.7,3.6,1,3828134,93.0,1162001,18,2000,1,N/A,0.9462216791096176
1453,1454,Title 1454,Movie,2011,2023-03-29,G,124.0,5.0,Drama,Spain,Japanese,5.4,3.1,0,3116319,26.9,567384,14,2010,1,1.5-2.5 hours,0.5750491354851226
1454,1455,Title 1455,Movie,1984,2021-01-01,G,118.0,7.0,Crime,Australia,French,8.1,3.4,1,3979585,65.1,1407370,41,1980,1,1.5-2.5 hours,0.8573393915833267
1455,1456,Title 1456,Movie,2017,2017-03-15,PG,118.0,0.0,Thriller,Canada,German,8.3,3.2,1,470169,92.0,1347067,8,2010,1,1.5-2.5 hours,0.4385255439452459
1456,1457,Title 1457,TV Show,1989,2016-06-09,R,0.0,5.0,Sci-Fi,United Kingdom,English,6.2,3.5,0,3644588,48.1,57486,36,1980,0,N/A,0.7390897033966843
1457,1458,Title 1458,TV Show,2019,2021-07-20,R,0.0,3.0,Sci-Fi,Spain,Spanish,6.1,3.9,1,728387,38.9,77148,6,2010,0,N/A,0.2648583504604638
1458,1459,Title 1459,TV Show,2003,2020-02-09,PG-13,0.0,5.0,Sci-Fi,France,English,7.6,4.8,1,1876458,91.7,890717,22,2000,0,N/A,0.6482694740410536
1459,1460,Title 1460,Movie,2014,2023-12-18,TV-Y7,160.0,0.0,Drama,Canada,English,4.5,4.7,0,1247922,80.1,432219,11,2010,1,> 2.5 hours,0.5075888147692407
1460,1461,Title 1461,Movie,2023,2021-07-03,TV-PG,118.0,7.0,Sci-Fi,Japan,French,8.0,4.4,1,1455417,69.1,1351602,2,2020,1,1.5-2.5 hours,0.4947131503611635
1461,1462,Title 1462,Movie,2002,2016-03-21,TV-Y,118.0,0.0,Comedy,Germany,Japanese,4.2,3.0,0,884540,65.9,718757,23,2000,1,1.5-2.5 hours,0.39628136487375343
1462,1463,Title 1463,Movie,1996,2020-05-19,TV-MA,118.0,4.0,Thriller,India,Hindi,5.0,3.7,1,124007,47.0,1584868,29,1990,0,1.5-2.5 hours,0.20660110115302815
1463,1464,Title 1464,Movie,1980,2017-08-27,TV-PG,75.0,0.0,Drama,United Kingdom,German,7.7,4.4,0,1300467,68.1,475455,45,1980,1,1-1.5 hours,0.4674705864441127
1464,1465,Title 1465,Movie,2010,2016-09-24,R,109.0,0.0,Thriller,Canada,French,4.5,3.3,1,603964,74.4,115073,15,2010,0,1.5-2.5 hours,0.38819484913583513
1465,1466,Title 1466,TV Show,2010,2018-11-22,TV-PG,0.0,5.0,Horror,United States,Japanese,9.3,4.6,0,2426077,22.4,687368,15,2010,1,N/A,0.4535125507595146
1466,1467,Title 1467,TV Show,2021,2021-07-14,TV-MA,0.0,4.0,Mystery,Australia,Japanese,8.8,4.8,0,3014547,28.8,1245519,4,2020,0,N/A,0.567383293504057
1467,1468,Title 1468,TV Show,2021,2022-05-05,PG,0.0,2.0,Comedy,Spain,German,7.4,3.7,1,996603,43.6,1929938,4,2020,1,N/A,0.323890861099868
1468,1469,Title 1469,TV Show,2013,2018-10-19,PG-13,177.0,5.0,Action,United Kingdom,Japanese,8.5,4.4,1,1102079,44.2,735141,12,2010,0,> 2.5 hours,0.3421123046088377
1469,1470,Title 1470,Movie,1988,2020-03-24,PG,118.0,0.0,Action,India,Spanish,8.9,3.3,1,1393337,87.5,806232,37,1980,1,1.5-2.5 hours,0.559001124753093
1470,1471,Title 1471,Movie,2001,2018-12-12,R,118.0,0.0,Romance,Canada,Korean,5.4,4.4,1,726214,71.3,848702,24,2000,0,1.5-2.5 hours,0.3941323995640988
1471,1472,Title 1472,TV Show,1992,2022-03-26,TV-14,0.0,5.0,Comedy,United States,Hindi,8.7,3.0,1,3535471,48.0,1762871,33,1990,0,N/A,0.722322108385798
1472,1473,Title 1473,Movie,2004,2019-01-13,R,165.0,0.0,Thriller,Spain,Spanish,5.1,3.3,1,991047,80.7,1157241,21,2000,0,> 2.5 hours,0.47145745880801176
1473,1474,Title 1474,TV Show,1997,2017-12-25,PG-13,85.0,5.0,Action,India,Spanish,6.3,4.4,0,1937955,44.2,1043908,28,1990,0,1-1.5 hours,0.46749404940863587
1474,1475,Title 1475,TV Show,1991,2017-03-07,TV-MA,0.0,8.0,Mystery,Spain,German,7.1,4.4,0,83399,94.3,241797,34,1990,0,N/A,0.38970988440218207
1475,1476,Title 1476,TV Show,2019,2023-09-25,TV-Y7,120.0,5.0,Action,India,Hindi,7.9,4.3,0,131808,78.6,582162,6,2010,1,1.5-2.5 hours,0.3341712543709495
1476,1477,Title 1477,Movie,1996,2018-07-30,PG,118.0,0.0,Sci-Fi,Canada,German,4.2,4.0,0,2789164,80.6,309102,29,1990,1,1.5-2.5 hours,0.7407757505333139
1477,1478,Title 1478,TV Show,1994,2020-05-20,R,0.0,5.0,Romance,Germany,Korean,5.6,4.3,0,3208712,39.6,967540,31,1990,0,N/A,0.6397081235973399
1478,1479,Title 1479,TV Show,2021,2016-01-24,PG,179.0,5.0,Drama,South Korea,Japanese,7.3,4.5,1,3782902,30.9,308373,4,2020,1,> 2.5 hours,0.6910368604513663
1479,1480,Title 1480,TV Show,1994,2017-02-15,R,0.0,5.0,Crime,Japan,German,6.0,4.9,1,2148079,49.2,226973,31,1990,0,N/A,0.5190127360850243
1480,1481,Title 1481,Movie,1994,2017-12-24,PG-13,148.0,2.0,Crime,Germany,English,8.3,4.8,1,768787,45.1,1269090,31,1990,0,> 2.5 hours,0.2957183671255096
1481,1482,Title 1482,Movie,2018,2023-05-29,PG,94.0,2.0,Action,South Korea,German,7.6,4.6,1,1049127,77.7,1598153,7,2010,1,1-1.5 hours,0.4681694827660776
1482,1483,Title 1483,TV Show,1992,2017-12-29,R,0.0,5.0,Thriller,Canada,Japanese,5.3,4.4,1,3982137,33.1,1855329,33,1990,0,N/A,0.7297221926360298
1483,1484,Title 1484,Movie,1996,2019-05-15,TV-MA,154.0,6.0,Thriller,Canada,English,4.8,4.1,0,2763217,59.6,1419017,29,1990,0,> 2.5 hours,0.652883689830147
1484,1485,Title 1485,Movie,2011,2017-06-27,PG-13,79.0,0.0,Sci-Fi,Canada,Spanish,7.5,3.2,1,2253725,67.1,162184,14,2010,0,1-1.5 hours,0.6064596796641191
1485,1486,Title 1486,Movie,1988,2023-12-14,TV-Y7,131.0,4.0,Action,South Korea,Korean,6.5,3.3,1,1594679,48.9,484083,37,1980,1,1.5-2.5 hours,0.43480250780689644
1486,1487,Title 1487,Movie,2019,2021-08-03,TV-PG,118.0,8.0,Action,United States,Japanese,4.9,4.6,1,3813369,35.0,1855660,6,2010,1,1.5-2.5 hours,0.7120069230190383
1487,1488,Title 1488,Movie,1999,2023-04-12,TV-14,118.0,2.0,Crime,United Kingdom,French,5.8,4.6,1,198517,87.2,421650,26,1990,0,1.5-2.5 hours,0.3785776318884877
1488,1489,Title 1489,Movie,2005,2021-02-07,TV-MA,78.0,0.0,Horror,South Korea,English,5.7,4.2,0,2347121,30.4,792348,20,2000,0,1-1.5 hours,0.473669118190075
1489,1490,Title 1490,Movie,2006,2018-11-10,PG-13,118.0,6.0,Action,Australia,Korean,4.6,3.9,1,1850749,42.8,1144755,19,2000,0,1.5-2.5 hours,0.44881311343606195
1490,1491,Title 1491,Movie,2000,2016-04-17,PG,64.0,5.0,Drama,United Kingdom,German,7.0,3.1,0,1717242,76.7,276856,25,2000,1,1-1.5 hours,0.564387008364273
1491,1492,Title 1492,Movie,1997,2023-12-15,TV-MA,106.0,0.0,Romance,Australia,French,8.2,3.7,0,2430417,65.4,1068136,28,1990,0,1.5-2.5 hours,0.6261635525497695
1492,1493,Title 1493,Movie,1992,2018-12-04,PG-13,72.0,0.0,Romance,India,German,7.2,3.8,1,1411571,74.8,640619,33,1990,0,1-1.5 hours,0.5109362322746388
1493,1494,Title 1494,TV Show,1995,2016-06-30,PG-13,0.0,6.0,Drama,Japan,Japanese,8.5,4.0,0,2611605,80.7,1636277,30,1990,0,N/A,0.714541827290025
1494,1495,Title 1495,TV Show,1988,2020-04-06,PG,131.0,5.0,Horror,Japan,Spanish,4.7,4.9,1,3310707,87.2,349018,37,1980,1,1.5-2.5 hours,0.845407415670393
1495,1496,Title 1496,Movie,1991,2023-01-22,PG-13,174.0,7.0,Thriller,Japan,Japanese,6.4,3.2,0,3709669,42.8,1408843,34,1990,0,> 2.5 hours,0.7276518802426707
1496,1497,Title 1497,TV Show,2023,2015-01-03,TV-Y,139.0,3.0,Crime,France,Japanese,7.4,4.0,1,1115540,55.6,65016,2,2020,1,1.5-2.5 hours,0.3897314601615155
1497,1498,Title 1498,TV Show,2017,2022-03-21,TV-MA,61.0,5.0,Romance,South Korea,Japanese,7.7,3.7,1,3683573,71.6,1605773,8,2010,0,1-1.5 hours,0.838937469478041
1498,1499,Title 1499,Movie,1998,2021-04-25,R,118.0,1.0,Comedy,United States,German,7.8,5.0,1,2151352,79.6,1352536,27,1990,0,1.5-2.5 hours,0.6411036874351405
1499,1500,Title 1500,Movie,1986,2019-10-07,R,118.0,0.0,Mystery,India,English,8.0,4.7,0,3423621,63.3,746021,39,1980,0,1.5-2.5 hours,0.7667445622475462
1500,1501,Title 1501,Movie,2014,2023-08-22,TV-MA,111.0,5.0,Crime,Canada,Spanish,7.6,3.9,1,1063141,58.5,887204,11,2010,0,1.5-2.5 hours,0.3934715885468685
1501,1502,Title 1502,TV Show,1997,2023-01-19,TV-14,155.0,5.0,Horror,South Korea,Korean,4.5,5.0,1,2868927,71.9,424842,28,1990,0,> 2.5 hours,0.717940233435642
1502,1503,Title 1503,TV Show,1995,2019-05-13,TV-MA,154.0,3.0,Comedy,Australia,Spanish,7.8,4.0,0,2083098,48.7,1603810,30,1990,0,> 2.5 hours,0.507265559280288
1503,1504,Title 1504,Movie,2018,2018-09-28,G,118.0,2.0,Action,Australia,Korean,8.0,3.3,0,1240135,87.0,1983536,7,2010,1,1.5-2.5 hours,0.5340207615570943
1504,1505,Title 1505,Movie,1983,2022-09-21,PG-13,118.0,1.0,Drama,United Kingdom,Hindi,9.5,4.1,0,3333870,35.9,1378579,42,1980,0,1.5-2.5 hours,0.643681875225157
1505,1506,Title 1506,Movie,2004,2019-11-19,TV-PG,118.0,2.0,Action,Canada,English,7.8,3.5,0,515204,86.3,860400,21,2000,1,1.5-2.5 hours,0.42248081252223446
1506,1507,Title 1507,TV Show,2011,2023-12-02,PG,0.0,4.0,Sci-Fi,France,English,7.8,4.3,0,2044100,68.3,671740,14,2010,1,N/A,0.5798158431935687
1507,1508,Title 1508,TV Show,2019,2018-02-03,TV-Y,0.0,2.0,Adventure,Australia,Korean,6.8,4.9,1,960441,65.0,1526239,6,2010,1,N/A,0.404066546183002
1508,1509,Title 1509,TV Show,1992,2016-03-09,TV-PG,178.0,7.0,Drama,Japan,German,8.8,4.6,0,1694380,55.2,362427,33,1990,1,> 2.5 hours,0.4749576989336721
1509,1510,Title 1510,TV Show,2024,2015-08-30,R,92.0,3.0,Comedy,United Kingdom,French,9.5,3.5,1,820362,31.6,1629328,1,2020,0,1-1.5 hours,0.2494546384002556
1510,1511,Title 1511,Movie,1996,2019-11-21,PG,100.0,5.0,Mystery,Germany,German,8.3,3.6,1,1041840,84.9,371917,29,1990,1,1-1.5 hours,0.4958764297601819
1511,1512,Title 1512,Movie,2016,2016-01-13,PG,118.0,4.0,Adventure,Spain,Hindi,7.4,3.1,1,938661,23.9,1056734,9,2010,1,1.5-2.5 hours,0.2363995371987273
1512,1513,Title 1513,Movie,1985,2021-11-11,PG,118.0,0.0,Sci-Fi,United Kingdom,Korean,4.4,3.6,0,2715392,40.2,1485733,40,1980,1,1.5-2.5 hours,0.5681099201022802
1513,1514,Title 1514,Movie,1998,2022-04-24,TV-Y,172.0,0.0,Thriller,United Kingdom,Hindi,8.0,3.2,1,1838442,28.2,679407,27,1990,1,> 2.5 hours,0.38856705835941047
1514,1515,Title 1515,TV Show,1992,2023-06-06,PG-13,158.0,7.0,Sci-Fi,Australia,Korean,7.9,4.0,0,248727,28.0,1358154,33,1990,0,> 2.5 hours,0.14930915260016966
1515,1516,Title 1516,TV Show,2005,2017-02-08,G,0.0,2.0,Adventure,South Korea,Hindi,8.3,4.4,0,533705,49.3,1686068,20,2000,1,N/A,0.27725597015391795
1516,1517,Title 1517,Movie,1993,2016-11-02,TV-Y7,118.0,7.0,Romance,Canada,Korean,4.7,4.5,0,112959,32.0,207782,32,1990,1,1.5-2.5 hours,0.14494389659571563
1517,1518,Title 1518,Movie,2010,2015-02-18,TV-Y,118.0,0.0,Crime,Germany,English,7.6,3.1,1,2040789,63.6,226736,15,2010,1,1.5-2.5 hours,0.5605191918277775
1518,1519,Title 1519,TV Show,1983,2018-06-13,TV-PG,0.0,5.0,Horror,Japan,Hindi,5.6,3.7,1,3788797,67.0,735104,42,1980,1,N/A,0.8363211128830604
1519,1520,Title 1520,Movie,2018,2015-02-24,PG-13,99.0,4.0,Action,South Korea,Hindi,8.2,3.6,0,2697832,86.2,1367031,7,2010,0,1-1.5 hours,0.7494759128587603
1520,1521,Title 1521,TV Show,1987,2023-05-03,TV-MA,0.0,5.0,Thriller,India,Korean,5.3,3.2,1,1135832,42.5,1789605,38,1980,0,N/A,0.34037526853198846
1521,1522,Title 1522,Movie,2004,2022-04-19,R,118.0,7.0,Horror,Australia,Spanish,7.8,3.7,0,151439,43.2,1029839,21,2000,0,1.5-2.5 hours,0.19551591246875932
1522,1523,Title 1523,Movie,1992,2018-05-08,G,82.0,6.0,Sci-Fi,Canada,Spanish,5.6,3.6,1,343859,38.5,377079,33,1990,1,1-1.5 hours,0.20557899184222758
1523,1524,Title 1524,Movie,2011,2023-01-06,PG-13,66.0,0.0,Mystery,United States,English,4.0,4.3,1,2790638,78.6,1056910,14,2010,0,1-1.5 hours,0.7329968511413407
1524,1525,Title 1525,Movie,2017,2015-01-14,TV-MA,118.0,0.0,Action,Japan,German,7.5,4.8,0,3726562,52.1,312013,8,2010,0,1.5-2.5 hours,0.7673858372110524
1525,1526,Title 1526,Movie,2017,2017-02-24,G,118.0,5.0,Thriller,South Korea,German,4.6,3.9,0,968640,61.4,1412229,8,2010,1,1.5-2.5 hours,0.3908963995650988
1526,1527,Title 1527,Movie,2007,2021-02-14,TV-MA,118.0,0.0,Horror,Japan,English,7.6,4.5,1,3808144,48.1,1521349,18,2000,0,1.5-2.5 hours,0.7636231708637199
1527,1528,Title 1528,Movie,2009,2023-06-04,TV-Y,118.0,0.0,Action,Canada,German,9.1,3.3,1,199207,31.8,1460681,16,2000,1,1.5-2.5 hours,0.15708113217311348
1528,1529,Title 1529,TV Show,1982,2020-03-15,TV-MA,0.0,8.0,Action,India,French,9.3,4.8,0,2873009,27.7,1191422,43,1980,0,N/A,0.5417525351194715
1529,1530,Title 1530,TV Show,2007,2022-07-04,G,64.0,5.0,Thriller,India,French,5.3,3.3,1,3497184,85.1,556038,18,2000,1,1-1.5 hours,0.8649790425923671
1530,1531,Title 1531,TV Show,1982,2015-03-06,TV-MA,0.0,5.0,Comedy,Japan,French,8.5,3.4,0,3171441,39.9,1201051,43,1980,0,N/A,0.63531745822301
1531,1532,Title 1532,TV Show,2024,2017-12-08,TV-PG,0.0,5.0,Crime,India,Japanese,5.9,3.2,1,567602,90.6,237951,1,2020,1,N/A,0.4475405341364689
1532,1533,Title 1533,TV Show,2013,2015-06-16,PG-13,0.0,5.0,Comedy,South Korea,Japanese,9.0,3.6,0,1007859,91.0,1553569,12,2010,0,N/A,0.5151792657429808
1533,1534,Title 1534,Movie,1995,2021-02-10,G,120.0,8.0,Action,Japan,French,8.3,4.1,1,2226908,55.9,1488623,30,1990,1,1.5-2.5 hours,0.5576371186020762
1534,1535,Title 1535,Movie,2001,2021-03-16,TV-PG,118.0,7.0,Adventure,South Korea,Korean,4.4,5.0,1,1583242,91.9,233938,24,2000,1,1.5-2.5 hours,0.605086953089121
1535,1536,Title 1536,TV Show,2011,2016-08-23,TV-MA,0.0,4.0,Drama,India,Spanish,6.2,4.6,1,2949032,22.1,329419,14,2010,0,N/A,0.5307560164790454
1536,1537,Title 1537,Movie,2017,2017-12-20,TV-MA,103.0,7.0,Adventure,France,English,5.9,3.8,1,1474118,26.9,1038451,8,2010,0,1.5-2.5 hours,0.3287183080753472
1537,1538,Title 1538,TV Show,1987,2019-11-10,PG,115.0,5.0,Thriller,Spain,Korean,8.3,4.2,1,3501723,38.2,1611774,38,1980,1,1.5-2.5 hours,0.6780598944647098
1538,1539,Title 1539,TV Show,1987,2023-02-20,G,160.0,5.0,Action,United States,French,6.3,4.2,0,1179108,35.7,1970941,38,1980,1,> 2.5 hours,0.3196666863833876
1539,1540,Title 1540,Movie,1985,2020-12-10,TV-Y,75.0,2.0,Action,Australia,English,7.8,4.6,0,613556,38.9,1767696,40,1980,1,1-1.5 hours,0.24763365309254604
1540,1541,Title 1541,Movie,1993,2016-12-27,TV-MA,118.0,7.0,Mystery,Canada,Spanish,7.3,4.5,0,2971325,53.9,733576,32,1990,0,1.5-2.5 hours,0.6612999756749331
1541,1542,Title 1542,Movie,2011,2016-10-25,R,154.0,0.0,Crime,United States,German,9.4,4.1,0,2137909,24.7,1671528,14,2010,0,> 2.5 hours,0.41948723188988774
1542,1543,Title 1543,TV Show,2014,2017-04-10,TV-Y7,131.0,6.0,Mystery,South Korea,Korean,9.2,4.3,1,3451664,61.7,800035,11,2010,1,1.5-2.5 hours,0.7645510238153155
1543,1544,Title 1544,Movie,1989,2023-12-13,TV-Y,118.0,7.0,Thriller,Spain,Spanish,6.4,4.5,0,722495,43.2,1209376,36,1980,1,1.5-2.5 hours,0.28117454803000713
1544,1545,Title 1545,TV Show,1982,2023-04-09,PG-13,79.0,4.0,Romance,Spain,English,8.0,3.3,0,1331541,25.4,1268672,43,1980,0,1-1.5 hours,0.30133169926217296
1545,1546,Title 1546,TV Show,1991,2016-05-05,TV-14,80.0,5.0,Comedy,France,Hindi,8.6,3.4,1,2147900,76.5,625829,34,1990,0,1-1.5 hours,0.6281858860111866
1546,1547,Title 1547,TV Show,2010,2018-06-14,R,0.0,5.0,Mystery,Germany,Korean,8.9,4.4,1,656474,69.0,659329,15,2010,0,N/A,0.3744713707962697
1547,1548,Title 1548,Movie,2008,2020-09-19,TV-14,88.0,2.0,Thriller,Germany,Japanese,4.4,4.7,1,3064479,79.5,1612464,17,2000,0,1-1.5 hours,0.7776731141010638
1548,1549,Title 1549,Movie,1984,2016-04-13,TV-MA,168.0,4.0,Comedy,South Korea,English,5.7,3.8,0,3306725,90.4,343593,41,1980,0,> 2.5 hours,0.8576101140278136
1549,1550,Title 1550,TV Show,2004,2016-05-23,PG-13,0.0,5.0,Thriller,Spain,English,5.8,5.0,0,2101821,63.9,1361706,21,2000,0,N/A,0.5708740170035468
1550,1551,Title 1551,Movie,2020,2022-07-30,TV-PG,118.0,0.0,Romance,France,Japanese,6.4,3.4,1,1053658,79.0,816587,5,2020,1,1.5-2.5 hours,0.47404913463512033
1551,1552,Title 1552,Movie,2010,2020-01-08,TV-MA,117.0,6.0,Crime,Australia,Spanish,4.9,3.8,1,2189300,34.9,1182897,15,2010,0,1.5-2.5 hours,0.4679959030887335
1552,1553,Title 1553,Movie,2000,2022-11-27,TV-14,65.0,0.0,Crime,Australia,English,6.7,3.8,0,2169449,50.8,1884518,25,2000,0,1-1.5 hours,0.5286182449001735
1553,1554,Title 1554,TV Show,1999,2019-05-23,TV-MA,0.0,2.0,Thriller,United States,Korean,7.6,4.9,1,637448,59.8,1808735,26,1990,0,N/A,0.3348174629480231
1554,1555,Title 1555,TV Show,2018,2020-05-29,TV-Y7,174.0,5.0,Mystery,Japan,French,6.7,3.6,1,1662441,60.6,1891549,7,2010,1,> 2.5 hours,0.4917668357587983
1555,1556,Title 1556,Movie,2001,2019-10-05,PG,118.0,0.0,Crime,Canada,Japanese,7.7,3.9,1,1003449,73.9,1249219,24,2000,1,1.5-2.5 hours,0.44611776392385083
1556,1557,Title 1557,TV Show,1983,2022-03-07,TV-Y7,67.0,5.0,Drama,France,Korean,4.4,3.4,1,364516,79.7,1820998,42,1980,1,1-1.5 hours,0.3734775503632635
1557,1558,Title 1558,Movie,1992,2022-10-17,PG-13,86.0,5.0,Mystery,Japan,Japanese,8.8,4.0,1,1883144,70.0,1034246,33,1990,0,1-1.5 hours,0.5624723767990362
1558,1559,Title 1559,Movie,2024,2020-06-06,TV-PG,151.0,0.0,Horror,India,English,9.2,4.7,1,1415401,23.5,1912067,1,2020,1,> 2.5 hours,0.30631073385451807
1559,1560,Title 1560,Movie,2021,2016-02-20,TV-Y7,118.0,6.0,Sci-Fi,Australia,Spanish,7.4,3.6,1,2567774,46.3,1716300,4,2020,1,1.5-2.5 hours,0.5703671592096878
1560,1561,Title 1561,Movie,1999,2020-02-11,G,118.0,0.0,Thriller,South Korea,Korean,8.8,4.6,1,3176118,62.9,328897,26,1990,1,1.5-2.5 hours,0.7280190101522779
1561,1562,Title 1562,TV Show,1992,2021-06-29,TV-PG,0.0,5.0,Thriller,France,Hindi,4.7,4.8,1,722446,58.1,1424376,33,1990,1,N/A,0.3407671980097945
1562,1563,Title 1563,TV Show,1996,2015-08-03,TV-14,104.0,5.0,Thriller,Spain,French,8.4,3.1,1,3205618,23.4,1391310,29,1990,0,1.5-2.5 hours,0.5744440223210613
1563,1564,Title 1564,TV Show,2015,2021-02-22,TV-Y7,132.0,5.0,Romance,United Kingdom,Japanese,4.7,4.5,1,1998554,93.5,894671,10,2010,1,1.5-2.5 hours,0.6737839244057922
1564,1565,Title 1565,Movie,2012,2018-06-06,PG,149.0,8.0,Thriller,United Kingdom,German,6.2,3.5,1,3228696,91.7,1573405,13,2010,1,> 2.5 hours,0.8511057318407625
1565,1566,Title 1566,Movie,1980,2019-09-23,TV-PG,118.0,4.0,Crime,Australia,Spanish,5.8,3.4,1,2078137,78.0,1652365,45,1980,1,1.5-2.5 hours,0.6237214072338699
1566,1567,Title 1567,Movie,1994,2015-01-22,TV-MA,118.0,1.0,Crime,France,Spanish,7.2,4.2,1,1782310,24.2,1783164,31,1990,0,1.5-2.5 hours,0.3641472352048968
1567,1568,Title 1568,TV Show,1992,2020-11-18,PG,103.0,1.0,Sci-Fi,Japan,German,5.7,4.4,1,197267,52.3,1620713,33,1990,1,1.5-2.5 hours,0.2387901313728613
1568,1569,Title 1569,Movie,1996,2019-05-05,TV-MA,99.0,0.0,Sci-Fi,Japan,German,7.5,3.8,1,1608493,50.7,11773,29,1990,0,1-1.5 hours,0.4440746135051872
1569,1570,Title 1570,TV Show,2003,2016-02-17,TV-Y7,0.0,5.0,Adventure,France,Korean,6.0,3.1,0,1145899,61.9,1701442,22,2000,1,N/A,0.4194853226846374
1570,1571,Title 1571,TV Show,1987,2015-06-24,R,78.0,1.0,Mystery,Canada,English,8.7,4.8,1,1439400,24.2,1213568,38,1980,0,1-1.5 hours,0.3127105937541328
1571,1572,Title 1572,TV Show,2006,2018-01-25,R,96.0,5.0,Crime,Australia,English,7.5,4.5,1,2576677,51.8,861610,19,2000,0,1-1.5 hours,0.5937026128821854
1572,1573,Title 1573,TV Show,2024,2016-03-21,TV-14,62.0,7.0,Crime,India,Hindi,5.2,3.5,1,2219843,76.8,263095,1,2020,0,1-1.5 hours,0.6401773656877556
1573,1574,Title 1574,TV Show,2002,2020-12-26,PG,0.0,2.0,Romance,United States,French,5.8,4.0,1,1233153,94.9,1813331,23,2000,1,N/A,0.5645734586770115
1574,1575,Title 1575,TV Show,1987,2017-06-19,TV-MA,72.0,5.0,Crime,France,Japanese,8.7,3.1,0,3780460,64.7,614936,38,1980,0,1-1.5 hours,0.8258705594440384
1575,1576,Title 1576,Movie,1987,2016-04-21,TV-Y,69.0,0.0,Crime,Canada,English,6.1,3.7,1,3146301,90.5,820935,38,1980,1,1-1.5 hours,0.8339464478527316
1576,1577,Title 1577,Movie,2005,2018-03-03,PG,118.0,0.0,Adventure,United Kingdom,Hindi,6.9,4.0,1,1266575,94.9,671466,20,2000,1,1.5-2.5 hours,0.5695867724636243
1577,1578,Title 1578,TV Show,1992,2016-01-30,G,0.0,5.0,Drama,Japan,Hindi,7.6,4.0,1,1629944,52.6,1378810,33,1990,1,N/A,0.454892272353749
1578,1579,Title 1579,TV Show,2018,2023-12-23,TV-14,154.0,5.0,Adventure,South Korea,Spanish,5.9,3.4,0,980911,70.2,1199414,7,2010,0,> 2.5 hours,0.42793705462690024
1579,1580,Title 1580,Movie,2016,2016-10-09,TV-MA,133.0,0.0,Drama,Australia,Spanish,5.6,4.6,1,733673,36.0,1269150,9,2010,0,1.5-2.5 hours,0.25405125264094475
1580,1581,Title 1581,TV Show,2007,2015-11-23,R,0.0,5.0,Adventure,Japan,French,6.6,3.6,1,793963,55.7,1947752,18,2000,0,N/A,0.3418947775106382
1581,1582,Title 1582,TV Show,2004,2016-01-02,TV-PG,73.0,8.0,Crime,India,Korean,5.2,4.2,1,122189,25.9,62753,21,2000,1,1-1.5 hours,0.12192840040310111
1582,1583,Title 1583,Movie,1995,2015-09-13,G,175.0,2.0,Adventure,Canada,German,5.6,3.5,1,2472099,22.2,692035,30,1990,1,> 2.5 hours,0.45961586974364177
1583,1584,Title 1584,TV Show,1981,2016-10-23,TV-MA,0.0,7.0,Crime,United Kingdom,German,4.3,3.9,0,698879,87.0,570572,44,1980,0,N/A,0.4528321382883803
1584,1585,Title 1585,TV Show,1997,2017-08-02,TV-MA,118.0,5.0,Crime,India,French,5.7,3.4,1,2061386,84.4,1463789,28,1990,0,1.5-2.5 hours,0.6468087503240634
1585,1586,Title 1586,TV Show,1996,2015-07-09,TV-Y7,102.0,5.0,Sci-Fi,United States,Hindi,5.8,4.3,1,535057,43.4,848436,29,1990,1,1.5-2.5 hours,0.25385877071161944
1586,1587,Title 1587,Movie,2009,2021-09-29,R,118.0,0.0,Action,Germany,French,9.3,3.9,1,2797670,54.3,878943,16,2000,0,1.5-2.5 hours,0.6368516540420486
1587,1588,Title 1588,Movie,2018,2020-11-24,PG,134.0,0.0,Drama,South Korea,German,7.2,3.0,1,95094,57.0,207300,7,2010,1,1.5-2.5 hours,0.24226413922638285
1588,1589,Title 1589,Movie,1992,2016-09-17,TV-PG,108.0,0.0,Horror,United States,Hindi,8.3,3.1,1,197524,59.1,453531,33,1990,1,1.5-2.5 hours,0.26602868147887404
1589,1590,Title 1590,TV Show,2011,2017-06-16,TV-Y7,113.0,5.0,Mystery,Australia,German,4.2,3.9,1,3691620,30.1,677344,14,2010,1,1.5-2.5 hours,0.6741445227974376
1590,1591,Title 1591,TV Show,2008,2015-01-05,TV-PG,0.0,5.0,Mystery,Japan,Korean,4.6,3.4,1,1896391,78.1,559272,17,2000,1,N/A,0.5968594322634387
1591,1592,Title 1592,Movie,2009,2021-02-28,TV-14,118.0,0.0,Adventure,Spain,Spanish,8.5,4.2,1,2598821,46.1,995422,16,2000,0,1.5-2.5 hours,0.5742242220166105
1592,1593,Title 1593,TV Show,1997,2018-04-21,R,0.0,7.0,Action,Spain,Spanish,7.4,3.8,1,1416192,22.4,359464,28,1990,0,N/A,0.3020293841808065
1593,1594,Title 1594,TV Show,1992,2019-07-31,TV-MA,0.0,5.0,Romance,United Kingdom,Hindi,5.1,4.3,1,446234,70.7,1394852,33,1990,0,N/A,0.34973528407203125
1594,1595,Title 1595,TV Show,2022,2020-10-11,TV-Y,0.0,5.0,Horror,France,French,6.2,4.9,1,52653,82.2,663433,3,2020,1,N/A,0.3366979717194223
1595,1596,Title 1596,TV Show,2000,2022-09-24,PG-13,129.0,4.0,Mystery,Japan,German,7.0,4.1,1,3438507,88.9,1670759,25,2000,0,1.5-2.5 hours,0.8713774683880381
1596,1597,Title 1597,TV Show,2009,2020-10-20,PG-13,0.0,5.0,Comedy,Spain,English,8.6,4.6,1,571635,70.6,1800598,16,2000,0,N/A,0.36814548580008594
1597,1598,Title 1598,Movie,2000,2015-08-18,TV-Y,118.0,3.0,Thriller,Canada,Korean,4.3,4.5,0,1424288,34.3,1582852,25,2000,1,1.5-2.5 hours,0.3508437875204157
1598,1599,Title 1599,TV Show,1996,2021-07-05,PG-13,122.0,5.0,Comedy,Germany,German,7.3,4.8,0,1123492,64.2,1436891,29,1990,0,1.5-2.5 hours,0.42532426344172447
1599,1600,Title 1600,Movie,2019,2020-05-17,TV-Y7,118.0,0.0,Romance,United Kingdom,Japanese,7.9,3.4,1,2024692,88.4,1122752,6,2010,1,1.5-2.5 hours,0.6573046351877467
1600,1601,Title 1601,TV Show,1998,2023-07-31,TV-14,0.0,5.0,Horror,South Korea,English,9.4,4.7,1,3017779,46.3,457526,27,1990,0,N/A,0.6378680948372608
1601,1602,Title 1602,Movie,1994,2017-08-20,PG-13,118.0,5.0,Mystery,United States,Korean,8.4,4.8,0,3689166,91.5,1986394,31,1990,0,1.5-2.5 hours,0.9193764217851599
1602,1603,Title 1603,TV Show,1988,2016-12-03,TV-14,0.0,2.0,Adventure,United States,Korean,5.5,3.8,1,1721640,27.3,1673840,37,1980,0,N/A,0.367446710178453
1603,1604,Title 1604,Movie,1989,2020-11-04,TV-MA,163.0,0.0,Thriller,Spain,Spanish,7.9,3.6,1,3435431,74.6,863552,36,1980,0,> 2.5 hours,0.8137160671191845
1604,1605,Title 1605,TV Show,2023,2019-01-09,TV-14,61.0,6.0,Drama,United Kingdom,Hindi,8.2,4.9,1,250029,29.0,509928,2,2020,0,1-1.5 hours,0.15350445313724612
1605,1606,Title 1606,Movie,2010,2015-07-03,TV-Y7,118.0,0.0,Mystery,Spain,German,8.0,4.3,1,1966543,79.9,869381,15,2010,1,1.5-2.5 hours,0.6145822612012184
1606,1607,Title 1607,TV Show,2002,2022-10-17,TV-Y,180.0,5.0,Mystery,United States,Korean,8.5,3.8,0,3611257,27.3,1337846,23,2000,1,> 2.5 hours,0.6508900396476089
1607,1608,Title 1608,Movie,2009,2016-03-24,TV-14,170.0,2.0,Romance,Australia,German,9.0,4.6,1,2522125,44.4,1030321,16,2000,0,> 2.5 hours,0.5559197903794235
1608,1609,Title 1609,TV Show,2012,2019-06-13,TV-PG,0.0,5.0,Mystery,India,Korean,4.5,3.6,0,3831474,78.3,1463822,13,2010,1,N/A,0.8879226804873712
1609,1610,Title 1610,Movie,1988,2016-06-01,PG,122.0,3.0,Horror,Japan,French,4.6,3.4,1,2928420,54.5,988122,37,1980,1,1.5-2.5 hours,0.6572642079765719
1610,1611,Title 1611,Movie,1980,2016-08-19,PG-13,118.0,6.0,Action,United Kingdom,Spanish,8.4,4.1,1,3119573,86.2,1448351,45,1980,0,1.5-2.5 hours,0.8127372368274013
1611,1612,Title 1612,TV Show,2023,2021-02-01,TV-Y,80.0,5.0,Horror,Canada,Hindi,5.4,4.1,1,177956,50.1,674415,2,2020,1,1-1.5 hours,0.22709347340705188
1612,1613,Title 1613,TV Show,2014,2018-09-13,G,0.0,8.0,Drama,Spain,English,4.3,4.7,1,3931095,94.6,554654,11,2010,1,N/A,0.9680658715811468
1613,1614,Title 1614,Movie,1990,2017-12-04,TV-MA,118.0,3.0,Action,Spain,English,6.2,3.9,0,2916500,21.4,1552951,35,1990,0,1.5-2.5 hours,0.5230762030595584
1614,1615,Title 1615,TV Show,2013,2018-08-14,PG,97.0,5.0,Mystery,France,French,8.5,4.6,0,215927,72.2,882398,12,2010,1,1-1.5 hours,0.32118913907013247
1615,1616,Title 1616,Movie,1995,2023-08-01,TV-PG,174.0,8.0,Mystery,Germany,Japanese,4.7,3.6,1,614873,88.7,564502,30,1990,1,> 2.5 hours,0.44703120363581
1616,1617,Title 1617,Movie,1988,2019-03-19,R,118.0,0.0,Thriller,South Korea,Spanish,7.7,4.2,1,733294,60.2,1881460,37,1980,0,1.5-2.5 hours,0.35079440248460686
1617,1618,Title 1618,Movie,2011,2017-10-26,TV-Y7,169.0,6.0,Mystery,Spain,Korean,4.0,3.4,1,3482441,94.1,1366071,14,2010,1,> 2.5 hours,0.8987675865108629
1618,1619,Title 1619,TV Show,1994,2020-07-24,PG,97.0,1.0,Crime,Canada,Spanish,4.6,3.8,0,549967,73.1,1189461,31,1990,1,1-1.5 hours,0.37489527686201135
1619,1620,Title 1620,Movie,1991,2016-06-01,TV-Y,165.0,0.0,Drama,South Korea,Hindi,5.9,4.7,0,3609197,52.2,1940467,34,1990,1,> 2.5 hours,0.7501810387978566
1620,1621,Title 1621,Movie,2012,2018-08-30,TV-Y,60.0,0.0,Sci-Fi,Germany,English,4.5,3.4,1,1457922,58.7,1953654,13,2010,1,1-1.5 hours,0.45348890139447884
1621,1622,Title 1622,TV Show,2024,2018-09-15,TV-Y,148.0,5.0,Adventure,France,German,8.7,4.6,1,104868,85.8,1550069,1,2020,1,> 2.5 hours,0.35893024325816897
1622,1623,Title 1623,TV Show,1993,2015-09-19,TV-MA,0.0,5.0,Thriller,Spain,English,8.8,3.6,0,3090675,91.8,1534827,32,1990,0,N/A,0.8308025249069435
1623,1624,Title 1624,TV Show,1987,2021-04-24,TV-14,121.0,6.0,Comedy,South Korea,Japanese,8.2,3.1,1,582284,61.7,1651237,38,1980,0,1.5-2.5 hours,0.33414284019281054
1624,1625,Title 1625,TV Show,1987,2019-01-29,PG-13,0.0,5.0,Action,South Korea,Japanese,5.3,3.2,0,1074538,43.0,406644,38,1980,0,N/A,0.33318114324814396
1625,1626,Title 1626,Movie,2006,2017-06-23,R,121.0,0.0,Sci-Fi,Australia,Japanese,6.9,4.5,1,3488309,37.9,1933972,19,2000,0,1.5-2.5 hours,0.6748477889314195
1626,1627,Title 1627,Movie,1991,2017-02-06,TV-Y,118.0,3.0,Adventure,South Korea,Japanese,5.0,3.5,0,2998386,55.8,1716129,34,1990,1,1.5-2.5 hours,0.6729591368376263
1627,1628,Title 1628,Movie,1980,2017-07-28,G,121.0,5.0,Mystery,United States,Hindi,5.5,4.3,1,1380491,42.2,1078298,45,1980,1,1.5-2.5 hours,0.3758742194541035
1628,1629,Title 1629,Movie,2022,2018-07-20,TV-MA,154.0,0.0,Horror,Germany,Korean,6.8,4.4,0,2861679,51.6,1453958,3,2020,0,> 2.5 hours,0.6356530304458337
1629,1630,Title 1630,TV Show,2019,2017-12-01,TV-Y,127.0,6.0,Crime,Canada,Spanish,8.0,3.7,1,624297,82.6,60678,6,2010,1,1.5-2.5 hours,0.4240448075232207
1630,1631,Title 1631,Movie,2021,2021-01-19,G,159.0,7.0,Action,France,English,4.5,3.9,1,3589075,55.4,722967,4,2020,1,> 2.5 hours,0.7599627304975088
1631,1632,Title 1632,Movie,1990,2018-04-19,R,118.0,0.0,Action,Germany,Japanese,5.6,3.8,0,1612202,68.1,445475,35,1990,0,1.5-2.5 hours,0.5142309650351538
1632,1633,Title 1633,TV Show,2018,2017-06-03,R,0.0,5.0,Action,India,English,9.1,4.9,1,1642163,26.8,763354,7,2010,0,N/A,0.35352512739410036
1633,1634,Title 1634,Movie,2022,2019-03-04,PG-13,118.0,6.0,Drama,United States,Japanese,6.4,3.6,0,259636,77.2,222026,3,2020,0,1.5-2.5 hours,0.3477455071001445
1634,1635,Title 1635,Movie,2010,2020-03-23,TV-PG,95.0,5.0,Action,France,German,9.2,3.4,0,298346,56.2,423018,15,2010,1,1-1.5 hours,0.2695520230680635
1635,1636,Title 1636,Movie,1996,2018-07-06,PG-13,118.0,7.0,Thriller,India,Spanish,9.5,3.7,1,3690622,47.1,70380,29,1990,0,1.5-2.5 hours,0.7419948223857615
1636,1637,Title 1637,Movie,2012,2021-09-01,TV-14,178.0,2.0,Adventure,South Korea,German,6.9,4.3,1,1002303,65.8,553384,13,2010,0,> 2.5 hours,0.4135458634511245
1637,1638,Title 1638,Movie,2011,2017-12-04,TV-Y7,118.0,1.0,Horror,Germany,German,5.6,4.4,1,608981,27.6,270281,14,2010,1,1.5-2.5 hours,0.20174740120535334
1638,1639,Title 1639,Movie,2008,2017-09-28,R,156.0,0.0,Thriller,Canada,Japanese,8.3,4.8,1,3885857,51.0,74626,17,2000,0,> 2.5 hours,0.7868801529204206
1639,1640,Title 1640,TV Show,2000,2017-08-18,TV-Y7,175.0,5.0,Thriller,France,Korean,4.9,4.8,1,1496169,80.8,1763874,25,2000,1,> 2.5 hours,0.5476259671714097
1640,1641,Title 1641,TV Show,2000,2023-05-01,TV-MA,0.0,5.0,Crime,Japan,English,5.4,3.6,1,2829415,39.7,375436,25,2000,0,N/A,0.5832134171368971
1641,1642,Title 1642,Movie,2019,2016-05-30,PG,75.0,4.0,Horror,India,French,8.3,3.9,1,3731779,88.6,1824401,6,2010,1,1-1.5 hours,0.9141683893630708
1642,1643,Title 1643,Movie,2002,2020-05-28,TV-Y,73.0,0.0,Crime,Australia,Spanish,6.4,4.5,0,1351702,65.3,1233017,23,2000,1,1-1.5 hours,0.46395585757860835
1643,1644,Title 1644,TV Show,1985,2018-06-12,TV-MA,0.0,2.0,Action,United States,Korean,5.1,4.8,0,3201222,60.6,840438,40,1980,0,N/A,0.7225846205077064
1644,1645,Title 1645,Movie,2001,2019-04-13,R,124.0,0.0,Action,United States,French,7.6,3.7,1,1372283,50.0,1370107,24,2000,0,1.5-2.5 hours,0.4058430160682942
1645,1646,Title 1646,Movie,2017,2023-07-27,G,144.0,0.0,Thriller,Australia,Korean,8.0,3.9,1,1324764,75.6,777417,8,2010,1,> 2.5 hours,0.5011151464666528
1646,1647,Title 1647,Movie,2016,2017-10-19,TV-Y7,115.0,0.0,Thriller,United States,Japanese,4.7,4.8,0,2704873,62.3,1203537,9,2010,1,1.5-2.5 hours,0.6549320657631809
1647,1648,Title 1648,TV Show,2024,2020-06-03,PG-13,153.0,1.0,Action,United Kingdom,Japanese,5.5,3.7,1,3487866,79.7,914454,1,2020,0,> 2.5 hours,0.8419813387486816
1648,1649,Title 1649,Movie,1987,2019-01-13,PG,89.0,6.0,Romance,United Kingdom,Korean,5.2,4.0,0,1449338,44.9,682818,38,1980,1,1-1.5 hours,0.3970012978535691
1649,1650,Title 1650,TV Show,2020,2015-03-20,TV-PG,166.0,7.0,Adventure,France,Hindi,6.1,4.8,0,2529425,72.7,120942,5,2020,1,> 2.5 hours,0.6702147933906818
1650,1651,Title 1651,Movie,2014,2015-03-22,TV-MA,154.0,1.0,Drama,Japan,Hindi,8.2,4.6,1,3520445,90.8,350384,11,2010,0,> 2.5 hours,0.891268202187556
1651,1652,Title 1652,TV Show,1990,2017-11-26,TV-PG,0.0,5.0,Sci-Fi,Canada,Korean,7.9,3.5,1,3475902,41.0,217690,35,1990,1,N/A,0.685386733813518
1652,1653,Title 1653,TV Show,2003,2022-08-31,TV-Y7,145.0,5.0,Mystery,South Korea,Hindi,7.6,3.6,1,1037547,93.6,961015,22,2000,1,> 2.5 hours,0.5300324779893144
1653,1654,Title 1654,Movie,2000,2021-09-19,TV-Y7,180.0,0.0,Comedy,United Kingdom,Spanish,4.0,3.7,0,374096,50.8,1283703,25,2000,1,> 2.5 hours,0.25931455431502437
1654,1655,Title 1655,TV Show,1981,2018-11-01,TV-Y,0.0,1.0,Horror,India,English,4.8,4.8,1,1022255,22.9,1403645,44,1980,1,N/A,0.24493867168134714
1655,1656,Title 1656,Movie,2019,2016-06-23,G,76.0,3.0,Crime,Australia,French,5.2,5.0,0,575451,46.8,18204,6,2010,1,1-1.5 hours,0.27351788737419025
1656,1657,Title 1657,TV Show,1998,2022-11-28,G,0.0,5.0,Horror,Germany,Japanese,5.5,4.5,1,1298109,31.2,468121,27,1990,1,N/A,0.31951688547143503
1657,1658,Title 1658,Movie,2018,2022-01-07,TV-14,118.0,0.0,Action,Japan,Spanish,4.8,4.0,1,1121793,42.8,197248,7,2010,0,1.5-2.5 hours,0.33946941274088505
1658,1659,Title 1659,Movie,2007,2023-03-30,PG-13,118.0,0.0,Sci-Fi,Canada,English,6.3,3.0,1,3686148,27.2,1535562,18,2000,0,1.5-2.5 hours,0.6617237205402314
1659,1660,Title 1660,TV Show,1996,2023-09-12,R,0.0,2.0,Comedy,India,Hindi,4.4,4.4,1,991559,33.4,883253,29,1990,0,N/A,0.2823342590192123
1660,1661,Title 1661,Movie,1985,2015-08-31,R,118.0,0.0,Thriller,Japan,French,8.1,3.8,1,2489227,29.5,701731,40,1980,0,1.5-2.5 hours,0.4913850768089612
1661,1662,Title 1662,Movie,1998,2022-11-07,TV-Y7,156.0,7.0,Thriller,Australia,Spanish,8.3,4.3,0,3536902,23.3,1355748,27,1990,1,> 2.5 hours,0.6237367589760872
1662,1663,Title 1663,TV Show,2017,2016-09-15,TV-MA,70.0,7.0,Crime,India,German,7.2,4.2,0,2709260,42.2,661533,8,2010,0,1-1.5 hours,0.5751901175728233
1663,1664,Title 1664,Movie,2007,2019-03-09,R,115.0,2.0,Adventure,Australia,Japanese,4.5,4.0,0,2513513,90.6,854759,18,2000,0,1.5-2.5 hours,0.7394279868269638
1664,1665,Title 1665,Movie,1981,2023-06-25,R,65.0,8.0,Mystery,Canada,Korean,8.9,4.9,0,1372910,91.2,762679,44,1980,0,1-1.5 hours,0.5707370663269324
1665,1666,Title 1666,TV Show,2017,2016-03-09,TV-MA,0.0,7.0,Adventure,United States,Japanese,9.3,3.0,1,239240,83.5,1328534,8,2010,0,N/A,0.3698860986867714
1666,1667,Title 1667,TV Show,2016,2022-04-03,PG-13,153.0,5.0,Sci-Fi,South Korea,English,5.1,4.4,0,1041964,20.9,1023700,9,2010,0,> 2.5 hours,0.23989502981133198
1667,1668,Title 1668,Movie,1983,2017-05-07,PG,118.0,0.0,Adventure,South Korea,English,7.9,3.8,1,2423508,22.1,1874453,42,1980,1,1.5-2.5 hours,0.4519271996997991
1668,1669,Title 1669,Movie,2001,2022-07-13,G,96.0,3.0,Crime,Spain,German,8.6,4.4,1,3686450,20.8,1380023,24,2000,1,1-1.5 hours,0.6361690206648069
1669,1670,Title 1670,TV Show,2005,2020-05-20,TV-Y,78.0,4.0,Comedy,United Kingdom,German,7.0,4.4,1,365782,47.5,1920964,20,2000,1,1-1.5 hours,0.24486745088548995
1670,1671,Title 1671,TV Show,2022,2017-04-14,TV-Y,99.0,8.0,Comedy,France,Korean,5.8,3.0,1,221151,93.5,1920498,3,2020,1,1-1.5 hours,0.40717274122503844
1671,1672,Title 1672,Movie,2015,2020-08-05,TV-Y,118.0,5.0,Comedy,Germany,Hindi,6.6,3.6,1,3644975,87.3,453656,10,2010,1,1.5-2.5 hours,0.8959477535563223
1672,1673,Title 1673,TV Show,1992,2015-04-24,TV-MA,83.0,4.0,Thriller,Australia,Japanese,6.8,3.4,0,1026435,38.8,346888,33,1990,0,1-1.5 hours,0.30916567340560186
1673,1674,Title 1674,Movie,2011,2020-10-22,TV-Y,118.0,0.0,Romance,Spain,Spanish,6.2,3.3,1,2142624,50.8,1929081,14,2010,1,1.5-2.5 hours,0.5245944838348305
1674,1675,Title 1675,Movie,1996,2017-09-02,TV-Y7,62.0,1.0,Sci-Fi,Spain,Spanish,9.1,4.5,0,1832420,81.8,549456,29,1990,1,1-1.5 hours,0.6020637558753286
1675,1676,Title 1676,Movie,2020,2016-02-22,TV-14,118.0,0.0,Mystery,Spain,Spanish,8.1,3.5,1,3228522,76.9,112886,5,2020,0,1.5-2.5 hours,0.7918796317689873
1676,1677,Title 1677,Movie,2015,2017-07-30,TV-MA,118.0,0.0,Sci-Fi,Australia,Hindi,5.3,3.9,0,926263,29.9,1767587,10,2010,0,1.5-2.5 hours,0.25853983208453823
1677,1678,Title 1678,Movie,1998,2021-08-19,TV-MA,118.0,8.0,Sci-Fi,Canada,Japanese,7.2,3.5,0,1183166,28.1,1423509,27,1990,0,1.5-2.5 hours,0.28987538805731716
1678,1679,Title 1679,TV Show,2014,2022-11-28,G,0.0,8.0,Adventure,Australia,Japanese,7.8,4.2,1,2873675,60.8,1354095,11,2010,1,N/A,0.6742524353941973
1679,1680,Title 1680,TV Show,2019,2015-11-08,TV-Y,0.0,8.0,Drama,South Korea,Korean,4.8,4.4,1,3163843,27.7,1816284,6,2010,1,N/A,0.5853777550888264
1680,1681,Title 1681,TV Show,2007,2019-06-13,TV-PG,0.0,2.0,Sci-Fi,Australia,Spanish,6.0,3.7,1,1884574,81.9,108086,18,2000,1,N/A,0.6102868773889129
1681,1682,Title 1682,TV Show,1980,2023-06-26,PG,153.0,5.0,Crime,Canada,English,9.0,4.2,0,1432166,39.0,508663,45,1980,1,> 2.5 hours,0.37082549077009963
1682,1683,Title 1683,Movie,2021,2021-11-26,TV-14,118.0,4.0,Drama,Japan,English,7.1,4.6,0,1409998,34.1,300938,4,2020,0,1.5-2.5 hours,0.34790028162577447
1683,1684,Title 1684,Movie,1997,2022-02-10,TV-MA,118.0,6.0,Romance,South Korea,English,5.2,3.2,0,3016983,33.9,12836,28,1990,0,1.5-2.5 hours,0.5881486945089098
1684,1685,Title 1685,Movie,2019,2019-08-04,TV-14,118.0,0.0,Crime,United States,German,4.7,4.4,1,2272360,23.4,202548,6,2010,0,1.5-2.5 hours,0.43445493735107776
1685,1686,Title 1686,Movie,2012,2018-07-14,TV-MA,118.0,1.0,Sci-Fi,India,German,6.9,3.6,1,3504346,68.1,1990171,13,2010,0,1.5-2.5 hours,0.7980533455467003
1686,1687,Title 1687,TV Show,1991,2020-03-10,PG-13,0.0,5.0,Horror,United States,Hindi,7.0,3.2,1,2303118,32.3,788949,34,1990,0,N/A,0.4746686500387876
1687,1688,Title 1688,Movie,1987,2017-05-15,G,80.0,0.0,Thriller,France,Spanish,5.8,4.1,1,2901156,37.5,961038,38,1980,1,1-1.5 hours,0.585174596730141
1688,1689,Title 1689,Movie,2003,2022-07-24,TV-Y7,118.0,6.0,Adventure,United States,German,7.5,3.5,1,357893,76.3,1333510,22,2000,1,1.5-2.5 hours,0.3588840976312685
1689,1690,Title 1690,TV Show,1995,2016-02-10,PG-13,144.0,5.0,Action,South Korea,English,4.4,4.6,1,2421702,24.3,1045790,30,1990,0,> 2.5 hours,0.4604562989548221
1690,1691,Title 1691,TV Show,1983,2018-12-10,TV-Y,0.0,5.0,Mystery,United States,German,4.8,3.1,0,1955417,35.2,1282724,42,1980,1,N/A,0.43411335661173067
1691,1692,Title 1692,TV Show,2017,2023-11-10,PG,146.0,3.0,Mystery,United Kingdom,Japanese,7.0,3.2,1,2489857,31.2,1630564,8,2010,1,> 2.5 hours,0.49827957706883697
1692,1693,Title 1693,TV Show,2023,2021-03-13,TV-PG,115.0,8.0,Crime,United States,English,4.3,4.0,1,564760,20.4,517995,2,2020,1,1.5-2.5 hours,0.16631423296414066
1693,1694,Title 1694,Movie,2006,2023-11-03,TV-Y7,118.0,4.0,Mystery,Germany,Spanish,8.8,4.2,0,996175,60.5,250592,19,2000,1,1.5-2.5 hours,0.39142666092331757
1694,1695,Title 1695,Movie,1988,2018-01-05,PG-13,118.0,0.0,Drama,France,Japanese,4.8,4.5,1,1489087,34.3,1575357,37,1980,0,1.5-2.5 hours,0.3605636642500767
1695,1696,Title 1696,TV Show,1995,2016-04-17,TV-14,0.0,5.0,Comedy,India,Hindi,7.7,3.5,0,3044560,67.5,1230038,30,1990,0,N/A,0.7266852558844537
1696,1697,Title 1697,Movie,1991,2022-04-25,TV-14,118.0,0.0,Horror,Canada,Korean,6.2,4.7,0,908069,57.6,1764838,34,1990,0,1.5-2.5 hours,0.3666107245794926
1697,1698,Title 1698,Movie,2010,2022-06-12,PG,118.0,5.0,Action,Germany,Korean,6.2,4.9,1,1984917,70.1,595580,15,2010,1,1.5-2.5 hours,0.5781383687805142
1698,1699,Title 1699,Movie,2003,2017-03-16,TV-MA,77.0,0.0,Mystery,Germany,Japanese,8.2,4.0,0,2496493,93.6,1996133,22,2000,0,1-1.5 hours,0.7488749798061944
1699,1700,Title 1700,TV Show,1993,2020-08-14,TV-14,0.0,6.0,Mystery,Germany,English,6.7,4.5,0,983686,36.5,43161,32,1990,0,N/A,0.2935533057715909
1700,1701,Title 1701,Movie,2024,2018-06-24,TV-Y,118.0,3.0,Crime,Canada,German,8.0,4.0,1,3979697,69.9,297313,1,2020,1,1.5-2.5 hours,0.876556191629527
1701,1702,Title 1702,TV Show,2004,2019-05-25,TV-PG,153.0,5.0,Sci-Fi,United Kingdom,German,6.8,3.1,1,3103260,82.5,365137,21,2000,1,> 2.5 hours,0.7954902800982703
1702,1703,Title 1703,Movie,2013,2015-06-28,G,118.0,7.0,Thriller,United Kingdom,English,7.3,3.7,0,1684389,91.8,608901,12,2010,1,1.5-2.5 hours,0.6198590448123732
1703,1704,Title 1704,Movie,1982,2020-09-06,TV-Y,128.0,6.0,Adventure,Canada,Spanish,8.2,3.2,0,3390165,66.7,1585916,43,1980,1,1.5-2.5 hours,0.7753261484469083
1704,1705,Title 1705,Movie,2003,2020-09-27,TV-PG,118.0,0.0,Adventure,Japan,Japanese,7.3,5.0,1,2444472,29.8,444680,22,2000,1,1.5-2.5 hours,0.4858718083474729
1705,1706,Title 1706,TV Show,2021,2023-06-03,PG,169.0,5.0,Adventure,Australia,English,7.4,3.5,1,2535229,24.0,1276804,4,2020,1,> 2.5 hours,0.4762853957848384
1706,1707,Title 1707,Movie,1988,2016-09-09,TV-Y,118.0,3.0,Adventure,Australia,Spanish,8.3,4.3,1,446055,40.9,193974,37,1980,1,1.5-2.5 hours,0.23050843399819348
1707,1708,Title 1708,TV Show,2005,2016-05-08,G,0.0,5.0,Romance,United Kingdom,Hindi,9.2,3.6,0,1591204,89.6,798209,20,2000,1,N/A,0.597081256373455
1708,1709,Title 1709,TV Show,1999,2017-11-08,G,0.0,5.0,Action,South Korea,Hindi,6.1,4.3,0,3003574,60.3,1671717,26,1990,1,N/A,0.6917373389776822
1709,1710,Title 1710,TV Show,2019,2019-05-19,R,99.0,1.0,Sci-Fi,Canada,Japanese,7.2,3.4,0,1482278,63.4,1726565,6,2010,0,1-1.5 hours,0.47594231144135646
1710,1711,Title 1711,Movie,1989,2018-05-29,TV-MA,110.0,0.0,Thriller,United Kingdom,English,4.5,4.6,1,3420116,65.8,1840313,36,1980,0,1.5-2.5 hours,0.7762188108017297
1711,1712,Title 1712,Movie,1998,2015-03-27,PG,83.0,0.0,Thriller,South Korea,Hindi,6.0,3.2,1,1768150,44.9,499941,27,1990,1,1-1.5 hours,0.44482322936388075
1712,1713,Title 1713,Movie,1982,2018-03-10,TV-Y,118.0,0.0,Crime,Australia,German,6.3,4.8,1,205010,33.6,771989,43,1980,1,1.5-2.5 hours,0.16515158456685758
1713,1714,Title 1714,Movie,2003,2018-03-20,TV-Y7,118.0,0.0,Horror,United States,Spanish,8.6,4.7,1,2089030,91.6,1520253,22,2000,1,1.5-2.5 hours,0.6797553617272447
1714,1715,Title 1715,TV Show,1984,2021-10-18,TV-Y7,111.0,5.0,Mystery,United Kingdom,Korean,6.8,4.4,1,667612,76.7,934324,41,1980,1,1.5-2.5 hours,0.4069420753907073
1715,1716,Title 1716,TV Show,1982,2016-03-09,PG,0.0,2.0,Mystery,France,Korean,8.0,3.1,1,768773,58.3,1857507,43,1980,1,N/A,0.34851626711973455
1716,1717,Title 1717,TV Show,2006,2018-09-05,TV-Y,124.0,2.0,Sci-Fi,United States,Hindi,4.1,3.4,0,1864974,48.3,75029,19,2000,1,1.5-2.5 hours,0.4729468693038906
1717,1718,Title 1718,Movie,1995,2015-01-28,PG-13,67.0,1.0,Romance,United States,Spanish,6.6,4.7,0,311195,56.2,731480,30,1990,0,1-1.5 hours,0.27147937836829056
1718,1719,Title 1719,TV Show,1994,2022-12-28,PG-13,108.0,3.0,Drama,United Kingdom,German,9.0,3.2,0,3361493,22.5,1838252,31,1990,0,1.5-2.5 hours,0.5942253366196757
1719,1720,Title 1720,Movie,2014,2020-06-19,TV-MA,118.0,0.0,Comedy,South Korea,Korean,5.2,3.3,0,1245105,38.6,1394804,11,2010,0,1.5-2.5 hours,0.3411662636072249
1720,1721,Title 1721,TV Show,1991,2023-06-01,TV-Y,149.0,5.0,Sci-Fi,France,German,4.2,4.1,1,1137438,38.8,1794260,34,1990,1,> 2.5 hours,0.32581616919446527
1721,1722,Title 1722,Movie,2020,2023-07-27,G,66.0,0.0,Drama,South Korea,German,6.4,3.5,0,1095806,53.4,1950914,5,2020,1,1-1.5 hours,0.37797135202121807
1722,1723,Title 1723,Movie,2023,2023-12-20,TV-14,118.0,8.0,Comedy,Germany,Korean,7.9,3.4,1,3809569,37.7,703324,2,2020,0,1.5-2.5 hours,0.7222369214515341
1723,1724,Title 1724,TV Show,2005,2020-10-28,TV-Y7,177.0,5.0,Thriller,South Korea,Korean,6.5,4.2,0,796550,33.9,742442,20,2000,1,> 2.5 hours,0.2550828285777786
1724,1725,Title 1725,TV Show,2013,2017-09-10,TV-Y,0.0,5.0,Romance,South Korea,Hindi,6.5,3.7,0,2790528,77.4,937446,12,2010,1,N/A,0.7281803510959655
1725,1726,Title 1726,TV Show,2002,2022-09-16,TV-Y,171.0,5.0,Sci-Fi,Japan,Japanese,7.7,3.3,0,1755912,87.0,257460,23,2000,1,> 2.5 hours,0.6113875243156919
1726,1727,Title 1727,TV Show,2010,2023-04-20,TV-14,0.0,2.0,Adventure,Spain,Spanish,5.4,4.1,0,831058,25.0,1134013,15,2010,0,N/A,0.22465904281236773
1727,1728,Title 1728,Movie,1999,2022-09-29,TV-14,140.0,6.0,Thriller,India,English,8.1,3.8,1,3118437,35.7,1062257,26,1990,0,1.5-2.5 hours,0.6105668363587999
1728,1729,Title 1729,TV Show,1991,2019-03-10,TV-PG,89.0,5.0,Drama,Spain,Spanish,4.8,4.5,1,3902322,78.0,1460520,34,1990,1,1-1.5 hours,0.8973499097122518
1729,1730,Title 1730,TV Show,2002,2018-01-27,R,179.0,5.0,Sci-Fi,France,English,6.2,3.2,1,2668907,81.2,1765556,23,2000,0,> 2.5 hours,0.725137150927165
1730,1731,Title 1731,TV Show,1983,2022-09-05,TV-MA,0.0,5.0,Sci-Fi,France,Korean,7.6,4.2,1,3944760,57.5,1427366,42,1980,0,N/A,0.8217156272179748
1731,1732,Title 1732,Movie,2002,2020-06-15,TV-Y7,118.0,1.0,Crime,Canada,German,8.6,3.9,0,3468793,72.1,806379,23,2000,1,1.5-2.5 hours,0.8087203808810474
1732,1733,Title 1733,Movie,1980,2015-04-07,TV-14,85.0,3.0,Action,South Korea,Spanish,8.4,3.8,1,3909595,25.8,487686,45,1980,0,1-1.5 hours,0.6896408627123725
1733,1734,Title 1734,TV Show,2004,2018-07-15,PG-13,0.0,3.0,Thriller,United States,German,8.0,3.5,0,374707,83.7,1058217,21,2000,0,N/A,0.3910062045670626
1734,1735,Title 1735,Movie,1981,2022-01-23,PG,106.0,0.0,Sci-Fi,Spain,Spanish,6.0,3.1,1,605997,82.5,124251,44,1980,1,1.5-2.5 hours,0.42089979997444993
1735,1736,Title 1736,TV Show,2009,2023-05-29,PG-13,101.0,3.0,Mystery,Canada,Japanese,4.7,4.7,1,1364164,72.0,223879,16,2000,0,1.5-2.5 hours,0.49262516271919743
1736,1737,Title 1737,Movie,1982,2019-01-27,TV-PG,177.0,0.0,Mystery,Germany,French,5.2,3.7,0,869958,88.7,1626819,43,1980,1,> 2.5 hours,0.48529405885866184
1737,1738,Title 1738,Movie,2000,2017-07-10,TV-PG,118.0,0.0,Action,India,Spanish,8.8,4.4,1,3477350,23.6,1948150,25,2000,1,1.5-2.5 hours,0.6160039344108197
1738,1739,Title 1739,Movie,2004,2015-09-29,TV-14,118.0,3.0,Sci-Fi,South Korea,German,8.7,4.9,1,113332,37.3,1143058,21,2000,0,1.5-2.5 hours,0.16619984674957855
1739,1740,Title 1740,Movie,1999,2019-08-19,TV-PG,118.0,0.0,Adventure,Canada,French,9.2,4.1,0,1102955,47.2,1281368,26,1990,1,1.5-2.5 hours,0.3542437049701887
1740,1741,Title 1741,TV Show,2001,2016-09-09,G,0.0,8.0,Action,Spain,Hindi,4.4,3.8,0,2819008,31.9,1262974,24,2000,1,N/A,0.5504523628439979
1741,1742,Title 1742,TV Show,2000,2022-03-07,TV-Y,0.0,1.0,Action,Germany,Japanese,7.0,3.5,0,363716,81.1,1630302,25,2000,1,N/A,0.3789575500332626
1742,1743,Title 1743,TV Show,2012,2021-04-14,TV-Y,0.0,5.0,Drama,Japan,Korean,7.6,4.9,1,734228,76.8,180567,13,2010,1,N/A,0.41733450286988294
1743,1744,Title 1744,Movie,2017,2022-06-04,TV-14,81.0,4.0,Drama,Australia,Hindi,7.9,4.4,0,55283,78.0,1227947,8,2010,0,1-1.5 hours,0.3202924728043003
1744,1745,Title 1745,TV Show,1994,2015-08-04,TV-PG,0.0,7.0,Horror,India,Hindi,7.5,4.3,1,2094796,41.8,1893390,31,1990,1,N/A,0.4814202641057263
1745,1746,Title 1746,TV Show,1994,2017-08-27,PG,74.0,1.0,Thriller,France,Spanish,8.2,3.9,1,1902213,77.2,1592297,31,1990,1,1-1.5 hours,0.5941327346650203
1746,1747,Title 1747,TV Show,2004,2015-07-13,G,97.0,5.0,Comedy,Japan,Korean,6.0,4.7,1,3684606,29.2,62984,21,2000,1,1-1.5 hours,0.6694924199041548
1747,1748,Title 1748,Movie,2000,2016-11-08,TV-MA,128.0,2.0,Action,South Korea,Japanese,5.0,4.4,0,1085831,28.0,521265,25,2000,0,1.5-2.5 hours,0.27487509790651926
1748,1749,Title 1749,Movie,2003,2019-05-02,TV-PG,128.0,0.0,Drama,Australia,French,5.1,3.6,1,293721,63.8,1323619,22,2000,1,1.5-2.5 hours,0.2992582711602457
1749,1750,Title 1750,Movie,1984,2015-08-19,G,118.0,3.0,Romance,Australia,Spanish,4.1,4.2,0,235988,23.7,500048,41,1980,1,1.5-2.5 hours,0.13019829734531768
1750,1751,Title 1751,TV Show,1985,2015-07-26,R,79.0,5.0,Horror,India,English,5.9,3.9,1,2878685,90.4,952039,40,1980,0,1-1.5 hours,0.7934039374608279
1751,1752,Title 1752,TV Show,2022,2020-12-30,TV-MA,0.0,5.0,Sci-Fi,United States,Spanish,4.5,3.0,1,2649063,44.7,1842220,3,2020,0,N/A,0.5761605427414925
1752,1753,Title 1753,TV Show,2023,2017-09-29,TV-Y,139.0,1.0,Thriller,Japan,French,5.8,4.6,1,1411691,55.8,1037587,2,2020,1,1.5-2.5 hours,0.4349542323241389
1753,1754,Title 1754,Movie,2002,2020-11-17,R,167.0,8.0,Sci-Fi,United States,German,7.5,3.2,1,1590372,81.0,332243,23,2000,0,> 2.5 hours,0.5625564560302541
1754,1755,Title 1755,Movie,1983,2019-01-26,TV-14,141.0,8.0,Horror,United Kingdom,Japanese,8.9,4.0,1,1146172,50.0,1375622,42,1980,0,> 2.5 hours,0.3719262727972502
1755,1756,Title 1756,TV Show,2006,2021-08-01,TV-Y7,0.0,5.0,Crime,Japan,Japanese,8.6,3.7,0,1255490,52.3,1779149,19,2000,1,N/A,0.39752401789104924
1756,1757,Title 1757,Movie,1997,2019-07-05,TV-14,118.0,0.0,Mystery,Germany,Spanish,5.4,3.7,1,335159,46.1,1282485,28,1990,0,1.5-2.5 hours,0.2346739882534677
1757,1758,Title 1758,Movie,2000,2016-01-02,PG,118.0,0.0,Thriller,South Korea,English,4.7,4.0,0,205467,46.4,1175543,25,2000,1,1.5-2.5 hours,0.21642013475537056
1758,1759,Title 1759,Movie,2007,2019-03-05,G,118.0,0.0,Mystery,Japan,Spanish,5.1,5.0,0,1573987,55.1,1752465,18,2000,1,1.5-2.5 hours,0.45649869927142306
1759,1760,Title 1760,Movie,2014,2018-03-12,TV-Y7,95.0,0.0,Romance,Japan,French,9.3,3.8,0,1874957,90.9,707308,11,2010,1,1-1.5 hours,0.6448443234218895
1760,1761,Title 1761,TV Show,2001,2016-09-30,TV-MA,97.0,5.0,Sci-Fi,United Kingdom,Japanese,7.0,3.4,1,2865602,90.2,1841792,24,2000,0,1-1.5 hours,0.7906414820640757
1761,1762,Title 1762,Movie,2019,2021-06-30,TV-MA,97.0,1.0,Crime,India,English,5.0,4.2,1,1781423,60.9,1130859,6,2010,0,1-1.5 hours,0.5108141848390083
1762,1763,Title 1763,Movie,2002,2021-09-17,R,118.0,0.0,Romance,India,Korean,8.6,3.5,1,993410,54.2,1721740,23,2000,0,1.5-2.5 hours,0.3658119097827519
1763,1764,Title 1764,Movie,1982,2017-07-07,PG,135.0,0.0,Comedy,Germany,French,6.2,3.2,1,2263733,80.6,774715,43,1980,1,1.5-2.5 hours,0.6619608837924305
1764,1765,Title 1765,Movie,2019,2016-08-06,TV-Y,89.0,7.0,Sci-Fi,India,Japanese,8.9,3.1,1,453751,71.1,1185758,6,2010,1,1-1.5 hours,0.3524628371728022
1765,1766,Title 1766,TV Show,1989,2023-02-09,TV-PG,84.0,2.0,Horror,Australia,Spanish,5.4,3.0,1,1880121,86.1,1387905,36,1980,1,1-1.5 hours,0.6264189255520454
1766,1767,Title 1767,TV Show,2004,2017-01-06,TV-PG,60.0,5.0,Crime,Spain,Japanese,6.2,3.9,0,142500,74.8,1486968,21,2000,1,1-1.5 hours,0.3205750587814117
1767,1768,Title 1768,Movie,1987,2015-06-29,TV-Y7,140.0,8.0,Thriller,United Kingdom,English,6.8,3.9,1,2246048,91.4,1711214,38,1980,1,1.5-2.5 hours,0.7025081264973478
1768,1769,Title 1769,Movie,1990,2018-08-16,PG,118.0,4.0,Crime,Spain,French,8.9,3.4,1,3932176,86.5,315524,35,1990,1,1.5-2.5 hours,0.9358280220270605
1769,1770,Title 1770,Movie,1984,2018-05-20,PG,88.0,0.0,Sci-Fi,Spain,Korean,8.8,4.6,1,1357506,84.1,772980,41,1980,1,1-1.5 hours,0.540026459972765
1770,1771,Title 1771,Movie,2024,2016-08-20,TV-MA,110.0,6.0,Drama,United Kingdom,German,7.2,3.3,0,624827,49.4,172335,1,2020,0,1.5-2.5 hours,0.29132430774184626
1771,1772,Title 1772,Movie,2016,2023-03-24,TV-Y,118.0,6.0,Romance,Spain,Hindi,5.2,4.8,0,3396331,49.0,1154277,9,2010,1,1.5-2.5 hours,0.7054510509903902
1772,1773,Title 1773,Movie,2024,2021-11-07,G,179.0,8.0,Crime,Spain,English,6.2,4.2,1,1515269,75.6,876434,1,2020,1,> 2.5 hours,0.5296909750501814
1773,1774,Title 1774,TV Show,2017,2018-04-04,TV-Y,137.0,5.0,Mystery,Spain,German,9.4,3.1,0,3619921,26.3,854304,8,2010,1,1.5-2.5 hours,0.6481896432215188
1774,1775,Title 1775,Movie,2008,2016-09-30,PG-13,118.0,5.0,Romance,Germany,Korean,7.3,4.9,1,3036960,44.2,97516,17,2000,0,1.5-2.5 hours,0.6323452527494451
1775,1776,Title 1776,TV Show,1984,2018-08-21,PG,0.0,5.0,Mystery,France,German,8.3,3.6,0,3549518,89.9,1051655,41,1980,1,N/A,0.8920291641802015
1776,1777,Title 1777,TV Show,1988,2018-06-29,TV-14,0.0,5.0,Crime,Germany,Spanish,6.5,3.9,0,1849398,53.8,541830,37,1980,0,N/A,0.49261046287877286
1777,1778,Title 1778,Movie,1981,2023-05-10,PG,157.0,0.0,Drama,United States,Hindi,6.9,3.6,0,127837,40.2,699547,44,1980,1,> 2.5 hours,0.17997560273290755
1778,1779,Title 1779,TV Show,1980,2018-02-16,TV-Y7,0.0,2.0,Romance,Japan,English,6.4,4.5,1,3415419,55.7,1293647,45,1980,1,N/A,0.7351142588642119
1779,1780,Title 1780,TV Show,2019,2019-11-05,TV-14,168.0,2.0,Horror,India,French,7.9,4.0,1,2684735,41.6,689870,6,2010,0,> 2.5 hours,0.5691113574562331
1780,1781,Title 1781,TV Show,2009,2017-08-25,TV-Y7,0.0,5.0,Romance,United Kingdom,Japanese,8.7,3.3,0,769057,77.6,571229,16,2000,1,N/A,0.4257588672368849
1781,1782,Title 1782,TV Show,1990,2018-08-09,R,0.0,1.0,Thriller,Australia,Korean,6.8,3.2,0,3237751,83.8,1650135,35,1990,0,N/A,0.8208639855759603
1782,1783,Title 1783,TV Show,2007,2016-04-07,TV-MA,0.0,5.0,Crime,Spain,Hindi,6.6,4.5,1,3034993,78.7,1169208,18,2000,0,N/A,0.7700502019380553
1783,1784,Title 1784,TV Show,2023,2016-01-07,PG,0.0,5.0,Comedy,Canada,Korean,5.9,3.5,0,1580602,31.2,1253393,2,2020,1,N/A,0.361890952000118
1784,1785,Title 1785,Movie,1991,2018-08-09,TV-MA,145.0,0.0,Sci-Fi,United Kingdom,Japanese,5.0,3.3,1,3961488,45.2,1498052,34,1990,0,> 2.5 hours,0.7750248341182939
1785,1786,Title 1786,TV Show,2018,2019-10-07,TV-PG,128.0,5.0,Action,South Korea,German,9.2,4.0,0,1667129,36.0,1554481,7,2010,1,1.5-2.5 hours,0.3940700376926036
1786,1787,Title 1787,TV Show,2005,2016-09-30,TV-Y7,108.0,3.0,Adventure,United Kingdom,Korean,5.7,4.6,1,481889,23.2,1321868,20,2000,1,1.5-2.5 hours,0.16508354877975914
1787,1788,Title 1788,TV Show,1992,2015-07-14,PG-13,138.0,5.0,Comedy,Japan,Korean,8.4,3.6,1,101055,75.4,1754727,33,1990,0,1.5-2.5 hours,0.3167582916853022
1788,1789,Title 1789,Movie,1987,2019-05-06,PG-13,147.0,3.0,Mystery,Australia,German,7.9,3.6,1,839793,52.1,1089919,38,1980,0,> 2.5 hours,0.3343692964155651
1789,1790,Title 1790,TV Show,2007,2021-09-25,TV-PG,0.0,5.0,Horror,United Kingdom,German,8.4,4.7,1,2109696,40.7,1834211,18,2000,1,N/A,0.4792552702519932
1790,1791,Title 1791,Movie,2009,2017-10-01,R,153.0,2.0,Horror,Australia,Japanese,9.2,3.3,0,2616991,43.1,1661946,16,2000,0,> 2.5 hours,0.564949729511756
1791,1792,Title 1792,TV Show,1988,2017-06-18,PG-13,0.0,1.0,Adventure,United Kingdom,Hindi,7.4,4.2,0,602914,30.1,1625347,37,1980,0,N/A,0.21083734870270893
1792,1793,Title 1793,Movie,2018,2021-09-30,TV-Y7,83.0,0.0,Drama,Germany,English,8.9,4.9,1,2175540,82.0,971225,7,2010,1,1-1.5 hours,0.6543318974127179
1793,1794,Title 1794,Movie,2010,2019-01-26,PG-13,74.0,7.0,Thriller,Germany,German,4.9,4.7,1,781003,30.8,885047,15,2010,0,1-1.5 hours,0.24035077216462344
1794,1795,Title 1795,TV Show,2000,2022-08-29,TV-PG,0.0,4.0,Sci-Fi,France,Hindi,7.4,3.1,0,134918,45.4,477654,25,2000,1,N/A,0.20183775565382803
1795,1796,Title 1796,TV Show,2013,2022-09-19,TV-14,0.0,4.0,Comedy,United States,Japanese,8.2,3.6,1,1902733,20.6,625360,12,2010,0,N/A,0.36781073487952093
1796,1797,Title 1797,Movie,2010,2016-04-17,TV-MA,172.0,8.0,Action,United Kingdom,Korean,5.5,3.3,1,150165,52.7,481862,15,2010,0,> 2.5 hours,0.23332481194323285
1797,1798,Title 1798,TV Show,2004,2015-11-22,G,0.0,6.0,Romance,Spain,Korean,8.1,4.9,1,183527,46.6,611725,21,2000,1,N/A,0.2139291257050957
1798,1799,Title 1799,Movie,1991,2017-05-25,TV-Y7,118.0,0.0,Adventure,United Kingdom,French,8.3,5.0,0,1888800,73.9,663385,34,1990,1,1.5-2.5 hours,0.5789207791321427
1799,1800,Title 1800,Movie,1980,2015-05-07,TV-MA,66.0,7.0,Drama,South Korea,Spanish,8.6,3.5,1,995231,73.6,1508802,45,1980,0,1-1.5 hours,0.44368506053391643
1800,1801,Title 1801,Movie,2001,2022-08-31,TV-Y,148.0,2.0,Horror,Australia,German,5.7,4.3,0,2060918,22.9,1386260,24,2000,1,> 2.5 hours,0.40073855013101284
1801,1802,Title 1802,Movie,2019,2015-12-31,PG-13,79.0,0.0,Action,Spain,Japanese,7.7,4.7,1,3193855,28.7,1653319,6,2010,0,1-1.5 hours,0.5938795674688105
1802,1803,Title 1803,Movie,2016,2021-08-23,PG-13,118.0,1.0,Horror,France,Hindi,5.7,3.5,0,2841144,87.8,1279877,9,2010,0,1.5-2.5 hours,0.7773727719751229
1803,1804,Title 1804,TV Show,1980,2021-05-26,R,0.0,8.0,Crime,Australia,French,8.1,3.4,1,2142022,79.4,618999,45,1980,0,N/A,0.6389041835865049
1804,1805,Title 1805,Movie,1980,2019-07-01,TV-MA,118.0,3.0,Adventure,Germany,Hindi,6.5,3.0,0,3539605,49.2,170404,45,1980,0,1.5-2.5 hours,0.7277422100910778
1805,1806,Title 1806,Movie,2021,2023-06-06,TV-Y,109.0,1.0,Drama,Canada,English,7.3,3.8,0,532127,32.5,433225,4,2020,1,1.5-2.5 hours,0.20981926950299112
1806,1807,Title 1807,TV Show,2021,2021-10-28,PG-13,151.0,3.0,Romance,Spain,French,6.3,4.8,0,1841752,39.6,416728,4,2020,0,> 2.5 hours,0.4346635597247892
1807,1808,Title 1808,Movie,2000,2015-07-01,R,118.0,8.0,Mystery,Germany,Japanese,4.9,4.8,0,3065964,69.4,484972,25,2000,0,1.5-2.5 hours,0.737495864713628
1808,1809,Title 1809,TV Show,1994,2019-04-21,TV-MA,108.0,8.0,Drama,South Korea,Hindi,5.0,3.3,1,2515731,90.9,1527086,31,1990,0,1.5-2.5 hours,0.7409606877418913
1809,1810,Title 1810,TV Show,1996,2017-12-13,R,95.0,2.0,Sci-Fi,Spain,German,4.4,3.4,0,615145,66.2,754172,29,1990,0,1-1.5 hours,0.35707200374801035
1810,1811,Title 1811,TV Show,2001,2016-11-21,TV-MA,163.0,8.0,Romance,Spain,Hindi,7.4,3.8,1,1712581,22.0,868541,24,2000,0,> 2.5 hours,0.3448878564416052
1811,1812,Title 1812,Movie,2017,2016-02-26,PG,60.0,7.0,Comedy,Spain,Spanish,8.7,4.6,1,1239541,68.8,1776042,8,2010,1,1-1.5 hours,0.4611316613120686
1812,1813,Title 1813,Movie,2014,2019-11-07,PG,62.0,0.0,Drama,United States,Korean,4.1,4.2,1,2798733,90.9,736725,11,2010,1,1-1.5 hours,0.7834111044805373
1813,1814,Title 1814,Movie,2024,2019-06-01,TV-PG,156.0,0.0,Romance,Spain,Korean,4.4,4.0,0,511965,46.9,533882,1,2020,1,> 2.5 hours,0.26439496118614325
1814,1815,Title 1815,TV Show,1995,2022-05-11,TV-Y7,118.0,2.0,Comedy,United States,French,6.5,4.2,1,1338162,90.0,581550,30,1990,1,1.5-2.5 hours,0.560724851993343
1815,1816,Title 1816,Movie,1987,2017-03-28,R,118.0,1.0,Drama,Germany,Hindi,8.1,3.2,0,58438,70.3,786872,38,1980,0,1.5-2.5 hours,0.2899657241057413
1816,1817,Title 1817,TV Show,1996,2022-09-04,TV-PG,122.0,1.0,Action,France,Hindi,4.9,4.0,1,2870906,34.2,734268,29,1990,1,1.5-2.5 hours,0.5674370842519817
1817,1818,Title 1818,Movie,1996,2021-06-06,R,74.0,6.0,Mystery,United States,Hindi,5.5,5.0,0,3147943,30.9,687283,29,1990,0,1-1.5 hours,0.5957927485300585
1818,1819,Title 1819,TV Show,2005,2018-06-06,PG-13,173.0,3.0,Action,United States,Hindi,5.3,3.2,1,2307159,33.2,1152017,20,2000,0,> 2.5 hours,0.47887480170570473
1819,1820,Title 1820,Movie,1992,2018-06-13,G,120.0,0.0,Sci-Fi,Spain,Spanish,6.2,4.0,0,521207,72.4,785229,33,1990,1,1.5-2.5 hours,0.36778126499847874
1820,1821,Title 1821,Movie,1996,2016-12-18,R,131.0,0.0,Romance,France,German,5.2,3.6,1,3954536,64.2,1972999,29,1990,0,1.5-2.5 hours,0.8499820312505859
1821,1822,Title 1822,Movie,2017,2023-08-16,PG-13,118.0,4.0,Comedy,Spain,Spanish,5.9,4.1,0,755214,54.2,889252,8,2010,0,1.5-2.5 hours,0.3300824115266317
1822,1823,Title 1823,TV Show,1996,2015-06-15,TV-Y,0.0,5.0,Crime,Germany,Japanese,8.0,4.1,0,493918,39.8,232369,29,1990,1,N/A,0.2332879037417353
1823,1824,Title 1824,TV Show,1993,2021-09-24,PG,0.0,5.0,Drama,Spain,Japanese,7.4,4.2,1,3906911,88.0,705381,32,1990,1,N/A,0.9380382616052194
1824,1825,Title 1825,Movie,2024,2015-03-10,TV-PG,120.0,3.0,Crime,India,Spanish,4.4,4.7,1,919685,36.0,1637148,1,2020,1,1.5-2.5 hours,0.2819531293711057
1825,1826,Title 1826,Movie,1985,2022-03-10,G,85.0,1.0,Drama,Japan,Spanish,7.5,3.8,1,1292750,41.3,955426,40,1980,1,1-1.5 hours,0.35911303326084143
1826,1827,Title 1827,TV Show,2014,2020-11-04,PG,0.0,4.0,Sci-Fi,Germany,Korean,6.6,4.0,0,3424858,24.1,1292464,11,2010,1,N/A,0.61013011275781
1827,1828,Title 1828,TV Show,1993,2015-06-27,TV-PG,129.0,3.0,Crime,United Kingdom,Japanese,9.1,3.0,1,1719147,40.6,1043339,32,1990,1,1.5-2.5 hours,0.42027275915008766
1828,1829,Title 1829,TV Show,1987,2017-04-23,G,68.0,5.0,Comedy,Australia,Spanish,5.6,4.6,1,100950,89.2,1481333,38,1980,1,1-1.5 hours,0.37194254164198953
1829,1830,Title 1830,Movie,1994,2016-08-24,TV-14,102.0,0.0,Thriller,Australia,Hindi,8.0,3.5,0,1620161,34.1,1979146,31,1990,0,1.5-2.5 hours,0.37942481831825037
1830,1831,Title 1831,TV Show,2006,2015-02-22,PG-13,61.0,5.0,Action,France,Spanish,8.0,4.6,0,1282255,35.3,996160,19,2000,0,1-1.5 hours,0.3335387789316421
1831,1832,Title 1832,Movie,1992,2018-01-05,TV-14,125.0,0.0,Comedy,India,Hindi,5.2,3.5,1,3002485,65.0,1927954,33,1990,0,1.5-2.5 hours,0.7103739885284684
1832,1833,Title 1833,TV Show,2010,2017-07-30,PG-13,0.0,8.0,Horror,United States,French,9.0,3.0,1,1861095,62.5,1350325,15,2010,0,N/A,0.5291650177037988
1833,1834,Title 1834,Movie,2014,2023-12-15,TV-MA,118.0,0.0,Adventure,India,Japanese,6.7,3.3,1,704814,33.2,1979150,11,2010,0,1.5-2.5 hours,0.23852239073657452
1834,1835,Title 1835,TV Show,1985,2020-08-15,TV-Y7,141.0,8.0,Sci-Fi,Japan,German,7.7,5.0,1,232851,31.6,204300,40,1980,1,> 2.5 hours,0.16132774605130165
1835,1836,Title 1836,TV Show,1984,2018-03-25,G,175.0,5.0,Mystery,Germany,Korean,4.8,3.6,0,2313076,28.8,1637858,41,1980,1,> 2.5 hours,0.46216235414647394
1836,1837,Title 1837,TV Show,2001,2018-11-26,TV-14,0.0,4.0,Drama,France,German,5.4,3.2,1,175815,84.6,692566,24,2000,0,N/A,0.36477232252388697
1837,1838,Title 1838,TV Show,2002,2016-12-27,TV-Y7,0.0,7.0,Comedy,India,French,7.2,3.2,1,1946994,69.1,55326,23,2000,1,N/A,0.5684499031372336
1838,1839,Title 1839,TV Show,2004,2018-01-09,G,140.0,5.0,Crime,South Korea,German,5.8,3.6,1,3552725,91.5,179509,21,2000,1,1.5-2.5 hours,0.8989102155030926
1839,1840,Title 1840,Movie,2013,2022-05-30,TV-PG,118.0,0.0,Adventure,United States,Korean,6.7,3.1,1,2610877,32.4,525224,12,2010,1,1.5-2.5 hours,0.5212326269897243
1840,1841,Title 1841,TV Show,2005,2019-07-23,TV-MA,0.0,5.0,Thriller,India,Hindi,6.1,4.0,1,701936,54.5,263244,20,2000,0,N/A,0.32329068954939627
1841,1842,Title 1842,TV Show,1984,2019-01-22,TV-PG,79.0,1.0,Horror,France,French,7.5,3.4,0,357571,75.7,1265381,41,1980,1,1-1.5 hours,0.3564357974984431
1842,1843,Title 1843,TV Show,2005,2017-01-08,PG-13,0.0,1.0,Crime,South Korea,French,6.7,4.0,0,2389551,36.0,506342,20,2000,0,N/A,0.5024336356924981
1843,1844,Title 1844,Movie,1999,2018-09-23,TV-Y7,118.0,0.0,Action,United Kingdom,Hindi,4.0,3.3,0,3832253,71.4,1935553,26,1990,1,1.5-2.5 hours,0.8604395308087098
1844,1845,Title 1845,TV Show,1985,2016-02-04,G,0.0,1.0,Thriller,Germany,Hindi,7.6,3.9,1,1739701,55.5,1644825,40,1980,1,N/A,0.482955867628636
1845,1846,Title 1846,Movie,1985,2022-06-13,R,83.0,0.0,Adventure,Germany,Korean,6.3,4.2,0,3756210,52.3,1581427,40,1980,0,1-1.5 hours,0.772633049440886
1846,1847,Title 1847,TV Show,1997,2019-05-01,TV-Y7,150.0,5.0,Romance,United Kingdom,Japanese,5.9,3.1,1,3448096,68.4,873076,28,1990,1,> 2.5 hours,0.7908158223435113
1847,1848,Title 1848,TV Show,1983,2023-08-03,TV-Y,92.0,5.0,Romance,Spain,Spanish,4.5,3.8,0,3382789,55.1,1024705,42,1980,1,1-1.5 hours,0.7278197454043
1848,1849,Title 1849,Movie,1996,2016-09-16,TV-14,158.0,0.0,Adventure,Australia,Japanese,5.2,3.6,0,1901871,81.5,939658,29,1990,0,> 2.5 hours,0.611281434523945
1849,1850,Title 1850,TV Show,1993,2021-05-28,G,0.0,8.0,Romance,South Korea,English,5.2,3.5,1,3543522,89.8,1446137,32,1990,1,N/A,0.8907297617068446
1850,1851,Title 1851,Movie,1993,2017-09-09,PG,118.0,0.0,Sci-Fi,United States,Spanish,9.1,4.2,1,3775527,64.2,1481273,32,1990,1,1.5-2.5 hours,0.8231306074091704
1851,1852,Title 1852,Movie,1992,2017-03-15,PG,118.0,0.0,Comedy,India,Japanese,6.4,4.2,0,2760502,42.5,631289,33,1990,1,1.5-2.5 hours,0.5840764387102064
1852,1853,Title 1853,TV Show,1986,2015-07-19,PG-13,71.0,7.0,Drama,Japan,Spanish,4.2,4.3,1,2884058,78.3,1436630,39,1980,0,1-1.5 hours,0.7458098896771965
1853,1854,Title 1854,Movie,2023,2017-06-16,TV-Y7,118.0,5.0,Comedy,Australia,German,4.8,3.3,1,2525334,32.8,1874115,2,2020,1,1.5-2.5 hours,0.5100011417031396
1854,1855,Title 1855,TV Show,1994,2017-10-08,TV-Y7,170.0,3.0,Horror,France,English,4.4,3.6,0,2618108,27.1,1024445,31,1990,1,> 2.5 hours,0.50111727997252
1855,1856,Title 1856,TV Show,1998,2018-12-29,PG,165.0,5.0,Comedy,Spain,Hindi,7.2,3.4,0,3089931,58.9,1101800,27,1990,1,> 2.5 hours,0.6990909246000426
1856,1857,Title 1857,Movie,2022,2017-11-04,TV-Y7,118.0,0.0,Comedy,United States,Spanish,5.0,4.1,1,1133991,68.5,1854733,3,2020,1,1.5-2.5 hours,0.4440991177725739
1857,1858,Title 1858,Movie,2023,2019-11-01,TV-Y7,68.0,8.0,Action,Japan,Japanese,6.7,3.9,0,2168902,82.6,1933111,2,2020,1,1-1.5 hours,0.6557361946745354
1858,1859,Title 1859,Movie,2014,2019-01-16,PG-13,118.0,0.0,Drama,Japan,Korean,6.0,3.7,1,2709316,91.6,1898953,11,2010,0,1.5-2.5 hours,0.7727985175959233
1859,1860,Title 1860,Movie,1996,2016-08-25,TV-14,78.0,1.0,Comedy,United States,Spanish,8.4,4.6,1,3754505,85.5,1539320,29,1990,0,1-1.5 hours,0.9051772987375715
1860,1861,Title 1861,TV Show,2014,2021-03-15,TV-Y,94.0,5.0,Drama,Spain,Hindi,5.8,3.2,0,3657639,94.2,1362471,11,2010,1,1-1.5 hours,0.9254473587802367
1861,1862,Title 1862,TV Show,1998,2023-12-24,TV-14,0.0,5.0,Mystery,France,Japanese,6.5,4.9,0,1705117,55.7,509268,27,1990,0,N/A,0.4785682533626968
1862,1863,Title 1863,Movie,1999,2023-01-08,TV-Y,180.0,0.0,Romance,United Kingdom,Spanish,8.0,3.2,0,2811367,43.7,1006600,26,1990,1,> 2.5 hours,0.5965062096920767
1863,1864,Title 1864,TV Show,2015,2020-09-28,R,130.0,6.0,Crime,Australia,French,6.4,4.5,1,3024474,54.5,496484,10,2010,0,1.5-2.5 hours,0.6716723475989559
1864,1865,Title 1865,TV Show,2014,2017-01-21,TV-14,151.0,5.0,Action,Canada,German,8.4,3.7,1,3524631,68.3,1663415,11,2010,0,> 2.5 hours,0.8018961039142857
1865,1866,Title 1866,TV Show,2011,2017-11-19,TV-MA,0.0,5.0,Romance,Canada,German,7.6,4.7,1,2871502,58.0,229539,14,2010,0,N/A,0.6627264844978323
1866,1867,Title 1867,TV Show,2023,2023-01-25,R,0.0,5.0,Drama,Spain,Spanish,6.3,3.1,0,94459,67.6,1149740,2,2020,0,N/A,0.2845688889644446
1867,1868,Title 1868,Movie,2019,2019-06-23,TV-Y,118.0,6.0,Romance,Japan,German,6.8,3.7,0,2455710,86.5,1978164,6,2010,1,1.5-2.5 hours,0.7143575129831607
1868,1869,Title 1869,Movie,2003,2018-12-29,TV-Y,171.0,0.0,Comedy,India,Korean,9.3,3.7,0,2899769,32.4,1896714,22,2000,1,> 2.5 hours,0.564566546158002
1869,1870,Title 1870,TV Show,1996,2019-01-16,R,0.0,1.0,Crime,United Kingdom,English,7.6,5.0,0,1481285,29.0,152867,29,1990,0,N/A,0.3381933610317428
1870,1871,Title 1871,Movie,1986,2018-05-13,TV-Y,118.0,6.0,Comedy,United Kingdom,Spanish,9.0,5.0,1,3747089,57.4,994721,39,1980,1,1.5-2.5 hours,0.7916648956784631
1871,1872,Title 1872,Movie,2022,2018-02-08,G,147.0,1.0,Horror,Spain,Korean,5.0,3.4,1,1547303,93.6,626707,3,2020,1,> 2.5 hours,0.6064960882642427
1872,1873,Title 1873,Movie,1980,2020-03-16,TV-MA,69.0,0.0,Comedy,France,French,6.7,4.3,1,1271548,24.4,13722,45,1980,0,1-1.5 hours,0.2883327245149924
1873,1874,Title 1874,TV Show,2014,2015-05-04,G,0.0,1.0,Crime,Spain,Korean,9.0,4.1,1,2510233,94.0,1610766,11,2010,1,N/A,0.75253598547396
1874,1875,Title 1875,TV Show,2011,2018-01-27,TV-Y,151.0,5.0,Thriller,India,Korean,5.8,3.3,0,335343,92.6,929540,14,2010,1,> 2.5 hours,0.4207015883293679
1875,1876,Title 1876,TV Show,2015,2018-09-03,TV-14,0.0,7.0,Mystery,Germany,French,9.3,3.3,0,2441568,41.9,525007,10,2010,0,N/A,0.5338362071495696
1876,1877,Title 1877,Movie,1992,2023-09-05,G,118.0,1.0,Drama,Canada,Hindi,4.5,5.0,0,3688264,86.8,1323877,33,1990,1,1.5-2.5 hours,0.9004411214130839
1877,1878,Title 1878,TV Show,1985,2015-08-19,TV-14,0.0,1.0,Mystery,Spain,Spanish,9.0,3.9,0,1340744,20.6,1484099,40,1980,0,N/A,0.2835121530584209
1878,1879,Title 1879,TV Show,1993,2016-10-14,R,124.0,5.0,Horror,United Kingdom,Spanish,6.4,3.3,1,2053381,54.1,337466,32,1990,0,1.5-2.5 hours,0.5244079970219918
1879,1880,Title 1880,Movie,2016,2022-05-22,TV-Y7,160.0,8.0,Mystery,France,Spanish,4.4,3.4,0,638245,50.2,1070493,9,2010,1,> 2.5 hours,0.2965370132767865
1880,1881,Title 1881,TV Show,1994,2021-09-17,TV-PG,0.0,5.0,Romance,Canada,English,8.8,3.5,1,574293,87.7,1052348,31,1990,1,N/A,0.43694418689651393
1881,1882,Title 1882,TV Show,1983,2019-06-07,TV-Y,138.0,5.0,Adventure,South Korea,Korean,5.4,4.0,1,1403946,55.4,839851,42,1980,1,1.5-2.5 hours,0.4321924791293176
1882,1883,Title 1883,Movie,2019,2022-07-05,TV-PG,118.0,6.0,Action,United States,Spanish,4.1,3.7,0,3298019,51.3,17555,6,2010,1,1.5-2.5 hours,0.6999042104365787
1883,1884,Title 1884,Movie,1995,2019-06-08,TV-MA,118.0,0.0,Crime,United Kingdom,German,4.7,3.9,1,2439504,68.0,951455,30,1990,0,1.5-2.5 hours,0.6379266062981673
1884,1885,Title 1885,Movie,2007,2020-12-16,TV-14,139.0,5.0,Action,South Korea,Hindi,7.6,3.3,1,1777039,48.2,1034421,18,2000,0,1.5-2.5 hours,0.45935658303060334
1885,1886,Title 1886,TV Show,1995,2021-06-24,G,0.0,5.0,Crime,France,French,9.4,3.7,0,2265632,60.2,1501902,30,1990,1,N/A,0.5806457345757701
1886,1887,Title 1887,TV Show,1983,2019-03-20,TV-PG,0.0,5.0,Drama,United Kingdom,French,4.6,3.1,1,1697104,91.7,1876390,42,1980,1,N/A,0.6213663000573252
1887,1888,Title 1888,TV Show,2024,2018-02-01,PG-13,0.0,5.0,Mystery,Spain,English,6.5,4.8,0,3053236,35.2,1948764,1,2020,0,N/A,0.5987866594633136
1888,1889,Title 1889,Movie,2005,2023-11-08,TV-Y,118.0,0.0,Drama,United Kingdom,Japanese,5.0,3.4,1,61452,54.4,1598214,20,2000,1,1.5-2.5 hours,0.22681782534901973
1889,1890,Title 1890,Movie,2007,2017-12-20,TV-PG,118.0,4.0,Comedy,France,French,8.1,4.5,0,935710,21.2,1531299,18,2000,1,1.5-2.5 hours,0.22515688598143646
1890,1891,Title 1891,TV Show,2011,2017-02-02,G,0.0,5.0,Comedy,United Kingdom,Hindi,4.6,3.7,0,587846,83.2,138452,14,2010,1,N/A,0.4209771424871419
1891,1892,Title 1892,TV Show,2024,2017-05-24,G,0.0,2.0,Action,India,Japanese,5.3,3.9,1,3075664,26.9,1281806,1,2020,1,N/A,0.568950868714889
1892,1893,Title 1893,Movie,1981,2015-12-31,TV-MA,64.0,0.0,Sci-Fi,Japan,Korean,5.1,3.6,1,3499808,27.1,657762,44,1980,0,1-1.5 hours,0.6333726436747701
1893,1894,Title 1894,Movie,2010,2018-10-03,PG,155.0,1.0,Sci-Fi,South Korea,French,7.0,4.4,0,3786172,86.2,498596,15,2010,1,> 2.5 hours,0.9127273618002449
1894,1895,Title 1895,Movie,1982,2017-11-13,PG-13,163.0,0.0,Adventure,Germany,Japanese,8.8,4.7,0,1786251,50.7,61369,43,1980,0,> 2.5 hours,0.4707383868305638
1895,1896,Title 1896,Movie,1987,2015-11-17,TV-PG,93.0,3.0,Sci-Fi,Japan,Japanese,6.8,3.6,1,2192762,71.5,1838164,38,1980,1,1-1.5 hours,0.6149152045168124
1896,1897,Title 1897,TV Show,2003,2019-11-22,PG-13,72.0,5.0,Horror,France,French,4.3,3.5,0,2810107,84.3,1798685,22,2000,0,1-1.5 hours,0.7587172091723252
1897,1898,Title 1898,Movie,1994,2022-01-12,PG,138.0,0.0,Romance,Canada,German,7.1,4.4,1,2880885,48.1,862195,31,1990,1,1.5-2.5 hours,0.6245339383683305
1898,1899,Title 1899,TV Show,2022,2015-04-05,TV-PG,0.0,5.0,Romance,India,Korean,8.4,3.4,1,3390650,39.6,1115221,3,2020,1,N/A,0.6669988986469713
1899,1900,Title 1900,TV Show,2010,2020-10-05,PG-13,0.0,4.0,Comedy,South Korea,Spanish,4.7,4.3,1,2519633,32.7,681748,15,2010,0,N/A,0.5087459893514708
1900,1901,Title 1901,TV Show,1988,2023-03-08,TV-14,141.0,5.0,Sci-Fi,France,Hindi,4.4,3.2,1,320929,65.5,845735,37,1980,0,> 2.5 hours,0.3101394823835766
1901,1902,Title 1902,Movie,2018,2018-01-18,G,132.0,1.0,Adventure,South Korea,French,5.0,4.2,1,682203,38.9,724972,7,2010,1,1.5-2.5 hours,0.2579307314095114
1902,1903,Title 1903,Movie,2024,2021-11-25,TV-Y7,82.0,0.0,Crime,United Kingdom,German,8.1,4.0,1,645676,67.6,414737,1,2020,1,1-1.5 hours,0.3672516663420824
1903,1904,Title 1904,Movie,1981,2021-03-04,R,74.0,3.0,Comedy,Australia,Hindi,7.3,3.2,1,322278,43.8,1159957,44,1980,0,1-1.5 hours,0.22354183294004057
1904,1905,Title 1905,Movie,1987,2017-05-18,TV-Y,118.0,0.0,Drama,Spain,Japanese,7.0,4.3,0,1631678,46.1,1769521,38,1980,1,1.5-2.5 hours,0.4291523730690259
1905,1906,Title 1906,TV Show,1986,2016-11-23,TV-Y7,154.0,4.0,Sci-Fi,Japan,English,5.4,3.9,1,2486872,38.7,304091,39,1980,1,> 2.5 hours,0.5278318258375211
1906,1907,Title 1907,Movie,2023,2021-08-08,TV-PG,118.0,6.0,Comedy,United Kingdom,German,5.8,3.4,1,466903,51.4,1151013,2,2020,1,1.5-2.5 hours,0.27563564259801715
1907,1908,Title 1908,Movie,2018,2021-05-05,TV-PG,118.0,0.0,Sci-Fi,United States,Japanese,9.3,3.7,1,1365249,32.2,1652371,7,2010,1,1.5-2.5 hours,0.3335879131667612
1908,1909,Title 1909,TV Show,2021,2017-09-30,PG-13,111.0,4.0,Horror,Canada,English,5.3,4.0,1,3494559,44.0,1452796,4,2020,0,1.5-2.5 hours,0.7001852915095517
1909,1910,Title 1910,Movie,1995,2023-07-09,G,172.0,7.0,Adventure,United States,French,9.0,3.2,0,2778253,78.3,858752,30,1990,1,> 2.5 hours,0.7299390960325141
1910,1911,Title 1911,TV Show,2014,2021-03-14,PG,0.0,5.0,Action,United States,German,7.2,4.9,1,3837286,36.2,1573781,11,2010,1,N/A,0.7203944828848279
1911,1912,Title 1912,TV Show,2009,2016-10-11,TV-MA,123.0,5.0,Thriller,India,Spanish,4.7,4.3,1,2607428,91.0,280146,16,2000,0,1.5-2.5 hours,0.7551152755670079
1912,1913,Title 1913,TV Show,1989,2022-05-30,PG-13,176.0,5.0,Adventure,Germany,Japanese,6.6,3.2,0,2261164,57.0,898396,36,1980,0,> 2.5 hours,0.567175532732715
1913,1914,Title 1914,TV Show,2017,2020-10-15,TV-MA,0.0,2.0,Sci-Fi,Japan,Hindi,9.2,4.6,0,3891082,28.0,1055462,8,2010,0,N/A,0.6956639050757389
1914,1915,Title 1915,TV Show,1997,2021-06-03,R,113.0,5.0,Drama,Australia,Hindi,6.3,3.6,0,2997211,90.7,1018610,28,1990,0,1.5-2.5 hours,0.8123828863529374
1915,1916,Title 1916,TV Show,1984,2023-01-27,PG-13,88.0,5.0,Drama,United Kingdom,Japanese,8.7,4.2,1,3310349,54.3,901225,41,1980,0,1-1.5 hours,0.7137537155227176
1916,1917,Title 1917,TV Show,2008,2019-06-25,R,66.0,4.0,Action,United States,Japanese,5.4,3.6,1,3933900,61.8,418691,17,2000,0,1-1.5 hours,0.8372866227382125
1917,1918,Title 1918,TV Show,2018,2022-01-26,TV-Y,0.0,5.0,Mystery,United States,Korean,7.1,4.5,1,845251,33.9,1117656,7,2010,1,N/A,0.26238799866699636
1918,1919,Title 1919,Movie,2013,2022-03-24,PG-13,162.0,4.0,Drama,Canada,German,8.6,4.4,1,661531,45.0,1035622,12,2010,0,> 2.5 hours,0.27922992288228793
1919,1920,Title 1920,Movie,2022,2017-07-13,G,75.0,8.0,Comedy,Australia,German,9.1,4.1,1,1274861,72.8,1372499,3,2020,1,1-1.5 hours,0.4824296758816087
1920,1921,Title 1921,Movie,2024,2021-07-29,G,65.0,0.0,Drama,Australia,Japanese,6.7,3.5,1,112793,29.3,1052337,1,2020,1,1-1.5 hours,0.13411899652724046
1921,1922,Title 1922,Movie,2002,2016-12-31,TV-PG,114.0,2.0,Thriller,Australia,English,7.5,3.5,0,1068829,62.8,538996,23,2000,1,1.5-2.5 hours,0.41152479089317495
1922,1923,Title 1923,TV Show,1984,2022-10-01,TV-Y,149.0,5.0,Action,United Kingdom,German,4.0,3.8,0,2309139,72.0,1392343,41,1980,1,> 2.5 hours,0.634371802522457
1923,1924,Title 1924,Movie,2009,2018-11-04,TV-PG,118.0,0.0,Comedy,Japan,Hindi,5.4,3.3,1,2918654,20.1,1933745,16,2000,1,1.5-2.5 hours,0.5181993039480858
1924,1925,Title 1925,TV Show,1985,2015-01-01,TV-MA,158.0,6.0,Sci-Fi,Japan,German,5.5,3.7,0,2469411,82.8,163912,40,1980,0,> 2.5 hours,0.7016126686348387
1925,1926,Title 1926,Movie,2023,2016-07-23,TV-Y7,118.0,6.0,Adventure,United Kingdom,Korean,4.5,4.4,0,1492344,24.2,1365172,2,2020,1,1.5-2.5 hours,0.3206522155935929
1926,1927,Title 1927,Movie,1983,2021-07-05,PG,118.0,0.0,Action,India,Korean,5.5,4.7,0,1964726,38.5,552597,42,1980,1,1.5-2.5 hours,0.44870971045170377
1927,1928,Title 1928,Movie,2008,2015-05-03,TV-Y,166.0,0.0,Thriller,United Kingdom,Japanese,5.8,3.7,0,1732950,92.3,146774,17,2000,1,> 2.5 hours,0.6291432148438407
1928,1929,Title 1929,TV Show,2002,2017-10-26,PG,0.0,5.0,Romance,Spain,Hindi,9.3,3.5,1,2029229,26.1,1804220,23,2000,1,N/A,0.4087851870592644
1929,1930,Title 1930,Movie,1985,2021-04-30,PG,109.0,7.0,Thriller,France,Hindi,7.7,4.7,1,2244291,81.9,1182648,40,1980,1,1.5-2.5 hours,0.6642445757725834
1930,1931,Title 1931,TV Show,2011,2017-11-10,TV-14,104.0,7.0,Crime,Spain,Hindi,6.3,4.8,1,3029432,68.9,936822,14,2010,0,1.5-2.5 hours,0.7300160496441365
1931,1932,Title 1932,TV Show,2021,2020-06-18,PG-13,153.0,5.0,Crime,India,German,9.4,3.8,1,3717415,64.9,1386483,4,2020,0,> 2.5 hours,0.8172137834379045
1932,1933,Title 1933,Movie,1997,2020-02-25,TV-Y,118.0,8.0,Romance,India,German,4.8,3.1,1,3648793,63.6,885652,28,1990,1,1.5-2.5 hours,0.8017204551312516
1933,1934,Title 1934,Movie,1994,2018-05-29,TV-PG,163.0,4.0,Horror,United Kingdom,Spanish,6.6,4.4,1,65155,32.5,439627,31,1990,1,> 2.5 hours,0.13977327687651142
1934,1935,Title 1935,Movie,2019,2023-02-19,TV-MA,144.0,5.0,Drama,United Kingdom,French,7.6,4.6,0,1752956,70.2,102098,6,2010,0,> 2.5 hours,0.5437441230963385
1935,1936,Title 1936,TV Show,2011,2020-12-22,PG-13,161.0,7.0,Adventure,Germany,Japanese,4.3,3.0,1,1590771,91.4,144800,14,2010,0,> 2.5 hours,0.604216306194842
1936,1937,Title 1937,Movie,1988,2015-11-03,TV-14,118.0,4.0,Mystery,Canada,French,7.9,4.2,0,1991072,25.8,1788898,37,1980,0,1.5-2.5 hours,0.40186162131945863
1937,1938,Title 1938,TV Show,2016,2015-06-18,TV-MA,0.0,5.0,Mystery,Spain,English,4.5,4.2,1,654500,44.9,375676,9,2010,0,N/A,0.2777752699819925
1938,1939,Title 1939,TV Show,1989,2021-06-24,TV-Y,162.0,6.0,Adventure,Japan,German,4.8,3.8,1,3467657,55.4,1777616,36,1980,1,> 2.5 hours,0.7417499804124461
1939,1940,Title 1940,Movie,1999,2018-11-11,TV-Y7,118.0,3.0,Thriller,Germany,Spanish,4.9,4.5,0,1512573,37.4,975988,26,1990,1,1.5-2.5 hours,0.37648657393807833
1940,1941,Title 1941,Movie,1985,2016-03-15,PG,158.0,3.0,Romance,Australia,Spanish,9.1,3.9,0,798154,75.6,415174,40,1980,1,> 2.5 hours,0.4221234292394304
1941,1942,Title 1942,TV Show,1982,2019-10-15,TV-14,0.0,4.0,Romance,South Korea,Korean,7.8,4.4,0,3731986,71.6,784664,43,1980,0,N/A,0.8461994394484584
1942,1943,Title 1943,TV Show,2021,2023-04-06,TV-MA,0.0,5.0,Sci-Fi,Japan,German,7.6,4.0,0,3788816,28.8,292243,4,2020,0,N/A,0.683523962890898
1943,1944,Title 1944,TV Show,1990,2018-06-27,TV-PG,0.0,6.0,Action,Australia,Spanish,7.1,3.5,1,2665185,62.7,604345,35,1990,1,N/A,0.6505788493918359
1944,1945,Title 1945,Movie,2022,2023-06-13,TV-14,118.0,6.0,Comedy,Germany,Korean,5.6,4.2,1,2250449,47.7,1142617,3,2020,0,1.5-2.5 hours,0.5283682783127653
1945,1946,Title 1946,TV Show,1996,2023-06-06,TV-MA,127.0,5.0,Crime,United States,English,7.4,4.5,1,3270071,37.1,426863,29,1990,0,1.5-2.5 hours,0.638911998907997
1946,1947,Title 1947,Movie,2011,2017-07-23,TV-14,67.0,6.0,Mystery,Germany,Korean,6.3,4.9,1,997823,83.6,1632358,14,2010,0,1-1.5 hours,0.48407386160311944
1947,1948,Title 1948,TV Show,1983,2020-10-28,TV-PG,0.0,5.0,Drama,Germany,English,4.8,3.8,0,250835,24.1,1808514,42,1980,1,N/A,0.13402535346972205
1948,1949,Title 1949,TV Show,1983,2017-03-11,TV-PG,74.0,1.0,Comedy,Germany,French,7.8,3.1,0,1649071,55.1,1605792,42,1980,1,1-1.5 hours,0.4677613302436582
1949,1950,Title 1950,Movie,1996,2020-03-02,G,118.0,0.0,Thriller,United Kingdom,French,4.7,5.0,1,3094946,55.6,53891,29,1990,1,1.5-2.5 hours,0.6866431766687359
1950,1951,Title 1951,TV Show,2020,2015-03-26,PG,0.0,5.0,Sci-Fi,Spain,Hindi,5.0,4.2,1,278819,62.8,1374189,5,2020,1,N/A,0.29302296501315384
1951,1952,Title 1952,Movie,1998,2015-08-14,PG-13,118.0,6.0,Comedy,Germany,Hindi,8.5,4.9,1,3938297,34.8,874895,27,1990,0,1.5-2.5 hours,0.72994617455198
1952,1953,Title 1953,Movie,1984,2022-02-28,PG-13,118.0,0.0,Sci-Fi,United Kingdom,Japanese,7.6,3.2,0,2670976,85.3,40207,41,1980,0,1.5-2.5 hours,0.7418475017806299
1953,1954,Title 1954,TV Show,2011,2017-01-23,TV-Y,128.0,6.0,Mystery,Australia,Korean,7.5,3.7,1,59136,92.4,713322,14,2010,1,1.5-2.5 hours,0.3784704243936671
1954,1955,Title 1955,Movie,2001,2016-07-11,R,118.0,6.0,Mystery,Canada,Japanese,6.3,3.3,1,1889988,61.2,222472,24,2000,0,1.5-2.5 hours,0.528298979622194
1955,1956,Title 1956,Movie,1985,2022-09-17,TV-Y,130.0,0.0,Drama,Spain,Hindi,6.2,4.7,1,3416534,39.2,1559646,40,1980,1,1.5-2.5 hours,0.6692815093241506
1956,1957,Title 1957,TV Show,2014,2015-04-10,R,0.0,5.0,Romance,Australia,German,7.8,4.8,1,1538136,85.8,1757317,11,2010,0,N/A,0.5739210344828448
1957,1958,Title 1958,Movie,2001,2020-08-04,TV-14,165.0,0.0,Thriller,India,Korean,8.1,4.0,1,3194902,94.1,1516789,24,2000,0,> 2.5 hours,0.8556366179006992
1958,1959,Title 1959,Movie,1980,2018-09-16,R,95.0,0.0,Horror,Japan,Spanish,6.8,3.4,0,1996906,75.6,1284886,45,1980,0,1-1.5 hours,0.6019367237259903
1959,1960,Title 1960,Movie,1999,2016-09-17,G,118.0,8.0,Adventure,South Korea,German,9.3,3.3,1,2273508,45.0,899568,26,1990,1,1.5-2.5 hours,0.5210271378246291
1960,1961,Title 1961,TV Show,2001,2023-02-05,G,71.0,5.0,Drama,India,Japanese,9.3,4.2,0,2513266,37.7,859284,24,2000,1,1-1.5 hours,0.527790936725076
1961,1962,Title 1962,Movie,1990,2021-07-17,PG,118.0,0.0,Mystery,France,Korean,6.3,4.0,1,1983143,31.7,1417411,35,1990,1,1.5-2.5 hours,0.4242722680487371
1962,1963,Title 1963,TV Show,1992,2017-10-20,TV-MA,0.0,3.0,Action,Canada,Japanese,8.5,4.4,1,2335023,37.6,1399683,33,1990,0,N/A,0.5006544131996363
1963,1964,Title 1964,TV Show,2021,2019-09-14,PG-13,113.0,3.0,Romance,France,French,7.0,3.6,1,566566,37.1,1127286,4,2020,0,1.5-2.5 hours,0.23338513370911768
1964,1965,Title 1965,Movie,1982,2017-02-22,PG,118.0,0.0,Adventure,United States,English,6.8,3.8,0,625395,92.6,1346033,43,1980,1,1.5-2.5 hours,0.4642095079761469
1965,1966,Title 1966,Movie,1988,2022-12-02,G,118.0,0.0,Action,United States,Japanese,4.3,3.0,0,3916352,68.2,1988932,37,1980,1,1.5-2.5 hours,0.8602544154996427
1966,1967,Title 1967,Movie,1991,2020-01-10,TV-MA,128.0,5.0,Drama,Germany,Hindi,7.2,4.2,1,969900,32.5,640646,34,1990,0,1.5-2.5 hours,0.27548540008485023
1967,1968,Title 1968,TV Show,2002,2018-04-25,TV-Y,0.0,4.0,Comedy,Canada,Hindi,9.0,3.8,0,2257554,56.6,289554,23,2000,1,N/A,0.565034031243586
1968,1969,Title 1969,Movie,1993,2017-06-21,PG-13,134.0,0.0,Horror,Australia,Hindi,8.3,4.8,1,183162,33.8,1637965,32,1990,0,1.5-2.5 hours,0.16267437555453276
1969,1970,Title 1970,Movie,2012,2018-01-06,PG-13,118.0,0.0,Sci-Fi,India,Korean,8.3,4.3,0,364119,65.5,1866031,13,2010,0,1.5-2.5 hours,0.31661800019950054
1970,1971,Title 1971,Movie,1997,2022-05-06,TV-14,139.0,3.0,Adventure,Canada,German,4.9,3.8,1,396593,45.6,386577,28,1990,0,1.5-2.5 hours,0.24188911359506238
1971,1972,Title 1972,Movie,2020,2022-02-18,TV-Y7,91.0,7.0,Adventure,India,English,6.0,3.5,0,663752,34.7,1682271,5,2020,1,1-1.5 hours,0.23836307379845295
1972,1973,Title 1973,Movie,1988,2015-12-20,PG-13,60.0,0.0,Drama,South Korea,Hindi,5.3,4.8,1,2839453,38.2,749963,37,1980,0,1-1.5 hours,0.5787191212775835
1973,1974,Title 1974,TV Show,2002,2022-11-12,G,162.0,5.0,Adventure,Australia,German,5.7,3.0,1,2680691,70.6,1194592,23,2000,1,> 2.5 hours,0.6845047557880783
1974,1975,Title 1975,TV Show,1989,2019-02-13,TV-14,135.0,5.0,Sci-Fi,France,Japanese,7.2,3.7,1,3227854,50.6,672324,36,1980,0,1.5-2.5 hours,0.6865794314934366
1975,1976,Title 1976,Movie,1998,2015-08-28,TV-PG,110.0,0.0,Sci-Fi,India,Spanish,6.0,4.9,0,2842239,58.5,1067163,27,1990,1,1.5-2.5 hours,0.6603370224268117
1976,1977,Title 1977,Movie,1984,2022-10-11,R,118.0,5.0,Action,South Korea,French,7.1,4.3,1,391165,81.6,1004171,41,1980,0,1.5-2.5 hours,0.38507491135600624
1977,1978,Title 1978,Movie,2002,2020-08-12,TV-Y,155.0,6.0,Comedy,Canada,Spanish,6.4,4.1,1,1326831,69.2,448660,23,2000,1,> 2.5 hours,0.4758251973192927
1978,1979,Title 1979,Movie,2009,2023-08-16,TV-Y,84.0,0.0,Sci-Fi,South Korea,English,5.6,3.4,0,1992150,54.7,218131,16,2000,1,1-1.5 hours,0.5176233217641348
1979,1980,Title 1980,TV Show,2004,2019-12-09,TV-PG,106.0,7.0,Horror,Japan,Hindi,4.5,4.7,1,845977,91.6,957511,21,2000,1,1.5-2.5 hours,0.49329689896647216
1980,1981,Title 1981,Movie,2007,2015-06-13,TV-Y7,136.0,0.0,Adventure,South Korea,Spanish,8.9,3.4,1,1650139,36.1,590943,18,2000,1,1.5-2.5 hours,0.3919215306842093
1981,1982,Title 1982,TV Show,2013,2016-02-05,PG-13,81.0,5.0,Action,South Korea,French,4.1,3.5,0,3929990,41.7,1803233,12,2010,0,1-1.5 hours,0.7563001211253332
1982,1983,Title 1983,TV Show,2024,2018-07-15,PG,0.0,5.0,Mystery,Germany,German,4.0,3.4,1,3335755,88.4,969998,1,2020,1,N/A,0.8539646260027215
1983,1984,Title 1984,Movie,2004,2023-01-23,TV-14,77.0,0.0,Action,United States,German,8.5,3.3,1,1035366,84.0,182076,21,2000,0,1-1.5 hours,0.49130532708964947
1984,1985,Title 1985,TV Show,1989,2015-01-05,TV-PG,177.0,1.0,Horror,France,Spanish,9.5,4.9,0,1541402,29.8,585419,36,1980,1,> 2.5 hours,0.35041093583007354
1985,1986,Title 1986,TV Show,1993,2020-05-12,TV-Y7,0.0,5.0,Romance,Japan,Japanese,8.0,4.2,0,1484291,89.7,1695907,32,1990,1,N/A,0.5814442622717213
1986,1987,Title 1987,TV Show,2021,2019-06-30,TV-Y,0.0,5.0,Action,Japan,Japanese,4.1,4.3,1,1789276,20.8,303172,4,2020,1,N/A,0.3515921380783797
1987,1988,Title 1988,TV Show,2009,2018-01-15,TV-PG,113.0,5.0,Mystery,United States,Hindi,5.2,4.9,1,2261531,81.7,896600,16,2000,1,1.5-2.5 hours,0.6660305828841029
1988,1989,Title 1989,Movie,2020,2016-08-15,TV-Y7,118.0,6.0,Sci-Fi,Spain,French,9.3,3.5,1,3897622,40.9,921119,5,2020,1,1.5-2.5 hours,0.7482449077734963
1989,1990,Title 1990,Movie,2004,2022-02-05,TV-Y,118.0,0.0,Crime,India,English,8.4,3.0,1,1071748,34.1,1462258,21,2000,1,1.5-2.5 hours,0.29716264209726573
1990,1991,Title 1991,TV Show,1993,2020-07-08,G,0.0,5.0,Crime,South Korea,Hindi,7.1,4.2,0,622990,53.7,686188,32,1990,1,N/A,0.3082487569840817
1991,1992,Title 1992,Movie,2014,2020-01-27,TV-14,118.0,5.0,Crime,Canada,Korean,5.3,4.0,0,1281339,87.3,1019776,11,2010,0,1.5-2.5 hours,0.541401378553791
1992,1993,Title 1993,Movie,2013,2019-04-03,TV-14,118.0,3.0,Romance,South Korea,Spanish,4.1,4.0,1,775065,78.9,979757,12,2010,0,1.5-2.5 hours,0.43186006971519175
1993,1994,Title 1994,Movie,1989,2023-09-05,R,118.0,2.0,Mystery,Canada,Korean,4.1,3.1,1,162070,92.5,495651,36,1980,0,1.5-2.5 hours,0.3943105668540589
1994,1995,Title 1995,Movie,2014,2021-11-14,TV-Y,94.0,1.0,Horror,South Korea,Spanish,7.4,3.9,0,190082,60.6,1258617,11,2010,1,1-1.5 hours,0.27091237840904064
1995,1996,Title 1996,Movie,1990,2015-09-22,TV-PG,118.0,5.0,Drama,Japan,English,4.1,3.6,1,1366793,58.3,1219045,35,1990,1,1.5-2.5 hours,0.4382195138036629
1996,1997,Title 1997,TV Show,1990,2022-09-23,TV-14,0.0,5.0,Crime,Spain,Hindi,9.5,3.5,1,1946602,21.0,1971395,35,1990,0,N/A,0.3759911029755332
1997,1998,Title 1998,Movie,2000,2018-10-21,TV-Y7,118.0,6.0,Drama,United States,French,5.0,3.4,1,140630,33.5,1296947,25,2000,1,1.5-2.5 hours,0.15509455801003452
1998,1999,Title 1999,Movie,2000,2015-01-25,TV-PG,118.0,5.0,Romance,Australia,Japanese,7.9,3.7,0,169158,57.3,1273637,25,2000,1,1.5-2.5 hours,0.2545737697778669
1999,2000,Title 2000,Movie,2001,2019-05-07,TV-Y,120.0,0.0,Drama,United Kingdom,Japanese,4.9,3.7,0,270465,76.4,1988752,24,2000,1,1.5-2.5 hours,0.3461698615671194
2000,2001,Title 2001,Movie,2024,2015-02-02,TV-Y7,113.0,0.0,Adventure,France,Hindi,7.0,3.6,1,3412711,81.7,604964,1,2020,1,1.5-2.5 hours,0.8387080577471588
2001,2002,Title 2002,TV Show,1986,2021-02-20,PG-13,137.0,5.0,Romance,Australia,Spanish,4.4,5.0,1,926886,41.2,810431,39,1980,0,1.5-2.5 hours,0.30383328234152646
2002,2003,Title 2003,TV Show,1996,2023-12-21,TV-MA,0.0,5.0,Drama,France,Japanese,8.2,4.9,0,2759547,73.4,1706234,29,1990,0,N/A,0.7075331883162679
2003,2004,Title 2004,TV Show,1981,2017-09-26,TV-14,0.0,5.0,Action,India,German,7.2,4.1,1,3192179,82.1,1137890,44,1980,0,N/A,0.8072281667774587
2004,2005,Title 2005,TV Show,1991,2017-07-27,TV-14,161.0,5.0,Crime,United States,Korean,4.5,5.0,0,2744584,48.1,158935,34,1990,0,> 2.5 hours,0.6040887321440134
2005,2006,Title 2006,Movie,2021,2018-11-23,R,164.0,0.0,Comedy,Canada,French,8.7,5.0,0,3471280,72.2,25108,4,2020,0,> 2.5 hours,0.8094934319069378
2006,2007,Title 2007,TV Show,1997,2017-03-11,G,61.0,5.0,Thriller,Australia,French,7.0,3.7,0,1121268,52.8,1204998,28,1990,1,1-1.5 hours,0.37939066252432196
2007,2008,Title 2008,Movie,1990,2022-02-08,R,71.0,0.0,Romance,Australia,Japanese,9.1,3.9,0,863801,93.9,1479303,35,1990,0,1-1.5 hours,0.5051705063188925
2008,2009,Title 2009,Movie,1995,2017-09-01,TV-Y,118.0,5.0,Sci-Fi,France,Hindi,9.0,4.9,1,3043254,20.5,1292268,30,1990,1,1.5-2.5 hours,0.5384893553457272
2009,2010,Title 2010,Movie,1997,2016-05-05,R,118.0,2.0,Thriller,Australia,Hindi,9.1,4.2,1,3970307,51.1,267617,28,1990,0,1.5-2.5 hours,0.7999476877561413
2010,2011,Title 2011,Movie,2014,2015-06-11,G,87.0,0.0,Horror,Canada,Spanish,4.4,3.4,0,229580,39.8,1101548,11,2010,1,1-1.5 hours,0.19363709470201043
2011,2012,Title 2012,Movie,2005,2020-10-11,G,118.0,3.0,Romance,United States,German,4.7,4.4,1,1244430,83.7,1620318,20,2000,1,1.5-2.5 hours,0.5214650133287867
2012,2013,Title 2013,TV Show,1995,2023-10-18,TV-MA,0.0,6.0,Romance,India,Korean,9.4,3.4,1,841558,41.5,523521,30,1990,0,N/A,0.29223404714362966
2013,2014,Title 2014,TV Show,1985,2023-05-08,TV-Y7,0.0,5.0,Drama,United Kingdom,German,6.7,3.7,0,769965,60.8,768572,40,1980,1,N/A,0.35869506761143594
2014,2015,Title 2015,TV Show,2023,2016-08-29,PG-13,177.0,5.0,Romance,United States,French,5.3,3.5,1,2852107,75.5,340910,2,2020,0,> 2.5 hours,0.7298172264973729
2015,2016,Title 2016,TV Show,2022,2020-01-02,G,130.0,5.0,Crime,Germany,German,8.2,3.5,1,2143534,57.3,952222,3,2020,1,1.5-2.5 hours,0.5507309842102065
2016,2017,Title 2017,Movie,2021,2018-06-01,PG-13,68.0,0.0,Mystery,India,Japanese,5.5,3.0,1,840136,50.8,1980100,4,2020,0,1-1.5 hours,0.329220746557053
2017,2018,Title 2018,TV Show,1991,2021-02-09,TV-14,0.0,8.0,Mystery,Australia,Spanish,8.0,4.8,1,2624188,23.2,1623868,34,1990,0,N/A,0.4864292824805268
2018,2019,Title 2019,Movie,1992,2016-04-28,PG,118.0,0.0,Horror,Canada,German,8.6,3.6,0,1272125,21.7,26834,33,1990,1,1.5-2.5 hours,0.2776192747530056
2019,2020,Title 2020,TV Show,1983,2021-11-15,TV-MA,0.0,5.0,Adventure,Spain,Korean,8.3,3.2,0,3158900,91.8,928763,42,1980,0,N/A,0.8410363030498333
2020,2021,Title 2021,Movie,2018,2019-11-23,TV-Y,118.0,4.0,Comedy,Australia,French,5.5,3.2,1,2951524,68.2,1264379,7,2010,1,1.5-2.5 hours,0.7155298175069982
2021,2022,Title 2022,Movie,1981,2021-02-16,TV-PG,118.0,0.0,Adventure,Japan,English,6.2,4.1,1,861105,81.9,1194425,44,1980,1,1.5-2.5 hours,0.4567661052067894
2022,2023,Title 2023,TV Show,2005,2020-09-19,PG-13,0.0,5.0,Crime,Japan,French,6.3,5.0,0,781949,56.0,1442800,20,2000,0,N/A,0.3412926725548496
2023,2024,Title 2024,Movie,2006,2015-12-12,R,118.0,4.0,Crime,Spain,English,6.7,3.3,0,1181540,39.6,1361063,19,2000,0,1.5-2.5 hours,0.3356314873865903
2024,2025,Title 2025,Movie,2006,2019-07-30,G,175.0,0.0,Action,United Kingdom,Korean,4.9,3.2,1,915511,42.1,105525,19,2000,1,> 2.5 hours,0.305727027649326
2025,2026,Title 2026,TV Show,1994,2023-03-05,PG-13,0.0,4.0,Mystery,Japan,French,6.5,3.9,0,3728675,23.3,1574466,31,1990,0,N/A,0.6525027880826673
2026,2027,Title 2027,Movie,1987,2016-06-17,TV-PG,118.0,3.0,Thriller,United Kingdom,French,6.8,4.1,0,451761,79.3,1872935,38,1980,1,1.5-2.5 hours,0.38496433635192495
2027,2028,Title 2028,TV Show,1986,2016-07-18,G,174.0,5.0,Sci-Fi,India,French,6.9,3.6,0,2720663,63.6,1732316,39,1980,1,> 2.5 hours,0.6625005722765738
2028,2029,Title 2029,TV Show,2019,2015-01-27,TV-Y,63.0,5.0,Romance,Spain,French,8.5,3.6,1,3467439,56.1,300394,6,2010,1,1-1.5 hours,0.744517280322521
2029,2030,Title 2030,TV Show,1991,2018-06-27,PG,0.0,2.0,Comedy,United Kingdom,Spanish,6.8,3.8,0,3000195,83.9,316592,34,1990,1,N/A,0.7856304875838409
2030,2031,Title 2031,Movie,1992,2018-07-22,R,118.0,4.0,Sci-Fi,Germany,Hindi,5.3,3.6,1,3991597,53.4,1171362,33,1990,0,1.5-2.5 hours,0.8123411965382904
2031,2032,Title 2032,Movie,2022,2021-04-15,PG-13,163.0,0.0,Adventure,United Kingdom,French,7.6,4.8,0,976719,91.1,768552,3,2020,0,> 2.5 hours,0.5109082528976955
2032,2033,Title 2033,Movie,1996,2020-07-12,TV-MA,118.0,0.0,Sci-Fi,South Korea,Spanish,8.4,3.1,1,1206892,21.0,1278704,29,1990,0,1.5-2.5 hours,0.2650342978443191
2033,2034,Title 2034,TV Show,1996,2018-05-20,PG-13,0.0,7.0,Action,India,Korean,5.8,3.5,1,3227796,93.8,21224,29,1990,0,N/A,0.8593707314695115
2034,2035,Title 2035,Movie,2015,2020-02-05,PG-13,151.0,3.0,Comedy,Germany,French,7.5,4.6,1,3319597,81.2,1666278,10,2010,0,> 2.5 hours,0.8227409193375281
2035,2036,Title 2036,TV Show,2000,2017-11-12,TV-PG,0.0,5.0,Comedy,Spain,German,4.8,4.7,1,399350,46.6,1411904,25,2000,1,N/A,0.24630266473232804
2036,2037,Title 2037,TV Show,1987,2023-07-14,TV-PG,178.0,3.0,Action,France,French,5.9,3.2,1,2472042,64.7,1595168,38,1980,1,> 2.5 hours,0.6296073197201293
2037,2038,Title 2038,Movie,1984,2015-11-05,TV-MA,118.0,6.0,Crime,Australia,Japanese,9.0,4.9,0,765252,84.8,1251236,41,1980,0,1.5-2.5 hours,0.4539881156673181
2038,2039,Title 2039,TV Show,2005,2020-08-13,PG-13,88.0,2.0,Action,Canada,French,9.0,4.4,0,3331262,56.1,1584442,20,2000,0,1-1.5 hours,0.724090674149354
2039,2040,Title 2040,Movie,1995,2019-09-09,TV-Y7,118.0,2.0,Crime,Japan,English,7.2,3.5,0,2249177,23.8,977891,30,1990,1,1.5-2.5 hours,0.4325774777880639
2040,2041,Title 2041,Movie,2015,2016-01-27,TV-Y,118.0,0.0,Thriller,South Korea,German,7.9,3.9,0,3460979,87.8,1084891,10,2010,1,1.5-2.5 hours,0.8703482776577636
2041,2042,Title 2042,Movie,2007,2017-01-26,TV-PG,180.0,0.0,Horror,South Korea,French,8.7,3.6,1,2823598,58.8,903943,18,2000,1,> 2.5 hours,0.658740864737378
2042,2043,Title 2043,Movie,2008,2016-04-03,TV-PG,118.0,4.0,Crime,France,French,9.3,3.3,1,2887007,60.9,1006044,17,2000,1,1.5-2.5 hours,0.6766522408936624
2043,2044,Title 2044,Movie,1991,2020-07-15,TV-Y7,161.0,1.0,Sci-Fi,Australia,French,6.7,3.6,1,1543990,21.0,819809,34,1990,1,> 2.5 hours,0.3155991368976265
2044,2045,Title 2045,TV Show,2016,2021-06-13,G,101.0,5.0,Crime,Australia,Spanish,7.1,4.2,1,3573308,27.5,37541,9,2010,1,1.5-2.5 hours,0.6459976739936034
2045,2046,Title 2046,TV Show,2009,2019-01-30,PG-13,0.0,7.0,Horror,Japan,Korean,6.3,4.7,1,3344883,78.3,1155918,16,2000,0,N/A,0.8149338297680317
2046,2047,Title 2047,TV Show,2002,2021-07-01,TV-MA,0.0,1.0,Adventure,United Kingdom,English,4.4,3.7,0,3909033,52.6,27943,23,2000,0,N/A,0.7967565624805468
2047,2048,Title 2048,Movie,1995,2017-10-31,TV-PG,118.0,3.0,Romance,Spain,French,6.3,3.7,1,775611,94.9,1822000,30,1990,1,1.5-2.5 hours,0.4959419699404174
2048,2049,Title 2049,Movie,1993,2019-09-15,TV-MA,175.0,0.0,Action,Australia,Korean,8.3,3.9,1,98723,72.2,1721824,32,1990,0,> 2.5 hours,0.3036084907233495
2049,2050,Title 2050,Movie,1989,2017-09-16,TV-MA,157.0,0.0,Romance,Australia,English,8.4,4.3,0,1401934,91.2,199926,36,1980,0,> 2.5 hours,0.5750906782993653
2050,2051,Title 2051,TV Show,1986,2017-10-18,TV-Y,0.0,5.0,Action,Canada,English,8.9,4.5,1,2551537,41.0,1259759,39,1980,1,N/A,0.5467316025119069
2051,2052,Title 2052,Movie,2024,2016-10-27,TV-PG,111.0,0.0,Thriller,Germany,Japanese,4.3,3.7,1,3575284,33.2,669216,1,2020,1,1.5-2.5 hours,0.6690940748087058
2052,2053,Title 2053,TV Show,2016,2020-06-08,R,0.0,5.0,Mystery,Germany,English,6.9,4.2,1,3250199,48.2,1281471,9,2010,0,N/A,0.6803311907107745
2053,2054,Title 2054,TV Show,2008,2016-11-27,G,0.0,6.0,Sci-Fi,Canada,French,4.6,3.8,1,2754195,39.9,997179,17,2000,1,N/A,0.5727303861085618
2054,2055,Title 2055,Movie,1982,2016-04-10,TV-MA,99.0,0.0,Sci-Fi,United States,Spanish,5.1,4.4,1,3328650,66.0,624040,43,1980,0,1-1.5 hours,0.7632988730719009
2055,2056,Title 2056,Movie,1994,2016-11-22,TV-PG,118.0,0.0,Adventure,Spain,French,9.0,3.3,0,890348,75.8,963799,31,1990,1,1.5-2.5 hours,0.43675256726956
2056,2057,Title 2057,TV Show,2015,2019-01-12,G,119.0,5.0,Mystery,Australia,French,6.7,3.5,1,3247982,50.2,320782,10,2010,1,1.5-2.5 hours,0.6879986397962594
2057,2058,Title 2058,Movie,1998,2023-09-10,R,145.0,0.0,Mystery,Japan,Korean,8.2,3.9,1,250257,26.7,219770,27,1990,0,> 2.5 hours,0.14433865323129638
2058,2059,Title 2059,TV Show,1992,2021-06-16,TV-PG,0.0,3.0,Action,Spain,Hindi,4.4,4.8,1,1187240,22.0,262258,33,1990,1,N/A,0.26608648973784677
2059,2060,Title 2060,Movie,2021,2023-03-11,PG-13,118.0,0.0,Sci-Fi,France,Hindi,6.3,4.1,1,1314101,36.4,1850827,4,2020,0,1.5-2.5 hours,0.3427156920681532
2060,2061,Title 2061,Movie,2000,2016-07-20,TV-MA,118.0,0.0,Sci-Fi,South Korea,Japanese,7.7,4.9,1,85074,74.9,1685036,25,2000,0,1.5-2.5 hours,0.3123611350931215
2061,2062,Title 2062,TV Show,2016,2018-09-03,R,144.0,5.0,Mystery,Australia,Hindi,4.7,3.2,0,2847820,36.6,1547035,9,2010,0,> 2.5 hours,0.5735741747289805
2062,2063,Title 2063,Movie,2006,2015-03-23,PG-13,115.0,3.0,Action,United States,Korean,5.8,3.9,1,640317,88.3,1308787,19,2000,0,1.5-2.5 hours,0.4492478141314889
2063,2064,Title 2064,TV Show,2008,2021-02-13,TV-MA,117.0,2.0,Crime,Japan,German,4.4,3.8,1,3256377,68.9,1008270,17,2000,0,1.5-2.5 hours,0.7640578932592065
2064,2065,Title 2065,Movie,1999,2017-03-19,TV-14,88.0,0.0,Crime,Spain,Japanese,7.6,4.2,1,2205626,84.7,574360,26,1990,0,1-1.5 hours,0.669644809823227
2065,2066,Title 2066,TV Show,2004,2018-05-12,PG,110.0,5.0,Horror,India,Korean,9.3,4.6,1,1710484,48.9,121065,21,2000,1,1.5-2.5 hours,0.4521733055765903
2066,2067,Title 2067,TV Show,1985,2018-11-12,TV-Y7,64.0,7.0,Drama,South Korea,English,8.5,4.7,1,2383461,93.8,726373,40,1980,1,1-1.5 hours,0.7327201331803662
2067,2068,Title 2068,Movie,2015,2021-08-12,TV-MA,118.0,3.0,Comedy,Australia,French,9.4,4.3,0,1504415,71.0,1711940,10,2010,0,1.5-2.5 hours,0.5096628705728941
2068,2069,Title 2069,TV Show,1981,2017-11-06,R,105.0,5.0,Thriller,Spain,German,8.7,4.3,1,3748376,46.8,431436,44,1980,0,1.5-2.5 hours,0.7494579462093521
2069,2070,Title 2070,Movie,2001,2017-01-06,R,118.0,0.0,Action,Spain,English,8.7,4.9,1,2157444,35.9,1509038,24,2000,0,1.5-2.5 hours,0.4672174899480973
2070,2071,Title 2071,Movie,2011,2020-01-16,PG,118.0,2.0,Crime,Japan,Japanese,7.2,3.8,1,2683647,85.0,270084,14,2010,1,1.5-2.5 hours,0.7425481570074317
2071,2072,Title 2072,Movie,1995,2022-01-01,TV-PG,118.0,0.0,Adventure,South Korea,French,6.9,4.7,0,3658520,43.9,1412992,30,1990,1,1.5-2.5 hours,0.7243795091436501
2072,2073,Title 2073,TV Show,1997,2017-09-09,TV-Y7,141.0,3.0,Comedy,Germany,French,6.2,4.8,1,3033664,23.3,974399,28,1990,1,> 2.5 hours,0.5482508513898413
2073,2074,Title 2074,TV Show,1984,2020-11-02,G,82.0,6.0,Comedy,Germany,Japanese,8.5,4.0,1,1034907,40.9,97659,41,1980,1,1-1.5 hours,0.31883647690031147
2074,2075,Title 2075,Movie,2015,2015-06-24,TV-MA,118.0,0.0,Comedy,India,English,5.0,4.5,1,3362302,33.5,1199341,10,2010,0,1.5-2.5 hours,0.638346686953389
2075,2076,Title 2076,Movie,2009,2015-10-03,TV-PG,80.0,0.0,Mystery,United Kingdom,Korean,4.3,3.8,1,2703225,44.0,1451102,16,2000,1,1-1.5 hours,0.581484865083379
2076,2077,Title 2077,TV Show,2024,2021-05-26,PG-13,150.0,5.0,Horror,Canada,Hindi,9.2,3.3,1,118867,66.0,1681982,1,2020,0,> 2.5 hours,0.28183009903277234
2077,2078,Title 2078,Movie,1998,2019-08-14,G,118.0,0.0,Adventure,Australia,German,4.0,4.2,0,2068672,57.5,1000624,27,1990,1,1.5-2.5 hours,0.5403016533295466
2078,2079,Title 2079,Movie,2002,2015-06-01,TV-Y7,118.0,3.0,Drama,Japan,Japanese,9.4,3.4,1,1147937,73.3,678738,23,2000,1,1.5-2.5 hours,0.4653910235253147
2079,2080,Title 2080,TV Show,2013,2020-05-30,TV-PG,180.0,5.0,Adventure,Australia,Japanese,8.0,3.9,0,2179361,45.0,718577,12,2010,1,> 2.5 hours,0.5069050489888848
2080,2081,Title 2081,Movie,1992,2021-07-12,G,118.0,0.0,Adventure,Japan,French,5.8,4.7,0,814969,29.0,680015,33,1990,1,1.5-2.5 hours,0.23824568617563696
2081,2082,Title 2082,TV Show,2022,2017-11-13,TV-Y,0.0,5.0,Action,Germany,Spanish,7.8,3.2,0,1909498,32.0,598409,3,2020,1,N/A,0.4144254876700911
2082,2083,Title 2083,Movie,2008,2019-03-07,TV-Y,118.0,8.0,Horror,Japan,French,8.5,3.1,1,3897520,79.8,1397773,17,2000,1,1.5-2.5 hours,0.9038296077314212
2083,2084,Title 2084,TV Show,2015,2016-11-29,TV-MA,153.0,5.0,Romance,South Korea,Hindi,5.3,4.2,0,1805817,27.3,1972384,10,2010,0,> 2.5 hours,0.380073294901561
2084,2085,Title 2085,Movie,2001,2021-07-07,TV-MA,157.0,0.0,Horror,United Kingdom,French,8.2,3.7,0,1046221,79.9,666683,24,2000,0,> 2.5 hours,0.4765335815673494
2085,2086,Title 2086,Movie,2015,2022-09-17,TV-MA,100.0,5.0,Romance,India,Spanish,8.4,3.8,0,2930770,35.9,362260,10,2010,0,1-1.5 hours,0.5832167089459496
2086,2087,Title 2087,TV Show,1988,2018-06-29,TV-Y7,0.0,5.0,Drama,United States,Japanese,5.4,3.8,1,2646794,70.9,1107565,37,1980,1,N/A,0.6806201918055275
2087,2088,Title 2088,Movie,2018,2020-08-16,TV-PG,102.0,0.0,Action,Germany,Korean,4.2,3.2,1,1110837,66.7,1283277,7,2010,1,1.5-2.5 hours,0.43342600822152266
2088,2089,Title 2089,TV Show,1998,2018-12-15,PG-13,0.0,5.0,Mystery,United States,French,5.1,3.0,1,3191968,27.4,1657850,27,1990,0,N/A,0.5883965166904209
2089,2090,Title 2090,Movie,2017,2017-11-26,TV-14,83.0,4.0,Comedy,United States,German,5.1,4.8,1,1588763,69.9,995074,8,2010,0,1-1.5 hours,0.5179151053665397
2090,2091,Title 2091,TV Show,1985,2020-04-29,R,0.0,5.0,Action,France,Korean,4.4,3.4,0,343712,53.6,32974,40,1980,0,N/A,0.2659569417815899
2091,2092,Title 2092,TV Show,1994,2023-09-01,PG-13,0.0,1.0,Mystery,United Kingdom,Spanish,8.0,3.9,0,775666,73.0,474718,31,1990,0,N/A,0.4083502199631049
2092,2093,Title 2093,TV Show,1999,2019-01-22,TV-PG,88.0,1.0,Action,Canada,English,6.1,4.9,0,1659832,82.7,1875725,26,1990,1,1-1.5 hours,0.5797754846825829
2093,2094,Title 2094,TV Show,1988,2015-11-30,TV-Y7,95.0,5.0,Mystery,Spain,French,8.9,4.7,1,1282561,23.0,401206,37,1980,1,1-1.5 hours,0.2843846790578674
2094,2095,Title 2095,Movie,2011,2018-06-01,G,166.0,0.0,Action,South Korea,Japanese,5.4,3.2,1,2274830,68.6,452567,14,2010,1,> 2.5 hours,0.6156254383699555
2095,2096,Title 2096,Movie,1983,2023-05-11,PG-13,118.0,4.0,Horror,Japan,Japanese,6.5,4.0,0,2222027,27.9,1650105,42,1980,0,1.5-2.5 hours,0.4449049665886581
2096,2097,Title 2097,TV Show,1997,2021-05-02,G,113.0,6.0,Horror,Australia,Korean,7.5,4.5,1,2060821,48.4,300661,28,1990,1,1.5-2.5 hours,0.5027240000910003
2097,2098,Title 2098,TV Show,1984,2021-03-07,TV-14,124.0,6.0,Horror,Canada,French,8.8,4.4,1,1392562,21.0,783979,41,1980,0,1.5-2.5 hours,0.29288487443340466
2098,2099,Title 2099,TV Show,1999,2015-08-26,TV-PG,0.0,5.0,Comedy,Australia,German,6.9,4.5,0,2325333,44.6,1568548,26,1990,1,N/A,0.5272009092025003
2099,2100,Title 2100,Movie,2002,2021-06-16,TV-PG,67.0,0.0,Thriller,India,French,6.1,3.9,0,1482351,32.7,922457,23,2000,1,1-1.5 hours,0.3531532614714691
2100,2101,Title 2101,Movie,1990,2022-06-24,R,126.0,0.0,Sci-Fi,India,Korean,8.8,3.4,1,1321050,61.7,881195,35,1990,0,1.5-2.5 hours,0.44495804493462354
2101,2102,Title 2102,Movie,2016,2020-11-03,TV-Y7,82.0,2.0,Romance,South Korea,Hindi,5.7,3.9,0,102266,58.4,1748900,9,2010,1,1-1.5 hours,0.248939942184841
2102,2103,Title 2103,Movie,2001,2015-10-13,R,168.0,0.0,Horror,Japan,Korean,4.4,4.3,0,946806,79.5,1483819,24,2000,0,> 2.5 hours,0.4600212905585491
2103,2104,Title 2104,TV Show,1983,2019-06-29,TV-PG,124.0,4.0,Thriller,Japan,Spanish,6.4,4.2,0,3427804,68.0,339813,42,1980,1,1.5-2.5 hours,0.7861720139730384
2104,2105,Title 2105,TV Show,2008,2017-11-12,R,0.0,7.0,Romance,Germany,Korean,8.3,3.1,1,2668636,73.6,514933,17,2000,0,N/A,0.6946965008153771
2105,2106,Title 2106,TV Show,2023,2020-05-13,PG,73.0,5.0,Action,Japan,Japanese,4.2,3.1,1,761206,26.9,1061154,2,2020,1,1-1.5 hours,0.22178121399833847
2106,2107,Title 2107,Movie,2013,2020-03-01,TV-PG,92.0,0.0,Drama,Spain,German,7.2,4.9,0,229117,22.1,786254,12,2010,1,1-1.5 hours,0.12276764451102241
2107,2108,Title 2108,Movie,1992,2017-07-14,PG-13,118.0,0.0,Mystery,Canada,Korean,7.3,3.3,0,3352049,92.7,974211,33,1990,0,1.5-2.5 hours,0.873608732724015
2108,2109,Title 2109,Movie,2021,2021-09-03,PG,166.0,4.0,Thriller,Canada,Korean,9.1,3.6,0,3880978,52.0,1509827,4,2020,1,> 2.5 hours,0.7901483009078274
2109,2110,Title 2110,TV Show,1988,2018-07-02,PG-13,138.0,5.0,Adventure,Australia,German,5.6,4.5,0,3436271,49.6,961085,37,1980,0,1.5-2.5 hours,0.7138420674656855
2110,2111,Title 2111,TV Show,2021,2022-11-16,PG,0.0,1.0,Crime,France,Korean,5.5,3.8,1,1928339,22.6,1589415,4,2020,1,N/A,0.3796516454420249
2111,2112,Title 2112,Movie,2010,2023-03-29,PG-13,61.0,8.0,Thriller,South Korea,Japanese,6.4,3.4,1,3644855,28.9,961899,15,2010,0,1-1.5 hours,0.6623297535068221
2112,2113,Title 2113,TV Show,1986,2021-08-13,TV-PG,127.0,8.0,Horror,South Korea,German,6.0,3.9,0,3188292,90.5,1516476,39,1980,1,1.5-2.5 hours,0.8402451151740667
2113,2114,Title 2114,Movie,1983,2018-06-17,TV-MA,118.0,0.0,Horror,Spain,Japanese,8.0,4.1,0,1496976,72.1,1713628,42,1980,0,1.5-2.5 hours,0.5129470175042982
2114,2115,Title 2115,Movie,1998,2020-04-07,TV-Y,115.0,1.0,Thriller,Japan,Japanese,7.5,3.9,0,2577432,50.7,1112344,27,1990,1,1.5-2.5 hours,0.5894158631936238
2115,2116,Title 2116,TV Show,2021,2021-05-08,TV-Y,128.0,5.0,Mystery,France,Japanese,8.2,4.8,0,2630336,87.8,1553688,4,2020,1,1.5-2.5 hours,0.7457514850165838
2116,2117,Title 2117,Movie,2009,2020-11-20,PG,133.0,4.0,Romance,Germany,Spanish,8.5,3.6,1,1283137,64.2,1388836,16,2000,1,1.5-2.5 hours,0.44927107929546806
2117,2118,Title 2118,TV Show,2010,2022-10-29,TV-Y,0.0,5.0,Action,Germany,German,9.1,4.3,0,851798,76.0,466727,15,2010,1,N/A,0.4317700513676413
2118,2119,Title 2119,Movie,2014,2017-11-10,G,72.0,0.0,Crime,Canada,Spanish,6.4,3.2,0,1327146,52.4,1376110,11,2010,1,1-1.5 hours,0.4086724474492305
2119,2120,Title 2120,TV Show,2000,2021-01-08,PG,164.0,3.0,Action,Spain,Spanish,9.4,3.8,0,2731685,52.4,1451471,25,2000,1,> 2.5 hours,0.6193538768231612
2120,2121,Title 2121,TV Show,2010,2020-09-10,PG-13,120.0,4.0,Comedy,United States,German,5.2,4.5,1,354591,25.1,1980012,15,2010,0,1.5-2.5 hours,0.15358879626918975
2121,2122,Title 2122,TV Show,1998,2019-10-26,TV-Y7,137.0,3.0,Mystery,United States,Korean,7.9,3.4,1,3335959,75.0,1263671,27,1990,1,1.5-2.5 hours,0.8003952260868717
2122,2123,Title 2123,Movie,2010,2018-12-08,R,180.0,0.0,Horror,Japan,French,6.9,4.2,0,970516,27.4,1327833,15,2010,0,> 2.5 hours,0.25517780033895093
2123,2124,Title 2124,Movie,2011,2017-06-25,PG-13,118.0,6.0,Comedy,Canada,Hindi,8.5,3.3,1,3527817,77.3,439235,14,2010,0,1.5-2.5 hours,0.8383740052285144
2124,2125,Title 2125,TV Show,1981,2020-01-08,G,148.0,5.0,Action,Spain,French,6.6,3.2,0,3480877,34.3,976531,44,1980,1,> 2.5 hours,0.6593329858657111
2125,2126,Title 2126,TV Show,1989,2020-04-10,TV-Y7,0.0,5.0,Action,United States,Japanese,8.3,4.0,1,1527403,38.6,355218,36,1980,1,N/A,0.38351108005547013
2126,2127,Title 2127,Movie,1981,2018-11-24,TV-Y,174.0,0.0,Crime,United Kingdom,German,9.1,4.4,1,2590402,88.8,1152668,44,1980,1,> 2.5 hours,0.7437613685437635
2127,2128,Title 2128,Movie,1981,2019-04-07,G,118.0,8.0,Sci-Fi,Australia,Korean,8.0,3.2,1,1130730,55.4,583972,44,1980,1,1.5-2.5 hours,0.3912099664274077
2128,2129,Title 2129,Movie,2003,2021-07-07,PG,118.0,0.0,Action,India,Spanish,8.3,4.8,1,1606977,29.4,768791,22,2000,1,1.5-2.5 hours,0.35864721287983536
2129,2130,Title 2130,TV Show,1996,2015-01-24,TV-14,130.0,7.0,Romance,Australia,English,4.4,3.5,1,1866085,87.9,535175,29,1990,0,1.5-2.5 hours,0.6315135197621793
2130,2131,Title 2131,Movie,2011,2015-12-24,TV-14,80.0,0.0,Romance,India,Hindi,5.1,3.2,1,1524141,53.9,1536984,14,2010,0,1-1.5 hours,0.44422177870989143
2131,2132,Title 2132,Movie,1995,2018-12-24,TV-Y,177.0,3.0,Thriller,United Kingdom,French,9.4,3.4,1,3272884,29.8,1700477,30,1990,1,> 2.5 hours,0.6101339500683627
2132,2133,Title 2133,TV Show,1995,2021-11-19,TV-14,0.0,5.0,Crime,United Kingdom,Korean,7.8,3.3,1,3513238,49.3,684176,30,1990,0,N/A,0.7241871492146603
2133,2134,Title 2134,Movie,2018,2017-03-27,TV-14,118.0,3.0,Crime,Spain,Japanese,7.1,3.2,1,2706113,64.2,374045,7,2010,0,1.5-2.5 hours,0.6627180662746823
2134,2135,Title 2135,Movie,2010,2019-11-28,PG-13,115.0,8.0,Horror,France,Hindi,6.0,4.6,0,2376237,47.2,1214043,15,2010,0,1.5-2.5 hours,0.545236530200458
2135,2136,Title 2136,Movie,2022,2021-03-23,PG-13,118.0,0.0,Action,South Korea,Japanese,4.2,4.0,0,3931996,89.3,1499443,3,2020,0,1.5-2.5 hours,0.9470010219528104
2136,2137,Title 2137,TV Show,2003,2016-02-18,R,62.0,6.0,Sci-Fi,United States,English,6.0,3.8,0,2161893,40.2,1195173,22,2000,0,1-1.5 hours,0.4850848417833149
2137,2138,Title 2138,TV Show,1980,2021-04-25,TV-PG,125.0,5.0,Adventure,Spain,English,6.7,4.9,1,3816218,33.2,774276,45,1980,1,1.5-2.5 hours,0.705234274194254
2138,2139,Title 2139,TV Show,1990,2019-02-02,TV-Y,110.0,5.0,Comedy,France,English,5.2,3.7,1,2115924,36.6,201651,35,1990,1,1.5-2.5 hours,0.4637894728210502
2139,2140,Title 2140,TV Show,2000,2015-03-23,TV-14,0.0,1.0,Crime,South Korea,French,5.0,3.3,0,2236261,26.3,1515836,25,2000,0,N/A,0.44064007246019926
2140,2141,Title 2141,TV Show,1983,2019-04-02,R,0.0,8.0,Thriller,Spain,Japanese,6.8,3.5,1,985886,53.9,1384863,42,1980,0,N/A,0.36348330667909334
2141,2142,Title 2142,TV Show,1986,2023-05-01,TV-Y,0.0,5.0,Thriller,Japan,German,7.2,3.5,1,147150,85.9,106254,39,1980,1,N/A,0.365672560699542
2142,2143,Title 2143,TV Show,2005,2021-11-16,TV-14,131.0,5.0,Action,South Korea,Hindi,5.3,4.0,0,3803268,42.9,1538330,20,2000,0,1.5-2.5 hours,0.7420917688523643
2143,2144,Title 2144,Movie,1991,2023-06-04,TV-MA,119.0,1.0,Action,Australia,German,7.2,3.6,0,594038,39.4,1018450,34,1990,0,1.5-2.5 hours,0.24670594504134885
2144,2145,Title 2145,Movie,2010,2016-08-12,TV-Y7,65.0,8.0,Adventure,South Korea,Japanese,9.0,4.0,1,654190,82.8,920689,15,2010,1,1-1.5 hours,0.42932876985411705
2145,2146,Title 2146,TV Show,1996,2020-10-06,TV-Y,0.0,3.0,Drama,Australia,English,6.6,4.3,1,188301,42.9,1782952,29,1990,1,N/A,0.1998452276743761
2146,2147,Title 2147,Movie,2012,2017-08-24,TV-PG,67.0,0.0,Drama,Germany,Korean,8.7,4.6,0,1300524,55.8,817422,13,2010,1,1-1.5 hours,0.41827913646762527
2147,2148,Title 2148,Movie,1990,2022-06-04,TV-Y7,149.0,0.0,Action,India,English,9.1,4.4,1,1007798,22.3,1155689,35,1990,1,> 2.5 hours,0.24037011571781822
2148,2149,Title 2149,TV Show,2007,2018-03-08,R,0.0,6.0,Mystery,Australia,German,4.5,3.4,1,3158432,41.5,189138,18,2000,0,N/A,0.6397661028567828
2149,2150,Title 2150,Movie,2011,2023-04-03,R,118.0,0.0,Romance,United Kingdom,English,4.5,3.2,1,2871502,29.8,182243,14,2010,0,1.5-2.5 hours,0.5499264844978323
2150,2151,Title 2151,Movie,1980,2019-05-09,TV-14,149.0,0.0,Romance,Japan,Japanese,6.6,4.1,1,3199544,27.9,1116846,45,1980,0,> 2.5 hours,0.5915329198155295
2151,2152,Title 2152,Movie,2007,2019-12-05,TV-Y7,149.0,0.0,Adventure,United States,English,7.2,3.4,1,3594581,52.4,815488,18,2000,1,> 2.5 hours,0.7487886327687401
2152,2153,Title 2153,Movie,2021,2019-03-24,TV-14,145.0,5.0,Adventure,Germany,German,6.3,3.2,1,555448,40.8,341712,4,2020,0,> 2.5 hours,0.2465174291229301
2153,2154,Title 2154,Movie,1986,2019-07-28,TV-Y,118.0,7.0,Horror,Germany,German,5.8,4.1,0,2022054,32.5,1910377,39,1980,1,1.5-2.5 hours,0.4333089340995688
2154,2155,Title 2155,TV Show,1981,2019-08-21,R,0.0,5.0,Sci-Fi,Canada,Japanese,7.5,3.7,1,3507587,58.4,460904,44,1980,0,N/A,0.7597394968836164
2155,2156,Title 2156,TV Show,2021,2016-10-07,TV-MA,0.0,3.0,Thriller,Spain,Korean,4.0,4.5,1,2972653,78.8,1168154,4,2020,0,N/A,0.7610991762227346
2156,2157,Title 2157,TV Show,2003,2020-06-18,R,105.0,5.0,Romance,Spain,German,9.3,3.6,0,1776476,75.1,1431647,22,2000,0,1.5-2.5 hours,0.5668721327983652
2157,2158,Title 2158,Movie,1983,2015-03-30,PG-13,168.0,6.0,Mystery,Spain,Japanese,5.3,5.0,1,1505289,38.8,1825891,42,1980,0,> 2.5 hours,0.38099397093342
2158,2159,Title 2159,TV Show,2023,2015-05-02,G,0.0,5.0,Action,South Korea,Korean,9.0,4.5,0,493101,39.7,1015417,2,2020,1,N/A,0.23276535340472188
2159,2160,Title 2160,Movie,1998,2019-04-05,TV-PG,118.0,8.0,Crime,United States,Spanish,4.6,3.1,0,599616,74.9,1769091,27,1990,1,1.5-2.5 hours,0.3895426473422802
2160,2161,Title 2161,Movie,2005,2015-10-05,TV-Y7,118.0,0.0,Mystery,India,Japanese,5.3,4.0,1,3386500,61.8,1740213,20,2000,1,1.5-2.5 hours,0.7551763969350915
2161,2162,Title 2162,Movie,1990,2016-11-06,TV-14,118.0,6.0,Horror,Australia,Spanish,5.3,4.1,0,1995747,75.7,148497,35,1990,0,1.5-2.5 hours,0.6021628732479014
2162,2163,Title 2163,Movie,2019,2015-08-22,G,118.0,5.0,Mystery,Spain,German,9.5,4.4,0,1473237,20.1,1530220,6,2010,1,1.5-2.5 hours,0.3013861577119337
2163,2164,Title 2164,TV Show,2022,2017-04-21,G,71.0,5.0,Crime,Germany,English,4.0,4.0,1,145228,26.5,292374,3,2020,1,1-1.5 hours,0.12778425990671474
2164,2165,Title 2165,TV Show,1990,2019-04-20,PG,84.0,5.0,Comedy,Australia,Hindi,7.5,4.0,1,366470,80.1,1013440,35,1990,1,1-1.5 hours,0.37537065116929075
2165,2166,Title 2166,Movie,2024,2015-06-18,TV-PG,118.0,0.0,Drama,United States,English,8.8,3.7,1,3149550,83.8,550967,1,2020,1,1.5-2.5 hours,0.8076337991929478
2166,2167,Title 2167,TV Show,1982,2017-06-23,PG-13,90.0,3.0,Comedy,Germany,German,7.7,3.5,0,2514314,45.8,312636,43,1980,0,1-1.5 hours,0.5603481371573772
2167,2168,Title 2168,Movie,1991,2021-08-12,R,74.0,5.0,Thriller,United Kingdom,Korean,6.0,4.9,0,2020066,91.9,91845,34,1990,0,1-1.5 hours,0.6706107332795166
2168,2169,Title 2169,TV Show,1982,2019-08-02,TV-Y,0.0,5.0,Thriller,United States,Japanese,9.3,3.6,0,3054101,42.6,1967080,43,1980,1,N/A,0.628516409820127
2169,2170,Title 2170,TV Show,2021,2020-09-13,R,0.0,5.0,Romance,South Korea,English,8.9,3.1,1,3981745,86.8,332236,4,2020,0,N/A,0.9444633924743293
2170,2171,Title 2171,Movie,2006,2018-03-31,PG-13,149.0,0.0,Crime,Spain,Spanish,6.4,3.3,1,1928683,51.6,1718419,19,2000,0,> 2.5 hours,0.49570324558392537
2171,2172,Title 2172,TV Show,1981,2015-07-23,TV-14,108.0,3.0,Thriller,France,French,7.2,4.7,1,3131977,62.1,1221498,44,1980,0,1.5-2.5 hours,0.7181978419440653
2172,2173,Title 2173,Movie,1995,2017-06-16,PG,75.0,0.0,Adventure,Japan,German,9.3,4.2,1,459484,68.2,1007153,30,1990,1,1-1.5 hours,0.34172278953767127
2173,2174,Title 2174,TV Show,1981,2023-04-11,R,145.0,3.0,Romance,Germany,English,9.4,4.6,0,570883,30.0,240872,44,1980,0,> 2.5 hours,0.2056326854898851
2174,2175,Title 2175,Movie,2009,2023-06-04,TV-Y7,150.0,2.0,Horror,Canada,French,6.5,4.6,1,3145037,22.8,1692439,16,2000,1,> 2.5 hours,0.5629568473313301
2175,2176,Title 2176,Movie,1999,2018-01-05,TV-PG,118.0,7.0,Romance,Canada,English,8.7,4.6,0,462233,52.0,486703,26,1990,1,1.5-2.5 hours,0.2773351406716369
2176,2177,Title 2177,TV Show,2017,2017-06-03,G,0.0,5.0,Comedy,Japan,Korean,5.7,4.1,0,246156,32.0,294561,8,2010,1,N/A,0.16492350153962923
2177,2178,Title 2178,TV Show,2007,2022-10-23,TV-14,0.0,4.0,Action,India,Korean,6.0,3.4,1,877014,61.2,1418167,18,2000,0,N/A,0.37635246176926984
2178,2179,Title 2179,Movie,2004,2019-06-11,PG-13,74.0,0.0,Adventure,India,Korean,4.9,3.3,0,1112609,54.0,1080410,21,2000,0,1-1.5 hours,0.38289180895247465
2179,2180,Title 2180,TV Show,2011,2015-05-06,TV-Y,177.0,5.0,Adventure,Japan,French,5.2,4.1,1,1620901,29.2,1715911,14,2010,1,> 2.5 hours,0.3599358186235012
2180,2181,Title 2181,TV Show,1989,2023-07-12,TV-Y,0.0,5.0,Sci-Fi,France,Hindi,7.6,3.7,0,485981,69.9,669492,36,1980,1,N/A,0.3524973504677138
2181,2182,Title 2182,Movie,2021,2018-08-09,PG,118.0,1.0,Adventure,South Korea,French,6.8,4.1,1,2158707,21.5,1393654,4,2020,1,1.5-2.5 hours,0.4098069404690863
2182,2183,Title 2183,Movie,2019,2023-11-24,PG-13,118.0,1.0,Adventure,United States,German,5.3,4.0,0,1979479,29.5,538566,6,2010,0,1.5-2.5 hours,0.41492266653733295
2183,2184,Title 2184,TV Show,2012,2018-09-03,TV-14,102.0,5.0,Comedy,France,German,6.2,4.2,1,1187931,72.5,1105971,13,2010,0,1.5-2.5 hours,0.46819014002288506
2184,2185,Title 2185,Movie,1992,2016-09-28,TV-Y7,118.0,3.0,Mystery,Australia,Spanish,6.1,3.1,0,2174783,59.6,1918469,33,1990,1,1.5-2.5 hours,0.5646183471004546
2185,2186,Title 2186,Movie,2020,2022-03-21,G,173.0,2.0,Adventure,Spain,Spanish,9.4,3.1,1,2647079,41.1,679193,5,2020,1,> 2.5 hours,0.5614629419230903
2186,2187,Title 2187,Movie,2021,2016-08-18,TV-PG,174.0,3.0,Action,India,German,8.7,4.4,1,3822265,33.5,145237,4,2020,1,> 2.5 hours,0.7073413266886484
2187,2188,Title 2188,TV Show,2016,2020-09-05,TV-MA,0.0,5.0,Drama,Germany,English,6.1,3.4,1,3486774,68.2,1902588,9,2010,0,N/A,0.7958175382982303
2188,2189,Title 2189,TV Show,1995,2021-02-11,TV-MA,103.0,5.0,Comedy,India,German,9.0,4.3,1,1231373,35.4,616671,30,1990,0,1.5-2.5 hours,0.32630645794275936
2189,2190,Title 2190,Movie,2024,2021-01-20,TV-14,118.0,7.0,Comedy,Canada,Japanese,5.9,4.1,1,3640797,93.8,129925,1,2020,0,1.5-2.5 hours,0.9213210518328925
2190,2191,Title 2191,TV Show,2001,2015-02-15,PG-13,116.0,5.0,Mystery,Germany,Hindi,7.7,5.0,1,2910208,85.2,239080,24,2000,0,1.5-2.5 hours,0.7773324004641012
2191,2192,Title 2192,Movie,1999,2015-03-30,TV-MA,118.0,0.0,Sci-Fi,Australia,Spanish,9.3,4.7,1,3846530,29.9,1628110,26,1990,0,1.5-2.5 hours,0.6965810866979885
2192,2193,Title 2193,TV Show,2022,2023-09-06,PG,91.0,3.0,Mystery,Australia,Spanish,6.1,3.8,0,3800589,84.4,1747633,3,2020,1,1-1.5 hours,0.9076899177472739
2193,2194,Title 2194,Movie,2006,2021-10-19,PG-13,153.0,7.0,Romance,Spain,Japanese,7.7,4.2,1,3148116,45.9,716398,19,2000,0,> 2.5 hours,0.6558186986014212
2194,2195,Title 2195,Movie,2020,2023-04-05,TV-MA,118.0,7.0,Drama,United Kingdom,Japanese,5.6,3.2,1,3839506,56.7,443657,5,2020,0,1.5-2.5 hours,0.8027274838005805
2195,2196,Title 2196,TV Show,1995,2021-03-21,TV-Y7,0.0,8.0,Thriller,Canada,French,5.5,3.8,1,689488,30.7,836871,30,1990,1,N/A,0.22622348441458212
2196,2197,Title 2197,Movie,2013,2023-10-28,G,118.0,0.0,Horror,Japan,Japanese,7.2,4.5,0,2973623,28.9,1132030,12,2010,1,1.5-2.5 hours,0.5616446766228608
2197,2198,Title 2198,TV Show,2011,2018-03-30,TV-Y,0.0,2.0,Thriller,India,Spanish,9.4,4.2,1,948920,84.9,1128023,14,2010,1,N/A,0.4819383914305765
2198,2199,Title 2199,TV Show,2005,2020-06-16,PG-13,83.0,5.0,Sci-Fi,Spain,German,6.5,4.0,0,243636,67.2,1540256,20,2000,0,1-1.5 hours,0.30534550050012643
2199,2200,Title 2200,Movie,2004,2016-12-08,TV-Y,118.0,6.0,Sci-Fi,Spain,Spanish,9.2,3.4,1,3912143,54.5,319114,21,2000,1,1.5-2.5 hours,0.8048230637634253
2200,2201,Title 2201,Movie,1981,2016-12-27,TV-Y,118.0,0.0,Adventure,United Kingdom,Japanese,9.0,4.6,1,3977904,22.7,1325132,44,1980,1,1.5-2.5 hours,0.6874872408899124
2201,2202,Title 2202,TV Show,1991,2021-09-19,TV-MA,63.0,8.0,Mystery,Australia,Japanese,5.4,3.5,1,3927168,89.1,43485,34,1990,0,1-1.5 hours,0.9454768199612549
2202,2203,Title 2203,Movie,2019,2020-08-26,PG-13,118.0,5.0,Romance,Canada,Japanese,6.2,4.6,1,2548541,48.2,999405,6,2010,0,1.5-2.5 hours,0.5750822012760535
2203,2204,Title 2204,Movie,1988,2022-01-28,G,109.0,0.0,Adventure,Germany,Spanish,7.5,4.2,0,1735392,51.2,1075617,37,1980,1,1.5-2.5 hours,0.46510951585116855
2204,2205,Title 2205,Movie,1991,2019-02-14,TV-Y7,118.0,8.0,Crime,Canada,Japanese,6.8,3.7,1,2579224,41.7,1321932,34,1990,1,1.5-2.5 hours,0.5536846639328259
2205,2206,Title 2206,Movie,2005,2019-06-30,R,118.0,0.0,Romance,Canada,French,4.5,3.1,0,160942,86.8,759293,20,2000,0,1.5-2.5 hours,0.3713413663887576
2206,2207,Title 2207,Movie,1988,2018-07-24,PG,118.0,5.0,Sci-Fi,India,German,9.5,3.5,1,3032690,45.8,1654835,37,1980,1,1.5-2.5 hours,0.6381047509880652
2207,2208,Title 2208,TV Show,1989,2021-03-04,TV-Y,0.0,2.0,Sci-Fi,Germany,English,8.1,4.8,1,1013010,33.1,516804,36,1980,1,N/A,0.28435191786777414
2208,2209,Title 2209,TV Show,2011,2015-09-19,G,74.0,5.0,Comedy,France,Japanese,6.4,4.6,0,1497180,57.5,1708014,14,2010,1,1-1.5 hours,0.4545776175884484
2209,2210,Title 2210,Movie,2013,2018-11-23,TV-PG,167.0,7.0,Crime,Germany,Spanish,7.4,4.1,1,3875011,78.6,1780229,12,2010,1,> 2.5 hours,0.8956532484464332
2210,2211,Title 2211,Movie,1999,2021-06-21,TV-PG,118.0,0.0,Adventure,Spain,Spanish,4.5,3.9,1,499444,47.9,705030,26,1990,1,1.5-2.5 hours,0.2665168060212165
2211,2212,Title 2212,Movie,2018,2022-08-25,R,118.0,0.0,Sci-Fi,United Kingdom,Japanese,6.7,4.3,0,540533,68.9,1850544,7,2010,0,1.5-2.5 hours,0.35668017297047566
2212,2213,Title 2213,TV Show,1981,2016-07-17,R,91.0,3.0,Crime,Canada,Spanish,9.1,3.9,1,2508501,42.8,914598,44,1980,0,1-1.5 hours,0.547476184759508
2213,2214,Title 2214,Movie,1980,2023-11-12,R,118.0,0.0,Drama,Germany,Japanese,8.9,4.3,1,2801225,74.0,679631,45,1980,0,1.5-2.5 hours,0.7161849055084901
2214,2215,Title 2215,TV Show,2015,2017-09-07,PG,0.0,5.0,Horror,Spain,Hindi,5.9,3.6,0,450092,70.2,761653,10,2010,1,N/A,0.3483139856634606
2215,2216,Title 2216,TV Show,2003,2019-01-18,PG,144.0,5.0,Mystery,United States,German,6.9,4.7,0,3412878,71.1,1916116,22,2000,1,> 2.5 hours,0.7963331078160465
2216,2217,Title 2217,TV Show,2006,2018-09-28,TV-Y7,112.0,5.0,Sci-Fi,Australia,Japanese,7.8,4.4,1,3151176,68.4,101342,19,2000,1,1.5-2.5 hours,0.7462776998636746
2217,2218,Title 2218,Movie,1981,2016-09-19,TV-Y,130.0,7.0,Drama,United Kingdom,Spanish,5.9,3.7,0,1392384,31.7,889517,44,1980,1,1.5-2.5 hours,0.33565817435997947
2218,2219,Title 2219,TV Show,2010,2015-06-09,TV-14,91.0,5.0,Romance,South Korea,Hindi,4.4,4.7,0,945240,86.6,463007,15,2010,0,1-1.5 hours,0.4881863899125723
2219,2220,Title 2220,Movie,1993,2019-04-06,TV-PG,118.0,0.0,Mystery,Japan,English,6.8,4.0,0,3525107,63.9,1769157,32,1990,1,1.5-2.5 hours,0.7843675041106364
2220,2221,Title 2221,TV Show,1981,2020-09-12,TV-MA,0.0,2.0,Crime,Spain,English,7.3,3.3,1,1154406,48.7,1020874,44,1980,0,N/A,0.36796137619378455
2221,2222,Title 2222,Movie,2008,2018-11-24,TV-MA,105.0,8.0,Mystery,Canada,French,4.0,3.2,1,2879390,32.9,1637495,17,2000,0,1.5-2.5 hours,0.5635096877516412
2222,2223,Title 2223,TV Show,1994,2021-08-03,R,84.0,6.0,Thriller,United Kingdom,Japanese,4.5,4.4,0,2152901,78.8,1150700,31,1990,0,1-1.5 hours,0.6381360380741047
2223,2224,Title 2224,Movie,1991,2023-07-18,TV-PG,79.0,0.0,Comedy,Australia,French,5.1,4.7,1,763912,58.2,578923,34,1990,1,1-1.5 hours,0.3473871151145666
2224,2225,Title 2225,TV Show,2016,2023-04-24,TV-14,99.0,6.0,Crime,Germany,French,5.9,4.6,1,1633598,31.0,146197,9,2010,0,1-1.5 hours,0.3690403738610281
2225,2226,Title 2226,Movie,2007,2016-12-15,TV-14,165.0,0.0,Drama,United States,Hindi,7.0,4.3,1,3328394,89.1,1106836,18,2000,0,> 2.5 hours,0.8556604729663007
2226,2227,Title 2227,Movie,1999,2018-09-08,TV-MA,112.0,8.0,Sci-Fi,South Korea,English,5.6,3.3,1,3674305,28.0,47861,26,1990,0,1.5-2.5 hours,0.6631472656549805
2227,2228,Title 2228,Movie,2018,2023-11-04,TV-14,69.0,0.0,Crime,Australia,French,5.5,3.2,1,1507030,59.3,621800,7,2010,0,1-1.5 hours,0.46325512165158456
2228,2229,Title 2229,Movie,2003,2019-05-07,TV-PG,118.0,3.0,Action,United States,Korean,8.8,3.7,0,3902078,65.8,302443,22,2000,1,1.5-2.5 hours,0.8485133096116014
2229,2230,Title 2230,TV Show,2000,2015-09-06,TV-Y,0.0,5.0,Thriller,Japan,French,4.8,4.7,0,2192971,94.9,155920,25,2000,1,N/A,0.7085465546030252
2230,2231,Title 2231,TV Show,1989,2018-02-18,G,0.0,5.0,Drama,United Kingdom,English,6.7,4.9,1,602536,30.6,1417757,36,1980,1,N/A,0.21278064854678352
2231,2232,Title 2232,Movie,1993,2015-12-03,TV-14,89.0,0.0,Romance,France,Korean,9.2,3.5,1,1008180,66.0,927586,32,1990,0,1-1.5 hours,0.4152274158753937
2232,2233,Title 2233,TV Show,2016,2019-04-23,TV-Y,138.0,5.0,Action,India,Hindi,7.4,4.5,1,839334,55.8,1263150,9,2010,1,1.5-2.5 hours,0.3491004462262271
2233,2234,Title 2234,Movie,1997,2015-08-20,TV-PG,147.0,0.0,Crime,United Kingdom,Japanese,7.9,4.1,0,2718874,39.3,816578,28,1990,1,> 2.5 hours,0.5650322215386092
2234,2235,Title 2235,Movie,2003,2018-09-04,TV-MA,118.0,0.0,Comedy,South Korea,Japanese,6.4,3.1,1,950535,90.7,388232,22,2000,0,1.5-2.5 hours,0.5053806420967657
2235,2236,Title 2236,TV Show,1993,2016-05-06,TV-Y,0.0,5.0,Action,France,Korean,4.1,4.1,1,974909,79.3,106590,32,1990,1,N/A,0.4634367521510684
2236,2237,Title 2237,Movie,2013,2016-01-02,TV-14,120.0,0.0,Mystery,France,English,7.6,4.6,1,1662679,78.3,158114,12,2010,0,1.5-2.5 hours,0.5626025358569736
2237,2238,Title 2238,Movie,1991,2019-08-21,R,161.0,0.0,Crime,Japan,Spanish,7.5,3.6,1,3345523,87.4,1277813,34,1990,0,> 2.5 hours,0.8514298300320327
2238,2239,Title 2239,TV Show,2001,2019-09-16,TV-Y,159.0,5.0,Drama,India,Korean,4.6,4.8,0,840953,74.4,1596463,24,2000,1,> 2.5 hours,0.4237432968940665
2239,2240,Title 2240,Movie,1985,2022-01-19,R,83.0,3.0,Crime,France,English,6.5,3.5,1,2255990,58.0,1790536,40,1980,0,1-1.5 hours,0.5703994305984341
2240,2241,Title 2241,Movie,2015,2021-04-20,PG-13,87.0,4.0,Comedy,Spain,French,9.0,3.2,1,1988240,49.4,719662,10,2010,0,1-1.5 hours,0.4958368201512554
2241,2242,Title 2242,Movie,2024,2023-05-06,TV-MA,118.0,1.0,Horror,Australia,Spanish,5.1,3.3,1,1017155,72.8,846921,1,2020,0,1.5-2.5 hours,0.44377366957759135
2242,2243,Title 2243,Movie,2015,2021-09-24,TV-PG,116.0,0.0,Mystery,France,Hindi,6.5,4.7,0,714396,65.2,1934068,10,2010,1,1.5-2.5 hours,0.36795969468916045
2243,2244,Title 2244,TV Show,2001,2021-08-04,G,0.0,5.0,Sci-Fi,France,Japanese,6.5,3.8,1,2388383,60.7,843689,24,2000,1,N/A,0.6010584352106969
2244,2245,Title 2245,TV Show,1993,2016-12-18,R,0.0,5.0,Crime,Australia,Hindi,8.5,4.6,0,688637,64.2,1139007,32,1990,0,N/A,0.36009583406354373
2245,2246,Title 2246,TV Show,1995,2020-10-12,G,172.0,5.0,Comedy,Germany,German,8.5,4.1,0,769500,69.2,827018,30,1990,1,> 2.5 hours,0.39222531741962297
2246,2247,Title 2247,Movie,2015,2019-03-18,G,118.0,0.0,Action,Japan,Hindi,8.2,4.0,0,3250525,92.7,1285432,10,2010,1,1.5-2.5 hours,0.8583800908452499
2247,2248,Title 2248,Movie,2004,2019-07-29,R,85.0,0.0,Action,France,German,6.0,4.6,0,1150409,76.5,21416,21,2000,0,1-1.5 hours,0.4785618245450175
2248,2249,Title 2249,TV Show,2011,2017-08-03,G,128.0,5.0,Drama,France,Hindi,4.4,3.8,1,1009884,33.2,1284798,14,2010,1,1.5-2.5 hours,0.2842830165782956
2249,2250,Title 2250,Movie,2012,2023-06-15,TV-Y7,118.0,1.0,Mystery,India,Hindi,5.9,4.6,0,3253821,55.0,1395141,13,2010,1,1.5-2.5 hours,0.7080744922048536
2250,2251,Title 2251,Movie,2024,2016-09-08,PG-13,130.0,4.0,Action,United States,Hindi,7.7,3.2,1,3292379,70.9,1718263,1,2020,0,1.5-2.5 hours,0.7774582081100723
2251,2252,Title 2252,Movie,2015,2019-05-24,R,118.0,0.0,Sci-Fi,Germany,German,7.9,4.3,0,1177990,33.2,1706888,10,2010,0,1.5-2.5 hours,0.30949898592221126
2252,2253,Title 2253,Movie,1999,2022-05-16,TV-MA,118.0,0.0,Horror,Canada,French,9.3,4.4,0,191211,90.0,1602504,26,1990,0,1.5-2.5 hours,0.38868172887475444
2253,2254,Title 2254,TV Show,1997,2018-02-06,R,0.0,6.0,Horror,Germany,German,6.5,4.8,1,1288037,25.8,251095,28,1990,0,N/A,0.29640608131672364
2254,2255,Title 2255,TV Show,2017,2017-05-31,TV-Y,121.0,5.0,Drama,Australia,Korean,7.5,3.4,0,1847459,65.8,1150540,8,2010,1,1.5-2.5 hours,0.5403196120789332
2255,2256,Title 2256,TV Show,1982,2020-03-25,TV-Y7,162.0,4.0,Crime,India,English,7.0,4.2,0,120126,93.2,1874067,43,1980,1,> 2.5 hours,0.39081894955211127
2256,2257,Title 2257,Movie,2002,2018-10-28,R,104.0,2.0,Action,Japan,English,4.8,3.9,0,413922,74.6,1171118,23,2000,0,1.5-2.5 hours,0.36048847074329454
2257,2258,Title 2258,TV Show,2011,2017-04-15,TV-PG,83.0,2.0,Comedy,United Kingdom,French,6.5,3.8,1,755738,70.8,938375,14,2010,1,1-1.5 hours,0.3965610117427823
2258,2259,Title 2259,TV Show,2024,2022-05-11,PG-13,133.0,5.0,Romance,India,English,7.0,3.2,1,839405,94.8,1714799,1,2020,0,1.5-2.5 hours,0.5051110962555146
2259,2260,Title 2260,Movie,1995,2015-03-29,TV-Y,118.0,0.0,Horror,South Korea,Hindi,9.2,3.3,0,1595141,79.4,125937,30,1990,1,1.5-2.5 hours,0.556871807997472
2260,2261,Title 2261,Movie,1984,2022-09-01,R,163.0,6.0,Adventure,Australia,French,6.0,4.7,1,3582121,92.8,449919,41,1980,0,> 2.5 hours,0.9085196276289759
2261,2262,Title 2262,TV Show,1983,2015-08-05,TV-14,114.0,3.0,Drama,United States,English,9.4,4.5,1,395102,72.4,576466,42,1980,0,1.5-2.5 hours,0.3488654629800232
2262,2263,Title 2263,TV Show,2000,2022-05-31,PG,0.0,5.0,Crime,South Korea,German,7.0,3.8,1,3569517,69.9,981560,25,2000,1,N/A,0.8150290224298116
2263,2264,Title 2264,TV Show,2019,2016-11-24,TV-14,85.0,8.0,Thriller,South Korea,Korean,5.3,4.7,0,2031468,77.2,1018665,6,2010,0,1-1.5 hours,0.6135210379828545
2264,2265,Title 2265,TV Show,1993,2022-08-13,G,171.0,1.0,Drama,Japan,Spanish,5.1,3.2,1,789067,34.2,597715,32,1990,1,> 2.5 hours,0.2551603754910326
2265,2266,Title 2266,Movie,2018,2020-05-28,TV-MA,118.0,2.0,Comedy,Canada,Korean,4.8,4.2,0,1375215,80.4,1459153,7,2010,0,1.5-2.5 hours,0.5278828172777476
2266,2267,Title 2267,TV Show,2010,2023-11-24,G,0.0,7.0,Romance,United Kingdom,English,6.5,4.7,0,3112429,92.8,189218,15,2010,1,N/A,0.8380656338804932
2267,2268,Title 2268,TV Show,1993,2016-12-15,R,162.0,5.0,Adventure,France,French,4.1,4.7,0,234939,65.9,193126,32,1990,0,> 2.5 hours,0.298840946912604
2268,2269,Title 2269,Movie,1985,2015-12-31,PG-13,115.0,0.0,Horror,Spain,Japanese,6.4,3.7,1,3839426,20.9,1218856,40,1980,0,1.5-2.5 hours,0.6595154837675803
2269,2270,Title 2270,TV Show,1991,2021-04-10,TV-14,0.0,4.0,Mystery,France,English,9.4,4.5,1,2831455,25.4,1057086,34,1990,0,N/A,0.5263194179783994
2270,2271,Title 2271,Movie,1995,2023-08-22,TV-PG,118.0,2.0,Adventure,South Korea,German,7.7,3.9,1,2909427,37.6,1391062,30,1990,1,1.5-2.5 hours,0.5868152501419379
2271,2272,Title 2272,Movie,1996,2023-09-05,TV-Y,118.0,5.0,Horror,Germany,Korean,8.2,4.7,1,3668815,56.8,1784855,29,1990,1,1.5-2.5 hours,0.7775237633903492
2272,2273,Title 2273,Movie,2024,2015-06-25,PG-13,118.0,0.0,Thriller,Spain,Japanese,4.7,4.1,1,1740449,51.0,318738,1,2020,0,1.5-2.5 hours,0.4650680679371868
2273,2274,Title 2274,TV Show,2002,2022-10-05,G,114.0,6.0,Thriller,Japan,German,6.6,4.5,1,2102584,93.4,543974,23,2000,1,1.5-2.5 hours,0.6889884673182851
2274,2275,Title 2275,TV Show,1993,2017-07-25,TV-Y,124.0,4.0,Horror,United Kingdom,German,5.6,3.2,0,1514495,90.9,1630206,32,1990,1,1.5-2.5 hours,0.5907748747309055
2275,2276,Title 2276,Movie,1986,2019-10-01,TV-14,156.0,0.0,Mystery,Japan,Spanish,8.9,4.2,1,2445366,49.5,1290288,39,1980,0,> 2.5 hours,0.5648059087162489
2276,2277,Title 2277,TV Show,2011,2020-12-12,TV-PG,154.0,5.0,Drama,Australia,German,5.0,4.1,0,83563,79.6,92287,14,2010,1,> 2.5 hours,0.3309344844698323
2277,2278,Title 2278,TV Show,1994,2016-07-07,PG,91.0,8.0,Mystery,United States,Japanese,6.5,4.2,1,2381965,67.7,1796267,31,1990,1,1-1.5 hours,0.6280957325632646
2278,2279,Title 2279,Movie,2023,2020-04-10,PG,76.0,8.0,Action,South Korea,German,7.2,4.4,1,1642057,38.2,1110821,2,2020,1,1-1.5 hours,0.39910922735037524
2279,2280,Title 2280,Movie,1996,2018-08-09,TV-PG,130.0,0.0,Horror,Germany,Spanish,6.8,4.8,1,1635591,89.8,813169,29,1990,1,1.5-2.5 hours,0.6045393246831429
2280,2281,Title 2281,TV Show,2020,2023-03-30,TV-Y,0.0,5.0,Horror,Japan,Hindi,8.6,4.6,1,1572743,39.5,1772845,5,2020,1,N/A,0.3939120987582716
2281,2282,Title 2282,Movie,2023,2015-02-16,R,87.0,2.0,Mystery,Spain,Japanese,5.3,3.4,0,1747098,85.3,785726,2,2020,0,1-1.5 hours,0.6032654206799068
2282,2283,Title 2283,TV Show,2013,2018-01-11,TV-Y,129.0,6.0,Sci-Fi,South Korea,Hindi,6.1,4.7,1,427104,67.8,893107,12,2010,1,1.5-2.5 hours,0.3352657761808845
2283,2284,Title 2284,TV Show,1984,2015-12-09,TV-Y,0.0,5.0,Sci-Fi,United Kingdom,Japanese,8.4,3.2,0,2144100,66.6,748618,41,1980,1,N/A,0.5880158844436822
2284,2285,Title 2285,TV Show,2024,2016-04-04,R,0.0,5.0,Comedy,Germany,French,6.9,4.2,1,2464756,82.9,1665112,1,2020,0,N/A,0.701314416714646
2285,2286,Title 2286,TV Show,2006,2015-11-18,PG-13,0.0,5.0,Sci-Fi,Canada,Spanish,6.2,4.8,0,309563,57.1,838885,19,2000,0,N/A,0.2748345776950887
2286,2287,Title 2287,Movie,2002,2022-12-29,TV-14,98.0,0.0,Thriller,Canada,French,4.2,3.2,1,851650,84.0,444139,23,2000,0,1-1.5 hours,0.46374785130659113
2287,2288,Title 2288,Movie,2019,2022-09-18,TV-Y,118.0,6.0,Action,Spain,French,8.1,4.7,1,1331441,61.3,688760,6,2010,1,1.5-2.5 hours,0.44491669922092286
2288,2289,Title 2289,Movie,1993,2022-08-08,TV-14,63.0,6.0,Horror,United States,German,9.3,4.6,1,3375920,93.8,1069597,32,1990,0,1-1.5 hours,0.8815893925708295
2289,2290,Title 2290,Movie,1994,2021-01-12,G,118.0,0.0,Adventure,Canada,French,7.4,4.0,1,2962028,69.5,928990,31,1990,1,1.5-2.5 hours,0.7223054218399101
2290,2291,Title 2291,TV Show,2022,2020-01-15,PG,148.0,4.0,Thriller,South Korea,English,8.7,3.6,0,2216339,48.1,935111,3,2020,1,> 2.5 hours,0.5248517642423517
2291,2292,Title 2292,TV Show,2012,2021-09-18,PG,83.0,5.0,Comedy,United Kingdom,Japanese,6.8,3.8,1,2432815,77.3,239348,13,2010,1,1-1.5 hours,0.6741232535389472
2292,2293,Title 2293,Movie,2010,2016-10-09,R,153.0,0.0,Romance,United States,Korean,5.3,4.9,0,624395,58.2,1996199,15,2010,0,> 2.5 hours,0.32645950756364583
2293,2294,Title 2294,TV Show,2014,2018-06-01,G,0.0,5.0,Action,France,English,4.1,3.4,1,2381914,80.5,682481,11,2010,1,N/A,0.6792880825422271
2294,2295,Title 2295,TV Show,1996,2023-01-27,PG,112.0,3.0,Sci-Fi,United Kingdom,English,7.6,4.2,1,1647145,82.5,1522695,29,1990,1,1.5-2.5 hours,0.577072429449181
2295,2296,Title 2296,TV Show,2007,2020-03-18,R,0.0,5.0,Crime,South Korea,German,6.7,3.2,0,2298017,66.3,996928,18,2000,0,N/A,0.6099034979346193
2296,2297,Title 2297,Movie,1998,2018-03-05,TV-Y,118.0,0.0,Drama,South Korea,Korean,8.3,3.4,1,3623631,85.4,646074,27,1990,1,1.5-2.5 hours,0.885146144751898
2297,2298,Title 2298,Movie,2002,2016-02-05,G,118.0,0.0,Adventure,Australia,French,7.8,4.5,1,1380036,50.3,1622524,23,2000,1,1.5-2.5 hours,0.4082059692664155
2298,2299,Title 2299,Movie,2011,2016-04-14,PG-13,118.0,6.0,Horror,United States,Korean,9.4,3.6,0,3121583,24.3,1882619,14,2010,0,1.5-2.5 hours,0.5654387376565286
2299,2300,Title 2300,TV Show,2019,2017-03-16,G,0.0,5.0,Romance,United Kingdom,French,6.8,5.0,1,386059,69.7,757266,6,2010,1,N/A,0.3367090092497755
2300,2301,Title 2301,Movie,1992,2015-03-25,TV-MA,118.0,0.0,Drama,United States,Hindi,6.3,4.0,1,2455850,77.3,101414,33,1990,0,1.5-2.5 hours,0.6775785130409109
2301,2302,Title 2302,Movie,1999,2021-04-02,PG,98.0,5.0,Mystery,Spain,Spanish,5.6,4.0,1,1098783,25.5,1490851,26,1990,1,1-1.5 hours,0.26681790324923393
2302,2303,Title 2303,Movie,2014,2021-07-26,G,123.0,0.0,Mystery,India,German,6.6,3.1,1,50073,77.8,1061244,11,2010,1,1.5-2.5 hours,0.31871097065516935
2303,2304,Title 2304,Movie,1984,2020-03-22,TV-Y7,132.0,0.0,Action,United States,French,8.8,4.9,0,2958011,67.9,1456030,41,1980,1,1.5-2.5 hours,0.715302870182893
2304,2305,Title 2305,Movie,1988,2018-03-14,TV-Y,111.0,0.0,Action,Canada,French,4.2,3.3,0,2659824,28.7,1578554,37,1980,1,1.5-2.5 hours,0.5137746971804172
2305,2306,Title 2306,Movie,2008,2018-04-24,PG-13,118.0,0.0,Action,South Korea,Korean,9.4,4.1,1,1532121,60.5,588511,17,2000,0,1.5-2.5 hours,0.4718187820016505
2306,2307,Title 2307,TV Show,1985,2015-12-11,TV-14,0.0,5.0,Thriller,Australia,German,9.5,3.8,0,1228089,28.2,1718102,40,1980,0,N/A,0.29701385658810564
2307,2308,Title 2308,TV Show,2004,2023-03-04,R,62.0,5.0,Thriller,France,Japanese,7.3,3.8,0,912779,44.1,1007280,21,2000,0,1-1.5 hours,0.3133172265223729
2308,2309,Title 2309,Movie,2010,2021-01-16,TV-Y7,75.0,1.0,Mystery,Australia,French,5.8,4.3,1,649065,80.3,827462,15,2010,1,1-1.5 hours,0.41856001774004875
2309,2310,Title 2310,Movie,2001,2021-01-23,TV-Y7,118.0,0.0,Action,United Kingdom,Hindi,5.2,4.3,1,1955513,27.6,534925,24,2000,1,1.5-2.5 hours,0.4037277566513308
2310,2311,Title 2311,TV Show,1981,2023-06-27,PG-13,100.0,7.0,Adventure,Spain,English,5.5,3.3,1,2711912,54.5,1013986,44,1980,0,1-1.5 hours,0.6247879186667764
2311,2312,Title 2312,TV Show,2024,2016-03-23,R,132.0,5.0,Comedy,Spain,French,4.3,4.0,0,2566825,65.4,12641,1,2020,0,1.5-2.5 hours,0.6466248088182243
2312,2313,Title 2313,Movie,1984,2019-10-12,PG-13,118.0,0.0,Action,France,Korean,6.6,4.6,0,221859,90.5,1705784,41,1980,0,1.5-2.5 hours,0.3952789415170892
2313,2314,Title 2314,Movie,2006,2015-12-20,TV-14,115.0,0.0,Horror,United States,Japanese,4.3,3.9,1,3859794,75.3,120481,19,2000,0,1.5-2.5 hours,0.8801706921694035
2314,2315,Title 2315,Movie,2004,2015-04-14,R,118.0,2.0,Adventure,United States,Hindi,8.0,3.3,1,1530479,30.4,742034,21,2000,0,1.5-2.5 hours,0.3511724813243236
2315,2316,Title 2316,Movie,1987,2020-10-23,G,80.0,0.0,Horror,United Kingdom,German,6.0,3.6,1,585808,92.7,805394,38,1980,1,1-1.5 hours,0.45867144164646456
2316,2317,Title 2317,TV Show,1980,2018-01-02,PG,0.0,5.0,Crime,United Kingdom,French,5.1,3.4,1,181351,55.8,368755,45,1980,1,N/A,0.2504027248074932
2317,2318,Title 2318,Movie,1999,2019-05-20,PG-13,118.0,3.0,Mystery,Germany,Hindi,7.0,3.3,1,1687169,47.7,957343,26,1990,0,1.5-2.5 hours,0.4438760459591264
2318,2319,Title 2319,Movie,2023,2015-07-09,TV-14,152.0,0.0,Action,United States,Hindi,9.4,3.8,1,3813114,29.7,1719738,2,2020,0,> 2.5 hours,0.6907686729138505
2319,2320,Title 2320,Movie,2002,2021-02-09,TV-Y,118.0,0.0,Sci-Fi,United Kingdom,Japanese,7.8,4.1,0,3380807,90.0,1964070,23,2000,1,1.5-2.5 hours,0.8671224445867227
2320,2321,Title 2321,Movie,2011,2019-03-21,TV-MA,108.0,3.0,Drama,Spain,Hindi,6.7,3.1,1,3876219,64.0,279782,14,2010,0,1.5-2.5 hours,0.8374344489447346
2321,2322,Title 2322,TV Show,1990,2023-11-25,TV-Y,0.0,5.0,Action,India,Hindi,8.3,4.2,1,825200,94.1,188830,35,1990,1,N/A,0.5001803403959361
2322,2323,Title 2323,TV Show,2018,2022-05-30,TV-MA,129.0,7.0,Comedy,South Korea,Japanese,8.1,5.0,0,1007733,33.0,1503960,7,2010,0,1.5-2.5 hours,0.28316036569100567
2323,2324,Title 2324,TV Show,2003,2020-09-14,TV-PG,109.0,3.0,Crime,United States,Japanese,8.9,4.9,1,827839,60.9,1160590,22,2000,1,1.5-2.5 hours,0.36777619148452656
2324,2325,Title 2325,Movie,1990,2019-09-25,G,118.0,5.0,Action,Germany,Japanese,5.1,4.7,0,2502787,28.2,1304393,35,1990,1,1.5-2.5 hours,0.4882190824024766
2325,2326,Title 2326,Movie,2008,2015-01-10,TV-PG,118.0,4.0,Drama,South Korea,Hindi,8.7,3.5,1,2016370,59.3,1578935,17,2000,1,1.5-2.5 hours,0.5396563317549123
2326,2327,Title 2327,TV Show,2005,2017-06-20,PG-13,0.0,5.0,Drama,Canada,Hindi,5.7,3.0,0,2053728,86.7,1412485,20,2000,0,N/A,0.6548600471651297
2327,2328,Title 2328,Movie,1995,2021-03-28,PG-13,165.0,0.0,Thriller,India,Spanish,9.2,4.7,1,3600009,28.2,1405877,30,1990,0,> 2.5 hours,0.6528028350077962
2328,2329,Title 2329,Movie,2014,2018-02-27,TV-MA,69.0,5.0,Comedy,Australia,German,5.5,3.1,1,180351,40.2,950404,11,2010,0,1-1.5 hours,0.18785272439499212
2329,2330,Title 2330,TV Show,1999,2015-08-09,R,0.0,5.0,Comedy,United States,English,9.1,3.4,0,664191,71.2,124769,26,1990,0,N/A,0.384428923979541
2330,2331,Title 2331,TV Show,1982,2020-12-26,TV-14,154.0,5.0,Adventure,Australia,German,9.3,4.1,1,2433403,25.7,1719925,43,1980,0,> 2.5 hours,0.46781145378149785
2331,2332,Title 2332,TV Show,1980,2021-03-07,TV-Y7,99.0,7.0,Sci-Fi,Germany,Korean,4.8,3.4,0,2646640,54.0,1054613,45,1980,1,1-1.5 hours,0.6129970917420022
2332,2333,Title 2333,TV Show,1980,2021-03-20,PG-13,89.0,5.0,Comedy,United States,Korean,9.4,4.7,1,1093402,45.0,1589371,45,1980,0,1-1.5 hours,0.34401075102956535
2333,2334,Title 2334,Movie,1996,2021-12-02,TV-PG,118.0,0.0,Crime,Germany,Japanese,4.5,4.6,1,3541414,82.9,257268,29,1990,1,1.5-2.5 hours,0.8628135608372922
2334,2335,Title 2335,Movie,1981,2016-08-04,TV-PG,142.0,0.0,Sci-Fi,Japan,German,5.2,4.5,1,2029109,23.7,15165,44,1980,1,> 2.5 hours,0.3991671870097643
2335,2336,Title 2336,TV Show,2008,2019-03-04,TV-Y,171.0,7.0,Thriller,Germany,Hindi,6.4,4.6,1,2429231,84.8,1706005,17,2000,1,> 2.5 hours,0.7035856520605431
2336,2337,Title 2337,Movie,1999,2023-08-29,G,118.0,0.0,Comedy,United Kingdom,Spanish,9.5,3.4,1,3150754,72.8,1106148,26,1990,1,1.5-2.5 hours,0.7638143996895992
2337,2338,Title 2338,TV Show,1985,2020-04-14,TV-MA,0.0,5.0,Thriller,United Kingdom,English,6.7,4.5,0,3919899,42.3,537994,40,1980,0,N/A,0.7571864669627841
2338,2339,Title 2339,TV Show,1987,2023-04-04,TV-Y7,0.0,6.0,Drama,Australia,French,7.0,3.7,0,158507,34.8,1179499,38,1980,1,N/A,0.1629761153843173
2339,2340,Title 2340,Movie,2008,2023-06-30,TV-MA,93.0,0.0,Action,Japan,French,7.8,4.3,1,3780049,91.3,106147,17,2000,0,1-1.5 hours,0.9322089092745005
2340,2341,Title 2341,TV Show,2012,2021-04-14,PG-13,0.0,5.0,Comedy,Germany,Hindi,9.3,3.2,1,1890265,61.5,1128226,13,2010,0,N/A,0.5295405297364568
2341,2342,Title 2342,Movie,1982,2016-11-30,PG,118.0,0.0,Drama,Canada,German,8.3,4.4,1,992162,45.9,274461,43,1980,1,1.5-2.5 hours,0.3324247092679505
2342,2343,Title 2343,Movie,2014,2016-06-27,TV-Y7,102.0,5.0,Action,Australia,French,5.2,4.9,0,152299,23.3,1423696,11,2010,1,1.5-2.5 hours,0.11604491282351026
2343,2344,Title 2344,Movie,1984,2020-03-09,TV-Y,118.0,8.0,Action,South Korea,German,5.7,3.1,0,3561982,32.4,1545706,41,1980,1,1.5-2.5 hours,0.6638987693216156
2344,2345,Title 2345,Movie,2006,2016-06-23,TV-PG,118.0,0.0,Drama,United Kingdom,Spanish,4.5,3.2,1,2598359,64.9,1138435,19,2000,1,1.5-2.5 hours,0.649354921826035
2345,2346,Title 2346,TV Show,2023,2015-03-16,TV-Y,0.0,3.0,Horror,South Korea,Spanish,7.5,3.2,0,2071994,58.5,53871,2,2020,1,N/A,0.5447999546998754
2346,2347,Title 2347,Movie,1991,2022-07-25,PG-13,175.0,2.0,Sci-Fi,South Korea,Japanese,5.0,3.9,1,2241510,76.8,493996,34,1990,0,> 2.5 hours,0.6434274246254177
2347,2348,Title 2348,TV Show,1999,2021-10-05,PG,129.0,5.0,Horror,Japan,German,5.4,3.6,1,3897087,82.6,1138862,26,1990,1,1.5-2.5 hours,0.9149646575528083
2348,2349,Title 2349,TV Show,2024,2023-12-24,TV-Y7,92.0,8.0,Mystery,Australia,Japanese,8.9,4.6,1,1462716,49.8,1826216,1,2020,1,1-1.5 hours,0.4186080033720093
2349,2350,Title 2350,TV Show,1999,2015-08-24,TV-MA,96.0,3.0,Romance,Spain,Hindi,5.8,3.9,0,3590701,27.6,1502214,26,1990,0,1-1.5 hours,0.6490066311682358
2350,2351,Title 2351,TV Show,1988,2022-06-26,TV-Y7,146.0,5.0,Action,Australia,Japanese,7.1,4.0,1,3085995,79.4,1445334,37,1980,1,> 2.5 hours,0.7805005229764382
2351,2352,Title 2352,Movie,2018,2022-03-05,TV-PG,126.0,0.0,Adventure,Spain,Hindi,6.2,4.4,0,1907854,61.5,1979894,7,2010,1,1.5-2.5 hours,0.5321788869919393
2352,2353,Title 2353,Movie,1983,2021-10-30,TV-MA,118.0,1.0,Sci-Fi,Germany,Hindi,4.4,3.7,0,2529948,93.5,1252413,42,1980,0,1.5-2.5 hours,0.7534932436064199
2353,2354,Title 2354,TV Show,1998,2015-09-28,G,94.0,5.0,Action,Spain,French,6.0,3.7,1,3432518,79.7,1210051,27,1990,1,1-1.5 hours,0.8336791159175687
2354,2355,Title 2355,TV Show,2017,2017-12-28,TV-MA,0.0,1.0,Crime,United States,English,6.2,4.5,0,2645876,44.7,1433375,8,2010,0,N/A,0.5756824914268515
2355,2356,Title 2356,Movie,2006,2020-09-23,TV-14,62.0,2.0,Adventure,Germany,English,8.9,4.6,0,618905,52.1,571771,19,2000,0,1-1.5 hours,0.3012360052990146
2356,2357,Title 2357,TV Show,2024,2019-07-11,PG,0.0,5.0,Mystery,Spain,Hindi,5.8,3.0,0,226242,37.7,1425670,1,2020,1,N/A,0.18473639332508165
2357,2358,Title 2358,Movie,2022,2020-04-14,TV-14,118.0,0.0,Mystery,Canada,German,6.1,3.3,1,3272608,58.4,910490,3,2020,0,1.5-2.5 hours,0.7244925499545124
2358,2359,Title 2359,TV Show,1992,2023-09-11,TV-MA,102.0,1.0,Crime,South Korea,Spanish,8.3,3.4,1,794128,73.3,235041,33,1990,0,1.5-2.5 hours,0.41231952757870083
2359,2360,Title 2360,Movie,1992,2017-06-10,G,118.0,0.0,Drama,Germany,Japanese,8.2,3.7,1,3884581,65.9,806523,33,1990,1,1.5-2.5 hours,0.846288752394069
2360,2361,Title 2361,TV Show,2001,2021-11-03,TV-Y7,0.0,8.0,Sci-Fi,South Korea,Korean,8.4,3.6,1,178526,45.7,1900999,24,2000,1,N/A,0.20957897364217754
2361,2362,Title 2362,TV Show,2007,2015-11-04,TV-Y7,123.0,5.0,Thriller,France,Spanish,9.2,4.3,0,1523871,81.7,1798087,18,2000,1,1.5-2.5 hours,0.5553812785985162
2362,2363,Title 2363,Movie,2024,2017-01-01,TV-Y7,102.0,1.0,Sci-Fi,Australia,Spanish,8.4,4.7,0,2289241,27.9,1263816,1,2020,1,1.5-2.5 hours,0.4549870943145093
2363,2364,Title 2364,TV Show,2001,2017-11-26,G,0.0,5.0,Adventure,Spain,Korean,6.2,3.4,0,3290745,30.7,551252,24,2000,1,N/A,0.6164131074360455
2364,2365,Title 2365,TV Show,2022,2019-01-03,PG-13,0.0,7.0,Horror,South Korea,Hindi,8.5,4.1,1,1584105,50.3,62473,3,2020,0,N/A,0.43881640344510947
2365,2366,Title 2366,Movie,1998,2017-12-06,TV-MA,132.0,0.0,Thriller,Spain,Spanish,6.8,3.7,0,3058304,72.7,1484935,27,1990,0,1.5-2.5 hours,0.7495468615538692
2366,2367,Title 2367,TV Show,1987,2019-06-06,TV-14,0.0,5.0,Mystery,South Korea,Korean,5.5,4.0,1,2522437,72.1,229073,38,1980,0,N/A,0.6667665905081239
2367,2368,Title 2368,Movie,1987,2022-08-17,PG,154.0,0.0,Mystery,Canada,Japanese,5.7,4.2,0,107238,47.5,407017,38,1980,1,> 2.5 hours,0.20608574423579665
2368,2369,Title 2369,Movie,2021,2023-04-11,PG,62.0,0.0,Drama,India,French,5.2,4.8,1,3517711,72.2,1598311,4,2020,1,1-1.5 hours,0.8164581010597778
2369,2370,Title 2370,TV Show,2005,2016-02-20,TV-MA,0.0,6.0,Romance,Canada,German,4.8,3.4,1,1194080,24.5,409705,20,2000,0,N/A,0.27711249255935455
2370,2371,Title 2371,TV Show,2005,2019-01-07,TV-MA,0.0,8.0,Sci-Fi,United Kingdom,German,5.0,3.2,0,335601,41.8,888351,20,2000,0,N/A,0.2175402884357932
2371,2372,Title 2372,TV Show,2002,2021-05-30,TV-Y,171.0,8.0,Drama,Spain,German,4.3,4.3,1,2241208,72.0,829928,23,2000,1,> 2.5 hours,0.6241821245008423
2372,2373,Title 2373,TV Show,2022,2015-10-14,TV-14,84.0,5.0,Adventure,Canada,Hindi,8.9,3.8,0,181896,33.8,433781,3,2020,0,1-1.5 hours,0.1624844750323063
2373,2374,Title 2374,TV Show,1992,2022-02-19,TV-PG,96.0,5.0,Thriller,United States,Spanish,9.1,3.3,0,3620517,36.0,577685,33,1990,1,1-1.5 hours,0.6870790434673695
2374,2375,Title 2375,TV Show,2007,2023-06-19,R,0.0,7.0,Crime,Spain,Spanish,7.2,3.2,0,3560778,26.5,210883,18,2000,0,N/A,0.6401181688249642
2375,2376,Title 2376,TV Show,1988,2019-11-25,TV-PG,0.0,5.0,Action,Japan,English,8.6,4.1,1,3865555,47.3,328076,37,1980,1,N/A,0.7690348445458225
2376,2377,Title 2377,Movie,1999,2016-05-25,TV-Y7,138.0,6.0,Horror,Australia,German,5.0,3.6,0,256534,81.9,1880199,26,1990,1,1.5-2.5 hours,0.36608020582056605
2377,2378,Title 2378,TV Show,1998,2021-01-06,PG,0.0,5.0,Adventure,Australia,Hindi,9.0,5.0,0,3612820,82.7,70235,27,1990,1,N/A,0.8727244902923483
2378,2379,Title 2379,Movie,2018,2018-12-28,TV-MA,104.0,5.0,Action,United Kingdom,Korean,6.8,3.8,1,591022,84.7,1896536,7,2010,0,1.5-2.5 hours,0.4274535437972454
2379,2380,Title 2380,TV Show,1991,2019-05-17,R,60.0,5.0,Sci-Fi,United States,Hindi,4.4,3.4,0,3488531,22.8,1494720,34,1990,0,1-1.5 hours,0.6144810890229948
2380,2381,Title 2381,TV Show,1994,2018-09-17,PG-13,116.0,5.0,Crime,United Kingdom,Spanish,4.8,4.3,1,1029761,94.5,49401,31,1990,0,1.5-2.5 hours,0.5324645747775807
2381,2382,Title 2382,Movie,2010,2023-09-21,PG,118.0,0.0,Mystery,Germany,Japanese,5.7,3.5,1,2395085,57.7,667607,15,2010,1,1.5-2.5 hours,0.5900637379752794
2382,2383,Title 2383,TV Show,1993,2015-05-01,G,126.0,5.0,Drama,Spain,Japanese,4.2,4.0,0,3108901,85.5,1282503,32,1990,1,1.5-2.5 hours,0.8083364324251892
2383,2384,Title 2384,TV Show,1990,2022-05-31,TV-14,0.0,5.0,Thriller,United States,Japanese,5.7,4.0,0,1517202,87.9,196846,35,1990,0,N/A,0.5791809258475461
2384,2385,Title 2385,Movie,2005,2019-05-05,TV-PG,153.0,7.0,Drama,France,German,4.3,3.9,1,3203622,58.6,152120,20,2000,1,> 2.5 hours,0.7149446214977091
2385,2386,Title 2386,TV Show,2021,2022-09-30,PG-13,117.0,1.0,Thriller,South Korea,English,5.3,4.6,0,2370323,23.8,1740271,4,2020,0,1.5-2.5 hours,0.45074942776092636
2386,2387,Title 2387,TV Show,2006,2018-08-22,TV-MA,79.0,7.0,Romance,Japan,French,5.5,3.4,0,3830333,64.8,1719510,19,2000,0,1-1.5 hours,0.8337515300167075
2387,2388,Title 2388,TV Show,1990,2017-07-20,PG-13,163.0,8.0,Romance,Spain,Hindi,9.5,4.8,1,1988303,45.1,1114888,35,1990,0,> 2.5 hours,0.478646270177243
2388,2389,Title 2389,Movie,2017,2022-07-02,TV-Y,103.0,0.0,Drama,Japan,English,5.3,4.6,1,3903242,35.5,966265,8,2010,1,1.5-2.5 hours,0.7274879100917527
2389,2390,Title 2390,TV Show,2013,2022-03-03,G,0.0,1.0,Thriller,United States,Japanese,5.3,3.7,0,2673949,33.7,1146055,12,2010,1,N/A,0.5358934530069958
2390,2391,Title 2391,TV Show,2022,2016-08-26,G,101.0,5.0,Thriller,South Korea,Spanish,7.8,3.4,0,2477504,61.9,994952,3,2020,1,1.5-2.5 hours,0.6192266219732104
2391,2392,Title 2392,TV Show,1998,2016-10-24,R,0.0,5.0,Action,United Kingdom,Korean,8.7,3.6,0,1358776,27.8,365928,27,1990,0,N/A,0.3150169604966414
2392,2393,Title 2393,TV Show,1985,2021-08-27,TV-Y7,0.0,5.0,Drama,Spain,Hindi,6.1,3.7,0,3936450,81.6,1635824,40,1980,1,N/A,0.9168691237900904
2393,2394,Title 2394,Movie,2017,2019-02-18,PG,118.0,2.0,Comedy,South Korea,French,8.8,4.1,1,3789710,37.0,1810690,8,2010,1,1.5-2.5 hours,0.716458063259674
2394,2395,Title 2395,Movie,2021,2020-02-24,TV-PG,152.0,4.0,Sci-Fi,Japan,Spanish,5.9,3.1,0,2078270,61.2,782725,4,2020,1,> 2.5 hours,0.5565413572887326
2395,2396,Title 2396,TV Show,2007,2018-08-01,TV-Y,0.0,5.0,Mystery,India,German,5.1,4.8,1,3129636,29.4,269227,18,2000,1,N/A,0.5870466909784002
2396,2397,Title 2397,TV Show,1980,2015-05-09,PG,0.0,1.0,Romance,United States,Hindi,5.8,3.2,1,2331497,84.5,785626,45,1980,1,N/A,0.6877255117451573
2397,2398,Title 2398,Movie,2014,2019-01-27,PG,118.0,1.0,Comedy,United States,English,7.4,3.6,0,1040847,71.9,1658286,11,2010,1,1.5-2.5 hours,0.4437274793505682
2398,2399,Title 2399,Movie,2019,2016-05-20,R,118.0,8.0,Romance,Japan,Japanese,6.0,3.2,0,947024,35.5,1253318,6,2010,0,1.5-2.5 hours,0.28405399064847425
2399,2400,Title 2400,TV Show,1987,2017-02-14,G,91.0,5.0,Crime,Japan,Hindi,7.7,3.5,0,1481645,73.7,47299,38,1980,1,1-1.5 hours,0.5170473611802432
2400,2401,Title 2401,Movie,1986,2023-02-09,TV-14,111.0,0.0,Romance,Germany,Spanish,5.3,4.7,0,3841730,26.2,896473,39,1980,0,1.5-2.5 hours,0.681061084717983
2401,2402,Title 2402,TV Show,1990,2018-09-13,PG-13,144.0,5.0,Adventure,United Kingdom,Spanish,7.9,4.2,1,343315,77.9,1097041,35,1990,0,> 2.5 hours,0.363097391617827
2402,2403,Title 2403,Movie,2018,2017-05-27,TV-MA,118.0,0.0,Romance,Japan,Japanese,5.9,3.5,1,1909533,56.8,1812285,7,2010,0,1.5-2.5 hours,0.5136307376845286
2403,2404,Title 2404,Movie,1983,2021-06-15,TV-14,118.0,0.0,Action,Canada,English,6.5,4.7,0,3484385,29.0,311931,42,1980,0,1.5-2.5 hours,0.638659187312765
2404,2405,Title 2405,Movie,2004,2016-01-21,TV-14,90.0,0.0,Comedy,Australia,French,7.1,4.6,1,1497589,61.3,1228307,21,2000,0,1-1.5 hours,0.46983896775716133
2405,2406,Title 2406,Movie,1991,2017-07-21,TV-Y7,118.0,0.0,Crime,Australia,Spanish,7.8,4.5,1,2376825,35.1,994981,34,1990,1,1.5-2.5 hours,0.4969247304430088
2406,2407,Title 2407,TV Show,2005,2018-04-03,TV-Y7,0.0,1.0,Thriller,Spain,Hindi,5.3,4.7,0,180467,70.5,818876,20,2000,1,N/A,0.3090701244428422
2407,2408,Title 2408,Movie,2017,2018-01-30,TV-14,118.0,0.0,Thriller,France,Japanese,8.6,4.2,1,3834463,73.1,1480707,8,2010,0,1.5-2.5 hours,0.8675710317203372
2408,2409,Title 2409,Movie,1991,2022-02-20,G,179.0,1.0,Crime,Spain,French,8.0,4.0,1,3300112,77.1,198571,34,1990,1,> 2.5 hours,0.8034181612999436
2409,2410,Title 2410,TV Show,2022,2016-11-01,PG,0.0,4.0,Horror,Germany,English,5.3,3.7,0,3858834,87.1,584401,3,2020,1,N/A,0.9272266917734024
2410,2411,Title 2411,Movie,2016,2015-10-17,PG-13,154.0,0.0,Drama,South Korea,Spanish,9.4,3.4,1,1974262,69.1,1875976,9,2010,0,> 2.5 hours,0.5725401143853145
2411,2412,Title 2412,Movie,2003,2015-01-16,PG,118.0,7.0,Horror,France,Japanese,7.7,4.1,1,3566669,56.9,191168,22,2000,1,1.5-2.5 hours,0.7626018212550084
2412,2413,Title 2413,TV Show,1995,2020-04-29,PG,61.0,5.0,Comedy,South Korea,Spanish,6.5,4.8,0,3134130,84.1,296302,30,1990,1,1-1.5 hours,0.8065207928321803
2413,2414,Title 2414,Movie,1992,2018-01-29,PG,180.0,0.0,Romance,Australia,Hindi,4.9,4.2,1,3220044,87.5,510990,33,1990,1,> 2.5 hours,0.8330079282718028
2414,2415,Title 2415,TV Show,2004,2022-04-12,PG-13,0.0,5.0,Thriller,Australia,Spanish,6.9,4.8,0,3514949,78.6,494713,21,2000,0,N/A,0.8416437999204498
2415,2416,Title 2416,TV Show,1983,2019-11-03,PG-13,97.0,5.0,Action,Australia,Japanese,4.9,3.7,0,3623306,90.7,1349350,42,1980,0,1-1.5 hours,0.9062973946178352
2416,2417,Title 2417,TV Show,1990,2020-12-08,R,89.0,5.0,Horror,Japan,Hindi,6.4,4.4,1,1508126,93.5,13919,35,1990,0,1-1.5 hours,0.6002195221036858
2417,2418,Title 2418,TV Show,2011,2017-12-24,TV-PG,64.0,1.0,Romance,Germany,German,6.2,4.3,0,782453,38.8,953816,14,2010,1,1-1.5 hours,0.2725682727627501
2418,2419,Title 2419,Movie,1986,2017-07-13,TV-14,118.0,0.0,Mystery,Canada,Japanese,8.0,4.3,1,1913888,33.8,1752762,39,1980,0,1.5-2.5 hours,0.42228398948097107
2419,2420,Title 2420,TV Show,1990,2021-07-23,R,0.0,5.0,Drama,Spain,French,5.1,4.3,0,3108913,53.6,1466773,35,1990,0,N/A,0.6807382324301392
2420,2421,Title 2421,Movie,2007,2019-11-13,R,118.0,0.0,Crime,South Korea,Hindi,8.5,3.4,1,1501465,94.8,69768,18,2000,0,1.5-2.5 hours,0.6044203693560157
2421,2422,Title 2422,Movie,2020,2017-08-24,TV-MA,118.0,0.0,Romance,India,Korean,5.8,3.3,1,1029850,26.6,1562536,5,2020,0,1.5-2.5 hours,0.2608779248142932
2422,2423,Title 2423,Movie,2002,2017-11-28,TV-Y7,110.0,0.0,Drama,Spain,Spanish,6.4,5.0,1,1823851,73.4,964110,23,2000,1,1.5-2.5 hours,0.5671784023406065
2423,2424,Title 2424,Movie,2024,2021-10-28,TV-MA,113.0,3.0,Drama,United States,German,8.2,3.1,0,2650538,83.8,1200659,1,2020,0,1.5-2.5 hours,0.7327817933499317
2424,2425,Title 2425,Movie,2002,2022-10-01,TV-Y7,118.0,7.0,Thriller,United Kingdom,French,7.4,3.9,0,2588981,94.7,122879,23,2000,1,1.5-2.5 hours,0.7671482179575994
2425,2426,Title 2426,Movie,2007,2015-06-24,TV-PG,118.0,0.0,Thriller,France,English,5.7,3.9,0,1524513,66.5,1991899,18,2000,1,1.5-2.5 hours,0.49467757886334185
2426,2427,Title 2427,Movie,2022,2021-07-25,TV-Y,118.0,7.0,Comedy,South Korea,Korean,6.1,3.7,1,1658814,48.5,1512359,3,2020,1,1.5-2.5 hours,0.44282278426265675
2427,2428,Title 2428,Movie,2005,2018-12-23,TV-Y7,118.0,0.0,Mystery,Germany,English,5.7,4.6,0,311871,32.5,490695,20,2000,1,1.5-2.5 hours,0.17678077864714128
2428,2429,Title 2429,Movie,2004,2017-03-22,PG,118.0,0.0,Crime,Australia,Japanese,7.3,4.5,1,595117,93.6,242026,21,2000,1,1.5-2.5 hours,0.4636677954864376
2429,2430,Title 2430,Movie,2008,2022-02-19,TV-Y7,118.0,0.0,Drama,United States,Korean,5.8,4.8,0,407708,89.3,1918975,17,2000,1,1.5-2.5 hours,0.41835636818001254
2430,2431,Title 2431,TV Show,1998,2022-01-11,PG-13,0.0,6.0,Comedy,United Kingdom,German,8.0,3.8,1,1683359,80.3,46022,27,1990,0,N/A,0.5737045443874971
2431,2432,Title 2432,TV Show,2012,2022-09-09,TV-PG,133.0,5.0,Adventure,South Korea,French,7.2,4.1,1,819409,90.8,106565,13,2010,1,1.5-2.5 hours,0.486111688007142
2432,2433,Title 2433,TV Show,2015,2015-01-21,R,0.0,5.0,Horror,Canada,German,4.8,4.8,1,2482403,24.6,1818642,10,2010,0,N/A,0.47076147399405355
2433,2434,Title 2434,Movie,1993,2016-07-07,PG,118.0,0.0,Sci-Fi,Australia,German,5.7,5.0,1,2830875,67.4,1934555,32,1990,1,1.5-2.5 hours,0.6942324177391488
2434,2435,Title 2435,TV Show,1993,2015-04-01,TV-Y,143.0,5.0,Drama,South Korea,Korean,5.2,4.9,1,1669932,40.6,661694,32,1990,1,> 2.5 hours,0.4128904888488444
2435,2436,Title 2436,TV Show,2014,2022-10-29,TV-PG,118.0,7.0,Comedy,India,Hindi,6.1,4.4,1,748093,77.4,837891,11,2010,1,1.5-2.5 hours,0.4218142585892112
2436,2437,Title 2437,TV Show,2009,2015-05-19,R,0.0,6.0,Mystery,India,French,6.8,3.3,1,657559,27.2,1791533,16,2000,0,N/A,0.20743412124383342
2437,2438,Title 2438,Movie,2007,2020-11-16,G,128.0,2.0,Thriller,Germany,English,6.8,3.0,1,534645,39.4,1310555,18,2000,1,1.5-2.5 hours,0.23779697054166898
2438,2439,Title 2439,Movie,1996,2016-05-29,TV-PG,155.0,0.0,Drama,India,Hindi,8.1,4.7,1,2939197,83.8,473144,29,1990,1,> 2.5 hours,0.7760807624220967
2439,2440,Title 2440,Movie,1982,2018-07-11,TV-Y,118.0,6.0,Drama,Canada,Hindi,5.0,4.7,1,2126855,76.2,828537,43,1980,1,1.5-2.5 hours,0.6238291273301002
2440,2441,Title 2441,Movie,1995,2021-10-05,R,118.0,0.0,Romance,Germany,Spanish,9.2,4.5,1,207678,94.4,1380294,30,1990,0,1.5-2.5 hours,0.40875178566741066
2441,2442,Title 2442,TV Show,2009,2015-11-25,PG-13,0.0,5.0,Mystery,France,Japanese,5.9,3.6,0,2556963,68.3,1366858,16,2000,0,N/A,0.656745504750138
2442,2443,Title 2443,TV Show,2008,2022-11-26,TV-Y7,0.0,5.0,Crime,Canada,English,5.7,4.3,1,444490,42.7,509239,17,2000,1,N/A,0.23747368335262925
2443,2444,Title 2444,TV Show,2024,2023-05-13,TV-MA,88.0,7.0,Thriller,Germany,Korean,7.8,3.6,0,1081906,61.1,1920165,1,2020,0,1-1.5 hours,0.40668634628745226
2444,2445,Title 2445,TV Show,1994,2021-01-20,TV-Y,88.0,5.0,Drama,Canada,Japanese,8.4,3.9,1,3757046,90.8,1132830,31,1990,1,1-1.5 hours,0.9267584497857368
2445,2446,Title 2446,Movie,2004,2018-02-15,TV-MA,118.0,0.0,Horror,India,Spanish,6.1,3.8,1,3027310,68.9,1080811,21,2000,0,1.5-2.5 hours,0.729697748768809
2446,2447,Title 2447,Movie,2017,2018-09-28,TV-14,118.0,0.0,Thriller,France,Spanish,8.1,4.8,1,891551,86.1,831008,8,2010,0,1.5-2.5 hours,0.47813301776579886
2447,2448,Title 2448,Movie,2021,2019-06-08,TV-Y7,119.0,8.0,Horror,Canada,Japanese,8.9,3.5,1,2757094,21.7,1756106,4,2020,1,1.5-2.5 hours,0.5003652373044026
2448,2449,Title 2449,TV Show,2017,2021-07-04,TV-Y,0.0,5.0,Sci-Fi,France,German,8.2,4.2,1,2795505,47.7,136827,8,2010,1,N/A,0.6101269031489838
2449,2450,Title 2450,Movie,2002,2021-12-24,TV-PG,118.0,5.0,Crime,United Kingdom,Korean,4.2,3.7,0,2482607,90.1,1132287,23,2000,1,1.5-2.5 hours,0.7327920740782037
2450,2451,Title 2451,Movie,2004,2021-01-31,PG-13,84.0,0.0,Sci-Fi,Canada,Hindi,8.6,4.3,0,2506848,22.9,1788712,21,2000,0,1-1.5 hours,0.46762823407764376
2451,2452,Title 2452,TV Show,2021,2019-01-16,TV-PG,177.0,3.0,Drama,Spain,French,8.3,4.1,1,3057338,58.9,686138,4,2020,1,> 2.5 hours,0.6942019611553932
2452,2453,Title 2453,TV Show,1986,2016-11-29,G,0.0,8.0,Romance,Australia,Hindi,7.7,4.8,1,1917287,46.0,1090511,39,1980,1,N/A,0.47159384088306244
2453,2454,Title 2454,Movie,2001,2021-02-27,TV-14,159.0,0.0,Crime,India,Hindi,8.2,3.2,1,3250418,68.5,909762,24,2000,0,> 2.5 hours,0.7615640408011122
2454,2455,Title 2455,Movie,1996,2019-06-24,PG-13,118.0,0.0,Romance,South Korea,German,9.4,3.4,0,1309125,32.2,833868,29,1990,0,1.5-2.5 hours,0.3251692900155475
2455,2456,Title 2456,Movie,1997,2017-11-01,PG,157.0,0.0,Comedy,France,Hindi,6.4,4.5,0,2528486,69.0,255676,28,1990,1,> 2.5 hours,0.6552739430033432
2456,2457,Title 2457,Movie,2020,2022-01-23,R,169.0,6.0,Adventure,India,English,4.4,3.7,1,1536215,94.4,32264,5,2020,0,> 2.5 hours,0.6080328836904302
2457,2458,Title 2458,Movie,1989,2020-03-10,TV-14,118.0,0.0,Mystery,United States,Hindi,6.5,3.3,1,1264901,40.3,453043,36,1980,0,1.5-2.5 hours,0.35093567177309737
2458,2459,Title 2459,Movie,1989,2016-10-16,R,137.0,0.0,Comedy,Spain,Hindi,4.3,4.0,0,2564006,54.6,676590,36,1980,0,1.5-2.5 hours,0.6030019576553836
2459,2460,Title 2460,TV Show,1986,2018-03-26,TV-Y7,88.0,5.0,Sci-Fi,India,English,5.6,4.3,1,160996,22.2,1302791,39,1980,1,1-1.5 hours,0.11294946641103264
2460,2461,Title 2461,TV Show,2017,2021-01-22,PG,0.0,5.0,Horror,Australia,German,7.2,3.1,0,3789922,52.6,1700830,8,2010,1,N/A,0.7788898633471242
2461,2462,Title 2462,TV Show,2006,2022-05-02,PG,64.0,5.0,Sci-Fi,Spain,Spanish,5.7,3.6,0,1349870,50.4,380925,19,2000,1,1-1.5 hours,0.4040810568229063
2462,2463,Title 2463,Movie,2012,2021-02-18,PG-13,148.0,1.0,Crime,Australia,Korean,7.8,4.6,0,3448193,62.4,1781711,13,2010,0,> 2.5 hours,0.7668303723835241
2463,2464,Title 2464,TV Show,1980,2018-08-20,TV-Y7,0.0,7.0,Crime,India,German,8.5,4.0,1,2953366,39.3,1870635,45,1980,1,N/A,0.6002061182668252
2464,2465,Title 2465,Movie,2023,2015-10-31,G,170.0,0.0,Sci-Fi,Spain,Hindi,6.3,3.1,1,727999,44.6,1823610,2,2020,1,> 2.5 hours,0.2876001503004133
2465,2466,Title 2466,Movie,2013,2019-05-13,TV-14,108.0,7.0,Drama,South Korea,Spanish,9.0,3.6,0,743015,65.7,1709038,12,2010,0,1.5-2.5 hours,0.3742525564945304
2466,2467,Title 2467,TV Show,1983,2018-12-22,TV-14,0.0,8.0,Sci-Fi,South Korea,Korean,4.4,4.3,0,1121405,88.1,1547403,42,1980,0,N/A,0.5206112125808346
2467,2468,Title 2468,Movie,1996,2022-07-15,TV-Y,118.0,0.0,Crime,Australia,Korean,8.6,3.4,1,1614807,37.6,944316,29,1990,1,1.5-2.5 hours,0.3926217161097193
2468,2469,Title 2469,Movie,1983,2015-02-26,TV-PG,163.0,5.0,Crime,Australia,Korean,8.6,4.7,1,3327132,70.8,421731,42,1980,1,> 2.5 hours,0.7822711724457242
2469,2470,Title 2470,TV Show,2022,2015-06-08,TV-Y,0.0,5.0,Thriller,United Kingdom,English,5.8,4.4,0,1140562,59.3,1673473,3,2020,1,N/A,0.40828477048311884
2470,2471,Title 2471,TV Show,2005,2019-11-19,G,93.0,6.0,Action,South Korea,English,5.6,3.9,0,102385,27.8,941988,20,2000,1,1-1.5 hours,0.12655779223392866
2471,2472,Title 2472,TV Show,1983,2015-11-16,PG,147.0,5.0,Romance,South Korea,Spanish,5.7,4.8,0,2394447,62.4,407082,42,1980,1,> 2.5 hours,0.6087680377121037
2472,2473,Title 2473,Movie,1980,2021-08-19,TV-MA,135.0,0.0,Comedy,France,Hindi,8.5,3.8,0,1051548,73.2,1714786,45,1980,0,1.5-2.5 hours,0.45053263376474284
2473,2474,Title 2474,TV Show,1986,2021-01-24,G,0.0,5.0,Sci-Fi,Germany,Japanese,8.6,3.5,1,592904,64.9,1823091,39,1980,1,N/A,0.34853584457357256
2474,2475,Title 2475,TV Show,2009,2020-01-17,G,100.0,3.0,Thriller,Canada,Spanish,5.8,4.3,1,889541,27.8,428850,16,2000,1,1-1.5 hours,0.2446315169366716
2475,2476,Title 2476,Movie,1988,2015-12-28,PG-13,62.0,0.0,Drama,France,Hindi,7.3,4.1,1,3026313,84.1,187071,37,1980,0,1-1.5 hours,0.7903481983575456
2476,2477,Title 2477,TV Show,2014,2017-12-17,PG-13,129.0,6.0,Crime,Australia,German,4.8,3.7,1,2122031,23.1,569200,11,2010,0,1.5-2.5 hours,0.41070552534019467
2477,2478,Title 2478,TV Show,1987,2015-11-22,PG-13,171.0,3.0,Sci-Fi,Japan,Japanese,6.6,3.7,1,3725298,37.7,1115763,38,1980,0,> 2.5 hours,0.709596236689651
2478,2479,Title 2479,TV Show,2003,2016-10-16,PG-13,0.0,5.0,Crime,Canada,Korean,9.5,3.8,1,3989904,66.2,988152,22,2000,0,N/A,0.863287245839926
2479,2480,Title 2480,Movie,1998,2021-12-10,TV-PG,71.0,3.0,Horror,Japan,Korean,4.9,3.6,0,3594641,36.4,16550,27,1990,1,1-1.5 hours,0.6847976327934902
2480,2481,Title 2481,Movie,2015,2017-09-08,TV-14,118.0,0.0,Thriller,United States,English,9.2,4.4,0,381049,27.6,1278671,10,2010,0,1.5-2.5 hours,0.16755750718314477
2481,2482,Title 2482,Movie,2022,2018-09-20,TV-14,118.0,1.0,Sci-Fi,Australia,Japanese,8.5,4.3,1,728186,58.4,1265948,3,2020,0,1.5-2.5 hours,0.342828200377551
2482,2483,Title 2483,Movie,2006,2018-07-30,PG-13,118.0,1.0,Horror,India,German,9.3,3.9,0,3862633,74.2,429573,19,2000,0,1.5-2.5 hours,0.8761965433404941
2483,2484,Title 2484,TV Show,2011,2015-12-10,TV-PG,104.0,1.0,Adventure,Germany,French,5.0,3.8,0,944914,50.8,170669,14,2010,1,1.5-2.5 hours,0.3449374897780969
2484,2485,Title 2485,Movie,1993,2022-05-31,PG-13,177.0,2.0,Thriller,Japan,German,5.2,3.7,1,832807,72.4,1943257,32,1990,0,> 2.5 hours,0.4145213935338322
2485,2486,Title 2486,Movie,1997,2020-06-25,TV-PG,116.0,0.0,Sci-Fi,Canada,Hindi,4.1,3.6,0,3988713,84.5,624803,28,1990,1,1.5-2.5 hours,0.9363085953486372
2486,2487,Title 2487,TV Show,2007,2023-04-23,TV-Y,101.0,6.0,Sci-Fi,Australia,German,8.0,3.2,1,2535639,91.9,825877,18,2000,1,1.5-2.5 hours,0.7479468959539639
2487,2488,Title 2488,TV Show,2008,2016-09-20,R,151.0,5.0,Mystery,France,Japanese,7.5,3.5,0,1809918,37.5,1981422,17,2000,0,> 2.5 hours,0.42148844659322815
2488,2489,Title 2489,TV Show,1995,2018-11-06,TV-PG,72.0,4.0,Thriller,United Kingdom,Japanese,5.0,3.6,1,2982900,65.4,346274,30,1990,1,1-1.5 hours,0.7090362304496338
2489,2490,Title 2490,Movie,2014,2018-01-31,TV-Y,61.0,6.0,Thriller,Spain,English,8.4,4.1,0,322327,40.0,374105,11,2010,1,1-1.5 hours,0.20834918296025318
2490,2491,Title 2491,Movie,2010,2018-01-06,TV-Y7,118.0,0.0,Crime,South Korea,Hindi,5.6,4.5,1,2006945,85.3,1297945,15,2010,1,1.5-2.5 hours,0.6422425778670892
2491,2492,Title 2492,Movie,1983,2021-10-29,TV-Y7,142.0,5.0,Sci-Fi,Germany,Spanish,4.7,3.8,0,1576417,86.8,1441828,42,1980,1,> 2.5 hours,0.5836632002738007
2492,2493,Title 2493,TV Show,2016,2020-02-01,TV-Y,64.0,5.0,Romance,Germany,Hindi,6.3,4.9,1,1763867,44.2,1432206,9,2010,1,1-1.5 hours,0.4413807775971384
2493,2494,Title 2494,TV Show,1996,2019-02-05,PG,165.0,5.0,Romance,South Korea,Spanish,4.5,4.7,1,1520627,68.4,1021255,29,1990,1,> 2.5 hours,0.5016946772603625
2494,2495,Title 2495,Movie,2018,2023-03-15,PG,118.0,0.0,Romance,South Korea,French,5.4,5.0,0,1328055,86.6,531784,7,2010,1,1.5-2.5 hours,0.545608797824194
2495,2496,Title 2496,TV Show,2005,2015-11-26,PG-13,0.0,5.0,Adventure,South Korea,Hindi,6.0,4.8,0,253905,58.1,812177,20,2000,0,N/A,0.27048585473610054
2496,2497,Title 2497,TV Show,2018,2017-02-04,PG,174.0,6.0,Sci-Fi,United Kingdom,Korean,8.7,4.2,0,284067,74.0,1387772,7,2010,1,> 2.5 hours,0.3386101671779597
2497,2498,Title 2498,TV Show,2020,2019-09-12,TV-Y7,0.0,5.0,Sci-Fi,United States,French,8.4,4.2,1,725959,80.1,1508406,5,2020,1,N/A,0.42929414945891103
2498,2499,Title 2499,Movie,1983,2018-08-05,PG,98.0,2.0,Horror,United Kingdom,Spanish,6.4,3.3,1,2514002,85.4,898892,42,1980,1,1-1.5 hours,0.7187013370286769
2499,2500,Title 2500,TV Show,2009,2020-10-11,R,0.0,5.0,Mystery,France,English,8.0,4.4,0,3114171,58.6,265660,16,2000,0,N/A,0.7015269345990701
2500,2501,Title 2501,TV Show,2009,2018-07-27,TV-Y7,0.0,5.0,Thriller,United States,French,7.1,4.2,1,2287985,90.6,80621,16,2000,1,N/A,0.7055986937964079
2501,2502,Title 2502,Movie,2001,2018-06-14,TV-PG,163.0,0.0,Crime,Spain,French,5.9,4.0,1,1761997,67.2,1455485,24,2000,1,> 2.5 hours,0.5331002768257613
2502,2503,Title 2503,Movie,1990,2019-01-18,G,118.0,0.0,Mystery,South Korea,French,8.0,4.4,0,3458240,31.4,1969835,35,1990,1,1.5-2.5 hours,0.644337426527923
2503,2504,Title 2504,TV Show,1981,2023-06-24,PG,103.0,5.0,Horror,United Kingdom,Spanish,7.8,3.9,1,2142717,65.9,1267617,44,1980,1,1.5-2.5 hours,0.5850084338731931
2504,2505,Title 2505,TV Show,2023,2022-11-10,PG,0.0,5.0,Sci-Fi,India,Spanish,7.4,4.0,1,2905869,42.4,1871133,2,2020,1,N/A,0.6054815486742589
2505,2506,Title 2506,Movie,1991,2020-05-22,TV-14,118.0,4.0,Comedy,France,Hindi,7.4,3.8,1,1486997,47.9,153542,34,1990,0,1.5-2.5 hours,0.4146501633879493
2506,2507,Title 2507,Movie,2009,2020-08-06,R,118.0,0.0,Thriller,Spain,Korean,7.8,4.4,0,1677879,80.7,1833034,16,2000,0,1.5-2.5 hours,0.5744825421269908
2507,2508,Title 2508,TV Show,2015,2017-07-11,TV-Y7,0.0,1.0,Adventure,Spain,French,6.1,4.8,0,2676744,93.0,972412,10,2010,1,N/A,0.7735127041599366
2508,2509,Title 2509,TV Show,1997,2019-11-13,TV-Y7,77.0,2.0,Romance,Canada,Hindi,8.8,4.7,0,3251417,85.2,1159671,28,1990,1,1-1.5 hours,0.8285138912132008
2509,2510,Title 2510,TV Show,2005,2015-11-17,TV-MA,111.0,8.0,Adventure,Canada,Hindi,4.9,4.6,1,2138279,44.4,1190643,20,2000,0,1.5-2.5 hours,0.4983427320425131
2510,2511,Title 2511,TV Show,1986,2018-03-15,TV-14,79.0,4.0,Sci-Fi,Spain,Korean,8.9,3.0,1,2915681,54.0,1978936,39,1980,0,1-1.5 hours,0.65335335272172
2511,2512,Title 2512,Movie,1980,2020-09-02,PG,118.0,0.0,Horror,United States,Hindi,5.9,4.8,0,2064624,93.8,1968539,45,1980,1,1.5-2.5 hours,0.6848944516597419
2512,2513,Title 2513,TV Show,2005,2020-03-20,TV-Y,0.0,3.0,Comedy,Australia,Korean,4.7,3.5,0,3971126,89.3,1383843,20,2000,1,N/A,0.9528705380939797
2513,2514,Title 2514,TV Show,2002,2020-01-16,TV-PG,177.0,5.0,Drama,France,English,7.3,4.8,0,3748822,93.3,967345,23,2000,1,> 2.5 hours,0.9355248463933276
2514,2515,Title 2515,Movie,2005,2020-06-01,PG,65.0,5.0,Romance,Canada,Korean,6.1,3.4,1,363388,52.5,1755788,20,2000,1,1-1.5 hours,0.26450834989796224
2515,2516,Title 2516,TV Show,2024,2018-08-13,TV-MA,0.0,5.0,Crime,Germany,German,8.5,3.9,0,1326527,80.0,1851187,1,2020,0,N/A,0.5189795971938924
2516,2517,Title 2517,Movie,1985,2018-09-18,G,118.0,7.0,Sci-Fi,South Korea,Korean,6.4,4.5,1,2337083,85.3,168484,40,1980,1,1.5-2.5 hours,0.6917634140493887
2517,2518,Title 2518,TV Show,1985,2022-03-02,TV-Y7,0.0,2.0,Action,France,Korean,7.7,4.3,1,638700,23.3,1712967,40,1980,1,N/A,0.18900526346447455
2518,2519,Title 2519,TV Show,2023,2016-12-03,TV-PG,0.0,8.0,Comedy,Spain,Japanese,5.7,3.8,1,1099170,40.0,1608504,2,2020,1,N/A,0.3248759534088719
2519,2520,Title 2520,Movie,1987,2020-10-17,TV-14,115.0,0.0,Comedy,Spain,German,5.2,4.4,1,3999989,86.3,1347726,38,1980,0,1.5-2.5 hours,0.9452
2520,2521,Title 2521,Movie,2003,2020-04-02,PG,118.0,0.0,Thriller,India,Korean,6.1,4.1,0,463222,49.2,1673144,22,2000,1,1.5-2.5 hours,0.2662834910796005
2521,2522,Title 2522,TV Show,2001,2020-09-25,R,0.0,5.0,Adventure,Australia,Spanish,7.3,3.6,1,3480296,40.9,108474,24,2000,0,N/A,0.685645835626048
2522,2523,Title 2523,TV Show,1998,2020-10-09,TV-Y,163.0,5.0,Romance,South Korea,Japanese,7.6,4.3,1,2306016,40.5,1439097,27,1990,1,> 2.5 hours,0.5079033512342159
2523,2524,Title 2524,TV Show,2016,2015-01-24,TV-MA,0.0,5.0,Sci-Fi,Germany,Hindi,7.2,3.4,1,174220,48.2,1419762,9,2010,0,N/A,0.21893307186594765
2524,2525,Title 2525,Movie,1997,2016-08-13,G,97.0,5.0,Action,Japan,Hindi,9.4,4.4,0,1354114,38.3,1971415,28,1990,1,1-1.5 hours,0.35631765857356107
2525,2526,Title 2526,TV Show,2010,2019-10-05,PG-13,0.0,8.0,Romance,Canada,English,7.8,3.0,0,1530996,20.3,221541,15,2010,0,N/A,0.3108500315375867
2526,2527,Title 2527,Movie,2016,2021-04-23,TV-Y,66.0,0.0,Horror,India,English,9.1,4.1,1,3912082,32.9,521466,9,2010,1,1-1.5 hours,0.7184139137382628
2527,2528,Title 2528,Movie,2009,2017-03-24,PG,160.0,0.0,Action,Spain,German,4.6,3.8,1,3478887,86.2,617525,16,2000,1,> 2.5 hours,0.8666344850448339
2528,2529,Title 2529,TV Show,2021,2019-05-15,G,177.0,6.0,Mystery,Australia,Spanish,4.3,3.6,1,599497,25.7,1967521,4,2020,1,> 2.5 hours,0.19272479729319253
2529,2530,Title 2530,Movie,2012,2023-08-23,TV-Y,179.0,0.0,Mystery,United States,English,5.7,4.0,1,3982149,51.0,371735,13,2010,1,> 2.5 hours,0.8013239926409799
2530,2531,Title 2531,TV Show,1989,2016-09-30,TV-Y,146.0,1.0,Comedy,India,Hindi,4.8,4.3,1,3677473,54.2,1970182,36,1980,1,> 2.5 hours,0.7684224669617841
2531,2532,Title 2532,TV Show,2016,2016-07-06,TV-Y7,0.0,4.0,Horror,Australia,English,6.9,4.9,0,2530176,78.4,474833,9,2010,1,N/A,0.6931274437004702
2532,2533,Title 2533,TV Show,1991,2020-04-07,TV-Y,0.0,5.0,Mystery,France,English,6.9,4.7,1,2269993,38.9,710563,34,1990,1,N/A,0.4960998863746875
2533,2534,Title 2534,TV Show,2009,2020-10-14,R,174.0,5.0,Comedy,France,Korean,7.2,4.4,1,1549594,43.2,538324,16,2000,0,> 2.5 hours,0.40523973920928286
2534,2535,Title 2535,TV Show,2006,2023-04-27,G,0.0,5.0,Adventure,United Kingdom,English,8.1,4.0,1,2514440,21.1,1259720,19,2000,1,N/A,0.4615670372093524
2535,2536,Title 2536,Movie,2018,2023-04-12,PG,159.0,8.0,Sci-Fi,India,German,9.3,3.8,1,3382857,87.7,1939577,7,2010,1,> 2.5 hours,0.8582299454323499
2536,2537,Title 2537,Movie,1988,2018-08-04,PG,118.0,0.0,Comedy,France,Hindi,8.8,3.1,0,896248,71.4,839661,37,1980,1,1.5-2.5 hours,0.42003756970331674
2537,2538,Title 2538,TV Show,2000,2017-02-14,R,77.0,2.0,Sci-Fi,Spain,German,4.7,3.7,0,2615776,39.7,1800059,25,2000,0,1-1.5 hours,0.5511674790105673
2538,2539,Title 2539,TV Show,1991,2019-09-05,TV-14,0.0,3.0,Horror,France,Japanese,5.9,4.7,1,2250306,86.6,788171,34,1990,0,N/A,0.6839468282537777
2539,2540,Title 2540,Movie,2008,2015-06-25,G,115.0,3.0,Thriller,Australia,German,5.4,3.8,0,1834684,26.5,605158,17,2000,1,1.5-2.5 hours,0.38120335680923123
2540,2541,Title 2541,Movie,2012,2017-03-04,TV-Y,118.0,0.0,Romance,Japan,French,5.0,3.9,1,2493109,47.6,230916,13,2010,1,1.5-2.5 hours,0.5643673784102906
2541,2542,Title 2542,Movie,2022,2020-01-03,TV-MA,159.0,5.0,Comedy,Canada,Spanish,7.0,3.5,1,884196,62.3,1340305,3,2020,0,> 2.5 hours,0.38182976473185304
2542,2543,Title 2543,Movie,1994,2023-10-15,TV-PG,118.0,0.0,Comedy,Spain,Japanese,7.0,3.5,0,666515,57.9,42681,31,1990,1,1.5-2.5 hours,0.3315775249381936
2543,2544,Title 2544,TV Show,1981,2019-09-18,G,0.0,5.0,Sci-Fi,South Korea,Japanese,5.2,3.1,1,3802444,69.1,1460559,44,1980,1,N/A,0.8467681685124634
2544,2545,Title 2545,TV Show,2018,2015-04-11,PG-13,0.0,5.0,Mystery,Australia,French,7.9,4.2,0,1869359,42.3,955586,7,2010,0,N/A,0.44960462111270805
2545,2546,Title 2546,Movie,2023,2018-12-14,TV-MA,161.0,0.0,Mystery,Japan,French,8.0,3.9,1,1432609,76.8,1289844,2,2020,0,> 2.5 hours,0.5220919409528376
2546,2547,Title 2547,TV Show,1997,2018-05-27,R,0.0,5.0,Comedy,France,Korean,4.1,4.2,0,2674191,50.4,801913,28,1990,0,N/A,0.602729753106821
2547,2548,Title 2548,Movie,1982,2023-04-24,TV-Y,175.0,2.0,Mystery,Germany,German,6.2,4.1,1,96379,29.4,1370095,43,1980,1,> 2.5 hours,0.13205688975644683
2548,2549,Title 2549,TV Show,1986,2016-10-04,TV-14,169.0,5.0,Mystery,United Kingdom,Spanish,8.9,4.6,1,1895371,75.5,1982800,39,1980,0,> 2.5 hours,0.5863064318426876
2549,2550,Title 2550,Movie,2022,2015-10-25,PG-13,118.0,8.0,Comedy,Japan,Hindi,6.9,4.5,1,1379947,88.4,443638,3,2020,0,1.5-2.5 hours,0.5605926192297029
2550,2551,Title 2551,TV Show,1997,2016-09-10,TV-14,0.0,2.0,Adventure,France,Hindi,5.9,4.5,1,2221171,47.3,79184,28,1990,0,N/A,0.5223765662355572
2551,2552,Title 2552,Movie,2023,2022-02-24,TV-14,118.0,2.0,Adventure,Japan,Spanish,5.4,4.0,1,1783028,64.2,1793157,2,2020,0,1.5-2.5 hours,0.5242549355010726
2552,2553,Title 2553,Movie,2017,2021-05-17,TV-Y7,93.0,0.0,Drama,Japan,Japanese,5.3,3.7,1,682702,71.6,762507,8,2010,1,1-1.5 hours,0.38880558161534945
2553,2554,Title 2554,TV Show,2016,2015-08-27,PG-13,0.0,5.0,Adventure,Australia,German,4.5,4.9,1,2000507,82.4,225733,9,2010,0,N/A,0.6296768752114069
2554,2555,Title 2555,Movie,2012,2017-12-02,TV-PG,118.0,4.0,Drama,Germany,German,8.5,3.1,1,953217,34.8,688896,13,2010,1,1.5-2.5 hours,0.2821829432030938
2555,2556,Title 2556,TV Show,2023,2016-03-04,TV-Y7,126.0,5.0,Horror,France,Korean,4.5,3.3,1,2255657,62.7,1194875,2,2020,1,1.5-2.5 hours,0.5891494804610713
2556,2557,Title 2557,TV Show,2010,2019-05-16,PG-13,162.0,5.0,Crime,Germany,Korean,5.6,3.8,0,2458304,75.5,269422,15,2010,0,> 2.5 hours,0.6707466140531886
2557,2558,Title 2558,Movie,1990,2020-03-24,TV-14,84.0,7.0,Romance,India,French,4.3,4.2,1,2569286,34.9,1597622,35,1990,0,1-1.5 hours,0.5249939598333895
2558,2559,Title 2559,TV Show,1983,2020-06-08,TV-Y7,68.0,5.0,Crime,Australia,Hindi,8.3,3.0,0,1032103,55.4,81047,42,1980,1,1-1.5 hours,0.3764158757436583
2559,2560,Title 2560,TV Show,1997,2017-02-18,PG-13,164.0,3.0,Mystery,Canada,Korean,4.2,4.4,0,2641269,54.8,1166930,28,1990,0,> 2.5 hours,0.6153914395264587
2560,2561,Title 2561,TV Show,1983,2018-04-12,TV-PG,180.0,5.0,Action,Canada,Spanish,5.7,4.1,0,2770304,83.0,824702,42,1980,1,> 2.5 hours,0.7475467427535426
2561,2562,Title 2562,TV Show,2013,2015-09-27,TV-MA,0.0,4.0,Mystery,Japan,Hindi,7.2,4.0,0,1014679,78.3,917339,12,2010,0,N/A,0.46540226855623845
2562,2563,Title 2563,TV Show,2008,2022-03-11,G,61.0,5.0,Comedy,Spain,Japanese,6.3,3.8,1,1873275,37.4,880649,17,2000,1,1-1.5 hours,0.4305920227280625
2563,2564,Title 2564,Movie,2003,2017-01-31,TV-Y,118.0,0.0,Comedy,United Kingdom,Japanese,5.6,4.0,0,1130610,37.5,1754097,22,2000,1,1.5-2.5 hours,0.31959196637790754
2564,2565,Title 2565,TV Show,2001,2016-05-04,PG-13,126.0,2.0,Romance,India,German,5.5,3.3,1,1688903,74.3,430656,24,2000,0,1.5-2.5 hours,0.5505361466744034
2565,2566,Title 2566,TV Show,1981,2023-01-31,TV-PG,0.0,5.0,Thriller,Australia,Hindi,8.4,3.2,1,337347,75.5,1627368,44,1980,1,N/A,0.3526021891560202
2566,2567,Title 2567,TV Show,2023,2019-10-12,G,0.0,5.0,Thriller,Spain,English,9.4,3.6,1,851428,33.4,1936819,2,2020,1,N/A,0.26131455121501584
2567,2568,Title 2568,TV Show,1985,2019-09-05,TV-Y7,0.0,5.0,Thriller,United States,Hindi,5.9,4.4,1,1994888,50.8,1209366,40,1980,1,N/A,0.502434022893563
2568,2569,Title 2569,TV Show,2021,2023-06-05,PG-13,0.0,5.0,Adventure,United Kingdom,Korean,4.2,4.2,0,1655466,81.9,880414,4,2020,0,N/A,0.575920582881603
2569,2570,Title 2570,Movie,2004,2023-01-15,PG-13,118.0,0.0,Horror,Canada,Spanish,4.2,4.0,1,2855526,26.0,155748,21,2000,0,1.5-2.5 hours,0.5323300779077142
2570,2571,Title 2571,TV Show,2000,2017-03-09,R,67.0,5.0,Mystery,Canada,German,8.2,4.1,1,3223663,48.0,821672,25,2000,0,1-1.5 hours,0.6755507797646443
2571,2572,Title 2572,Movie,1995,2018-03-28,PG-13,100.0,0.0,Comedy,Spain,German,7.0,4.1,0,342569,68.3,1313023,30,1990,0,1-1.5 hours,0.3245854913101011
2572,2573,Title 2573,Movie,2010,2022-08-28,TV-Y,139.0,4.0,Action,India,Korean,8.3,3.6,0,3841355,77.8,371912,15,2010,1,1.5-2.5 hours,0.8874048345632951
2573,2574,Title 2574,Movie,1993,2016-12-17,R,140.0,5.0,Action,United Kingdom,Korean,7.8,3.2,0,112534,68.9,416053,32,1990,0,1.5-2.5 hours,0.29248014642040265
2574,2575,Title 2575,Movie,2018,2017-05-07,G,125.0,0.0,Action,Spain,Korean,9.0,4.8,0,3765232,49.8,1396532,7,2010,1,1.5-2.5 hours,0.7639863531624712
2575,2576,Title 2576,TV Show,2007,2020-05-10,TV-Y7,108.0,5.0,Thriller,United States,English,8.9,4.2,1,347086,94.4,1357193,18,2000,1,1.5-2.5 hours,0.4296630431733688
2576,2577,Title 2577,Movie,2011,2020-07-15,TV-Y7,118.0,0.0,Romance,Australia,Spanish,8.3,4.4,0,1102103,23.1,810527,14,2010,1,1.5-2.5 hours,0.2577159046187377
2577,2578,Title 2578,Movie,2007,2015-12-26,PG,118.0,6.0,Thriller,Spain,English,6.6,3.9,1,1636857,57.1,737808,18,2000,1,1.5-2.5 hours,0.47392922520536934
2578,2579,Title 2579,TV Show,1988,2018-08-01,PG,144.0,5.0,Comedy,Japan,Korean,5.7,4.5,1,3750240,58.3,727998,37,1980,1,> 2.5 hours,0.7957375469782542
2579,2580,Title 2580,TV Show,2024,2017-08-19,G,70.0,5.0,Mystery,France,Spanish,6.8,4.2,0,579711,38.0,10435,1,2020,1,1-1.5 hours,0.23895688913144514
2580,2581,Title 2581,TV Show,2001,2018-06-09,TV-PG,116.0,6.0,Mystery,Japan,Japanese,6.8,3.1,1,863545,61.9,577588,24,2000,1,1.5-2.5 hours,0.3771321062132921
2581,2582,Title 2582,Movie,2011,2015-11-13,TV-PG,132.0,0.0,Romance,United Kingdom,Japanese,7.4,4.8,0,1666110,36.5,1521724,14,2010,1,1.5-2.5 hours,0.395917187272265
2582,2583,Title 2583,TV Show,1984,2015-04-27,R,117.0,5.0,Horror,Germany,Korean,5.0,3.6,0,3910655,53.3,419229,41,1980,0,1.5-2.5 hours,0.7997998631496236
2583,2584,Title 2584,TV Show,2002,2023-04-13,G,147.0,6.0,Adventure,Japan,Spanish,7.6,3.3,1,981811,52.4,1114824,23,2000,1,> 2.5 hours,0.3568720549981512
2584,2585,Title 2585,Movie,1984,2020-10-04,TV-PG,118.0,8.0,Action,France,German,6.5,3.2,0,3473800,78.0,1666481,41,1980,1,1.5-2.5 hours,0.8330714329464406
2585,2586,Title 2586,TV Show,2021,2018-10-30,PG,0.0,7.0,Mystery,Japan,English,7.4,4.4,0,1744054,90.7,919249,4,2020,1,N/A,0.6244088194242534
2586,2587,Title 2587,TV Show,2011,2018-10-06,PG,109.0,3.0,Romance,Spain,French,5.3,4.4,0,1931276,35.2,820910,14,2010,1,1.5-2.5 hours,0.43049219665354077
2587,2588,Title 2588,TV Show,1989,2021-08-23,TV-14,0.0,8.0,Action,France,Korean,6.4,4.4,1,1421644,94.4,1629282,36,1980,0,N/A,0.5908471864297627
2588,2589,Title 2589,TV Show,2018,2018-08-17,TV-PG,118.0,5.0,Thriller,Australia,Korean,5.2,4.8,1,1974651,90.5,1000162,7,2010,1,1.5-2.5 hours,0.6581984645457775
2589,2590,Title 2590,Movie,1994,2021-01-19,G,128.0,5.0,Sci-Fi,Germany,Hindi,8.8,3.7,1,131814,28.4,1857211,31,1990,1,1.5-2.5 hours,0.13337215437342453
2590,2591,Title 2591,TV Show,1986,2020-06-18,TV-MA,0.0,1.0,Crime,Spain,French,6.7,4.1,1,2566939,88.4,871206,39,1980,0,N/A,0.7386419088652494
2591,2592,Title 2592,TV Show,2008,2016-05-21,R,0.0,5.0,Mystery,United States,German,5.2,4.2,0,2595622,62.3,1904749,17,2000,0,N/A,0.6385443706970194
2592,2593,Title 2593,Movie,1982,2020-05-29,PG-13,118.0,6.0,Horror,United States,Korean,4.2,5.0,0,1385092,85.9,647776,43,1980,0,1.5-2.5 hours,0.5513643713520213
2593,2594,Title 2594,TV Show,1998,2021-03-23,PG-13,117.0,5.0,Romance,United Kingdom,English,7.7,3.6,0,3692400,90.9,1444689,27,1990,0,1.5-2.5 hours,0.9174615231191886
2594,2595,Title 2595,Movie,1989,2023-02-25,TV-PG,118.0,2.0,Adventure,South Korea,German,5.2,4.9,1,3769668,84.4,830618,36,1980,1,1.5-2.5 hours,0.9030517549923263
2595,2596,Title 2596,TV Show,2007,2021-07-27,R,0.0,1.0,Horror,Japan,Korean,9.4,3.3,1,752775,50.2,549056,18,2000,0,N/A,0.3137165605205414
2596,2597,Title 2597,Movie,2008,2019-10-13,TV-Y7,118.0,6.0,Thriller,France,English,6.9,4.5,0,1886571,67.8,1987293,17,2000,1,1.5-2.5 hours,0.5541864282126776
2597,2598,Title 2598,Movie,1994,2017-09-17,TV-Y,118.0,8.0,Mystery,Spain,Hindi,5.6,4.3,0,70459,54.9,979704,31,1990,1,1.5-2.5 hours,0.2301688790644174
2598,2599,Title 2599,Movie,2014,2018-06-03,PG-13,118.0,3.0,Comedy,United States,Hindi,7.6,4.6,0,2328550,47.5,510281,11,2010,0,1.5-2.5 hours,0.5392834605295165
2599,2600,Title 2600,Movie,1985,2018-10-09,PG,118.0,0.0,Thriller,Germany,Japanese,5.5,3.1,1,3942798,38.8,1426184,40,1980,1,1.5-2.5 hours,0.7466213264086475
2600,2601,Title 2601,TV Show,1991,2023-06-19,R,0.0,5.0,Adventure,South Korea,English,8.5,3.2,1,2236758,53.1,1787692,34,1990,0,N/A,0.5479146226652123
2601,2602,Title 2602,Movie,2017,2019-04-13,G,118.0,0.0,Thriller,Germany,German,5.7,3.1,0,2666961,80.4,1282914,8,2010,1,1.5-2.5 hours,0.7216452501244379
2602,2603,Title 2603,TV Show,1992,2017-10-28,R,0.0,5.0,Romance,Japan,English,9.4,4.2,0,756496,83.3,1524971,33,1990,0,N/A,0.44667471205545817
2603,2604,Title 2604,Movie,2008,2023-01-25,TV-Y7,118.0,0.0,Horror,India,French,7.3,4.2,0,3809235,91.9,873666,17,2000,1,1.5-2.5 hours,0.9389868213137587
2604,2605,Title 2605,Movie,1998,2020-01-10,PG-13,105.0,2.0,Romance,South Korea,English,8.6,4.8,1,2819415,41.8,584080,27,1990,0,1.5-2.5 hours,0.5901134130118857
2605,2606,Title 2606,Movie,1982,2018-06-11,PG,118.0,1.0,Action,Canada,Hindi,4.4,3.9,1,2452173,68.8,1397652,43,1980,1,1.5-2.5 hours,0.6430269615241442
2606,2607,Title 2607,TV Show,1987,2018-03-01,TV-MA,0.0,5.0,Sci-Fi,India,Hindi,5.9,3.1,0,1919104,72.0,317314,38,1980,0,N/A,0.575866391632577
2607,2608,Title 2608,Movie,1987,2023-03-29,G,118.0,0.0,Horror,India,Hindi,8.1,3.4,0,2039660,34.3,1344305,38,1980,1,1.5-2.5 hours,0.44314984136206376
2608,2609,Title 2609,TV Show,1999,2023-07-24,PG,0.0,5.0,Sci-Fi,Japan,French,7.6,3.0,0,3677857,47.5,516492,26,1990,1,N/A,0.7416800671201846
2609,2610,Title 2610,TV Show,1983,2023-10-31,TV-Y7,0.0,5.0,Romance,Germany,Korean,5.1,4.6,1,2947718,45.7,639010,42,1980,1,N/A,0.6249589159370188
2610,2611,Title 2611,TV Show,2000,2020-11-29,TV-Y,0.0,5.0,Comedy,Australia,Japanese,6.0,4.6,1,3630836,93.9,1392743,25,2000,1,N/A,0.9202268977239688
2611,2612,Title 2612,TV Show,1982,2021-03-23,TV-Y7,159.0,7.0,Mystery,United States,French,5.4,5.0,1,1384622,91.9,80311,43,1980,1,> 2.5 hours,0.5752938711581457
2612,2613,Title 2613,TV Show,2024,2018-01-20,TV-Y7,98.0,5.0,Adventure,France,Korean,7.4,3.8,1,338261,81.6,1644384,1,2020,1,1-1.5 hours,0.3771392895330462
2613,2614,Title 2614,TV Show,1987,2017-07-11,PG-13,0.0,7.0,Thriller,France,French,5.9,3.0,0,1073467,55.5,1846993,38,1980,0,N/A,0.3830204928063552
2614,2615,Title 2615,TV Show,2002,2020-01-11,R,60.0,2.0,Thriller,Spain,Spanish,5.7,3.5,1,1574119,39.8,1053038,23,2000,0,1-1.5 hours,0.39531849932587315
2615,2616,Title 2616,TV Show,1995,2022-01-27,R,0.0,6.0,Sci-Fi,Spain,Korean,5.1,4.2,0,2066763,88.7,1260000,30,1990,0,N/A,0.664815302542082
2616,2617,Title 2617,TV Show,1992,2019-04-17,PG,116.0,6.0,Adventure,India,German,6.2,4.9,0,755135,40.1,87759,33,1990,1,1.5-2.5 hours,0.2736705614940441
2617,2618,Title 2618,Movie,1982,2023-08-15,TV-Y,118.0,4.0,Horror,India,German,5.1,3.2,1,1101342,59.1,1898327,43,1980,1,1.5-2.5 hours,0.40160175430482437
2618,2619,Title 2619,Movie,1988,2023-06-19,TV-Y,96.0,0.0,Mystery,Australia,Japanese,9.3,3.2,1,2069879,38.4,93949,37,1980,1,1-1.5 hours,0.46408270382743555
2619,2620,Title 2620,Movie,1993,2022-03-07,TV-MA,115.0,0.0,Crime,Japan,Hindi,4.8,4.4,1,888411,92.8,1049504,32,1990,0,1.5-2.5 hours,0.5044620164705452
2620,2621,Title 2621,Movie,1992,2018-09-20,TV-Y7,118.0,0.0,Sci-Fi,United States,French,9.0,4.3,1,3134607,23.1,672565,33,1990,1,1.5-2.5 hours,0.5625923430289433
2621,2622,Title 2622,Movie,1986,2016-12-06,TV-MA,177.0,0.0,Horror,France,English,6.4,3.5,1,1783677,33.1,1669900,39,1980,0,> 2.5 hours,0.3999522857687859
2622,2623,Title 2623,TV Show,1994,2023-02-27,TV-14,172.0,5.0,Horror,Australia,Hindi,6.1,4.6,0,671808,77.4,1681338,31,1990,0,> 2.5 hours,0.41037147712156213
2623,2624,Title 2624,TV Show,1986,2020-08-01,TV-PG,0.0,2.0,Adventure,France,Japanese,5.3,3.3,1,2408541,31.4,855863,39,1980,1,N/A,0.48688214352589465
2624,2625,Title 2625,TV Show,2017,2015-04-09,TV-Y7,81.0,7.0,Adventure,Canada,English,7.5,4.9,1,2868714,93.5,963516,8,2010,1,1-1.5 hours,0.8043082833477793
2625,2626,Title 2626,TV Show,2013,2017-11-14,TV-MA,81.0,3.0,Drama,Spain,French,7.8,3.4,1,2551668,44.1,749751,12,2010,0,1-1.5 hours,0.5591512525659446
2626,2627,Title 2627,TV Show,2020,2018-03-28,PG-13,0.0,5.0,Thriller,Canada,Hindi,6.6,3.2,1,1855516,88.9,746454,5,2020,0,N/A,0.6339281654024549
2627,2628,Title 2628,TV Show,2001,2019-07-14,TV-PG,0.0,4.0,Mystery,United States,Hindi,4.3,3.7,1,3746376,69.7,66183,24,2000,1,N/A,0.8407579453843498
2628,2629,Title 2629,TV Show,2003,2018-05-21,TV-Y,0.0,2.0,Action,United States,German,9.1,3.4,1,1890613,67.6,769639,22,2000,1,N/A,0.5539927298800071
2629,2630,Title 2630,Movie,2016,2015-10-25,TV-Y7,118.0,2.0,Sci-Fi,Japan,English,9.4,4.1,0,1722301,88.7,355309,9,2010,1,1.5-2.5 hours,0.6131458604511162
2630,2631,Title 2631,Movie,2023,2022-07-21,TV-Y7,143.0,0.0,Mystery,South Korea,Spanish,6.4,4.4,1,1280309,58.5,17769,2,2020,1,> 2.5 hours,0.42604687812891484
2631,2632,Title 2632,Movie,1980,2020-02-06,TV-Y,118.0,2.0,Drama,India,Spanish,7.4,4.0,1,3764365,50.1,1591853,45,1980,1,1.5-2.5 hours,0.7650563028048327
2632,2633,Title 2633,Movie,1989,2023-11-25,PG-13,102.0,0.0,Drama,Spain,Hindi,6.5,4.3,0,1739410,36.3,857522,36,1980,0,1.5-2.5 hours,0.40611221750859816
2633,2634,Title 2634,TV Show,2022,2018-05-19,TV-Y7,0.0,5.0,Mystery,Australia,French,5.8,3.7,1,502175,30.8,659665,3,2020,1,N/A,0.19852645714775716
2634,2635,Title 2635,TV Show,1995,2020-12-01,TV-MA,150.0,4.0,Adventure,Japan,Hindi,4.4,3.1,0,1678235,79.4,154811,30,1990,0,> 2.5 hours,0.5693359422738413
2635,2636,Title 2636,TV Show,1987,2019-02-13,TV-Y7,0.0,5.0,Horror,Australia,Japanese,6.5,4.9,0,3757489,29.6,1162899,38,1980,1,N/A,0.6820248999684749
2636,2637,Title 2637,Movie,2004,2019-09-19,TV-PG,118.0,8.0,Crime,South Korea,German,8.5,4.6,1,694593,49.6,425167,21,2000,1,1.5-2.5 hours,0.30258923652040043
2637,2638,Title 2638,TV Show,1991,2023-04-11,TV-Y7,0.0,2.0,Mystery,Japan,Japanese,4.1,3.1,1,1201454,50.7,1137044,34,1990,1,N/A,0.38301859560113793
2638,2639,Title 2639,TV Show,2004,2019-01-10,TV-MA,0.0,5.0,Sci-Fi,Germany,English,7.2,3.9,0,328438,69.8,239697,21,2000,0,N/A,0.3284658354810476
2639,2640,Title 2640,TV Show,1996,2022-04-14,G,0.0,8.0,Action,France,Japanese,8.8,4.3,1,3137748,40.9,915054,29,1990,1,N/A,0.6342634943246094
2640,2641,Title 2641,Movie,2005,2022-03-17,TV-PG,144.0,6.0,Thriller,India,Hindi,5.2,3.4,1,316827,82.9,1844778,20,2000,1,> 2.5 hours,0.37912418069149695
2641,2642,Title 2642,TV Show,1993,2017-06-27,PG,90.0,5.0,Drama,India,Japanese,5.0,4.2,1,3584617,35.6,1377191,32,1990,1,1-1.5 hours,0.6800940286585788
2642,2643,Title 2643,Movie,2020,2015-11-16,PG,140.0,0.0,Comedy,India,French,8.2,4.1,1,538016,79.2,718407,5,2020,1,1.5-2.5 hours,0.3975026219322103
2643,2644,Title 2644,Movie,2015,2022-09-08,TV-PG,154.0,2.0,Comedy,Canada,Spanish,5.4,3.4,1,3820731,83.7,52028,10,2010,1,> 2.5 hours,0.9079112260558717
2644,2645,Title 2645,Movie,2002,2023-11-18,PG-13,118.0,1.0,Horror,Spain,English,5.1,3.3,1,3753092,34.5,721675,23,2000,0,1.5-2.5 hours,0.7009653481547075
2645,2646,Title 2646,Movie,2022,2022-03-16,G,123.0,2.0,Adventure,Japan,Hindi,6.1,4.5,1,2298970,80.7,1919059,3,2020,1,1.5-2.5 hours,0.6676464483277329
2646,2647,Title 2647,TV Show,1985,2016-08-26,TV-PG,0.0,5.0,Thriller,Japan,English,6.2,3.6,0,2218864,73.5,950443,40,1980,1,N/A,0.6268305152839171
2647,2648,Title 2648,Movie,1984,2023-03-07,TV-MA,118.0,0.0,Drama,Canada,German,8.8,3.5,0,1198712,85.6,1176596,41,1980,0,1.5-2.5 hours,0.5222072944700599
2648,2649,Title 2649,Movie,2022,2021-10-01,TV-14,118.0,0.0,Comedy,United States,Japanese,7.4,4.5,0,72567,58.2,998378,3,2020,0,1.5-2.5 hours,0.24368507993396984
2649,2650,Title 2650,TV Show,2004,2022-02-02,R,0.0,5.0,Comedy,Spain,Spanish,6.2,4.5,1,1177085,37.5,577342,21,2000,0,N/A,0.32656323554889777
2650,2651,Title 2651,TV Show,1997,2015-09-17,TV-Y7,0.0,5.0,Crime,South Korea,French,6.9,3.6,0,3890735,88.4,1722772,28,1990,1,N/A,0.9372118549326011
2651,2652,Title 2652,Movie,1992,2019-07-09,G,118.0,3.0,Mystery,South Korea,English,9.2,4.7,0,328238,79.3,1193492,33,1990,1,1.5-2.5 hours,0.36643583539854735
2652,2653,Title 2653,TV Show,2022,2023-03-13,TV-MA,0.0,5.0,Romance,India,Spanish,4.6,4.4,1,3742810,21.6,282047,3,2020,0,N/A,0.6478230439133708
2653,2654,Title 2654,Movie,1993,2017-02-10,PG,118.0,7.0,Thriller,Japan,Japanese,5.1,3.7,1,3984160,90.5,1102216,32,1990,1,1.5-2.5 hours,0.9596256434705195
2654,2655,Title 2655,Movie,2007,2022-08-08,TV-PG,116.0,6.0,Romance,United Kingdom,Hindi,9.3,3.9,1,2811370,91.1,526936,18,2000,1,1.5-2.5 hours,0.7861066596933142
2655,2656,Title 2656,Movie,1997,2023-06-20,G,118.0,7.0,Action,United States,French,9.3,4.5,0,3261015,46.6,804926,28,1990,1,1.5-2.5 hours,0.6755535951723868
2656,2657,Title 2657,Movie,2007,2023-04-26,TV-Y,95.0,0.0,Adventure,Australia,French,5.0,3.4,0,1788388,20.8,89770,18,2000,1,1-1.5 hours,0.3514589377120787
2657,2658,Title 2658,TV Show,2006,2018-10-20,TV-Y7,0.0,7.0,Mystery,India,Korean,4.8,3.9,0,1179696,61.4,989715,19,2000,1,N/A,0.4225548866259382
2658,2659,Title 2659,Movie,2011,2018-08-03,R,141.0,0.0,Action,South Korea,English,6.3,4.3,0,3389646,88.5,1471936,14,2010,0,> 2.5 hours,0.8624482982328201
2659,2660,Title 2660,TV Show,1988,2018-08-27,PG,166.0,4.0,Sci-Fi,South Korea,Spanish,4.3,4.1,0,2578753,29.3,1833703,37,1980,1,> 2.5 hours,0.5040140137385377
2660,2661,Title 2661,TV Show,2019,2019-02-10,TV-PG,102.0,7.0,Drama,Spain,English,7.6,4.2,0,1629646,64.3,1213034,6,2010,1,1.5-2.5 hours,0.5016475722308237
2661,2662,Title 2662,TV Show,2011,2022-08-21,TV-Y7,0.0,7.0,Romance,United States,Hindi,4.4,4.1,0,2510676,74.9,1298768,14,2010,1,N/A,0.6762024356566981
2662,2663,Title 2663,TV Show,1999,2023-05-30,PG,0.0,5.0,Horror,United States,Hindi,4.3,3.4,1,3594060,30.1,383599,26,1990,1,N/A,0.6595104825538269
2663,2664,Title 2664,Movie,2007,2017-03-08,TV-Y,175.0,0.0,Sci-Fi,United Kingdom,Japanese,6.7,3.8,0,447599,58.5,1714271,18,2000,1,> 2.5 hours,0.3011400346350952
2664,2665,Title 2665,TV Show,2012,2015-04-24,R,0.0,5.0,Thriller,South Korea,French,9.3,4.1,0,1024680,26.7,1666662,13,2010,0,N/A,0.26050242268166235
2665,2666,Title 2666,Movie,1983,2018-08-23,R,118.0,7.0,Drama,France,French,6.3,4.6,1,1648521,61.9,1479659,42,1980,0,1.5-2.5 hours,0.49487883001678257
2666,2667,Title 2667,TV Show,2013,2023-10-03,TV-Y7,0.0,5.0,Comedy,Spain,Spanish,6.0,4.3,1,3190679,53.2,44620,12,2010,1,N/A,0.6914031661587069
2667,2668,Title 2668,TV Show,1982,2016-07-04,TV-MA,88.0,5.0,Romance,Japan,German,9.5,3.9,1,1513962,39.9,539043,43,1980,0,1-1.5 hours,0.38669492451104237
2668,2669,Title 2669,Movie,2005,2021-12-14,TV-Y7,118.0,2.0,Mystery,France,English,6.9,4.9,1,3602025,84.0,1552096,20,2000,1,1.5-2.5 hours,0.8763052358393986
2669,2670,Title 2670,Movie,1987,2023-05-04,PG,118.0,7.0,Mystery,Germany,English,6.1,3.2,1,3527159,48.6,383347,38,1980,1,1.5-2.5 hours,0.7234753049570887
2670,2671,Title 2671,Movie,1985,2018-07-05,TV-MA,118.0,4.0,Sci-Fi,Spain,Hindi,6.1,3.4,1,620908,72.5,703366,40,1980,0,1.5-2.5 hours,0.3831364561252543
2671,2672,Title 2672,TV Show,1995,2017-03-19,R,157.0,5.0,Sci-Fi,Australia,English,5.1,3.7,1,2802456,79.3,1066364,30,1990,0,> 2.5 hours,0.737569556016279
2672,2673,Title 2673,TV Show,2003,2020-03-09,TV-14,0.0,1.0,Adventure,Japan,Spanish,6.8,3.5,1,2244513,33.4,957079,22,2000,0,N/A,0.4702778758641586
2673,2674,Title 2674,Movie,2018,2017-08-07,R,148.0,0.0,Comedy,United States,Korean,6.4,4.3,0,3569238,28.9,356193,7,2010,0,> 2.5 hours,0.6509871723147239
2674,2675,Title 2675,Movie,2009,2021-05-03,TV-Y7,119.0,0.0,Crime,Japan,French,5.5,3.1,1,3465657,20.6,867100,16,2000,1,1.5-2.5 hours,0.6022499795874439
2675,2676,Title 2676,Movie,2024,2022-12-01,PG,118.0,0.0,Romance,Spain,Hindi,4.9,3.4,1,1111140,42.9,1370840,1,2020,1,1.5-2.5 hours,0.33827145834651046
2676,2677,Title 2677,Movie,1992,2016-01-08,TV-MA,87.0,0.0,Action,South Korea,French,5.7,3.6,1,3742495,81.2,1609396,33,1990,0,1-1.5 hours,0.8861757937834329
2677,2678,Title 2678,TV Show,1984,2019-06-05,TV-PG,81.0,4.0,Thriller,Germany,French,6.8,4.4,1,1286831,78.0,28909,41,1980,1,1-1.5 hours,0.5050251808192473
2678,2679,Title 2679,Movie,2004,2017-10-07,TV-MA,118.0,0.0,Romance,United States,French,4.3,4.8,1,2378073,85.4,1404986,21,2000,0,1.5-2.5 hours,0.6983119309578102
2679,2680,Title 2680,Movie,1999,2019-08-09,TV-Y,118.0,0.0,Romance,France,Korean,4.8,4.6,1,3404173,77.0,1843051,26,1990,1,1.5-2.5 hours,0.8186273542252241
2680,2681,Title 2681,Movie,1997,2015-07-28,PG-13,105.0,0.0,Comedy,Canada,English,9.2,3.4,1,2905647,21.8,535037,28,1990,0,1.5-2.5 hours,0.5230482485826835
2681,2682,Title 2682,Movie,1997,2016-12-05,PG-13,134.0,3.0,Romance,Germany,German,7.0,4.1,0,2355159,48.9,1987015,28,1990,0,1.5-2.5 hours,0.5488748215057592
2682,2683,Title 2683,TV Show,1981,2020-02-18,G,0.0,5.0,Adventure,United Kingdom,French,4.3,3.1,0,2043439,20.4,1336769,44,1980,1,N/A,0.3881166929209055
2683,2684,Title 2684,Movie,1989,2019-09-12,G,113.0,3.0,Romance,Canada,Spanish,7.8,3.6,1,3548097,22.7,664033,36,1980,1,1.5-2.5 hours,0.6230160135940374
2684,2685,Title 2685,TV Show,2024,2021-02-26,G,111.0,5.0,Horror,Australia,French,4.3,4.6,1,2631251,55.9,510015,1,2020,1,1.5-2.5 hours,0.6182887353940223
2685,2686,Title 2686,Movie,1991,2023-07-15,TV-MA,132.0,7.0,Horror,France,French,8.1,3.9,0,1506284,47.0,275059,34,1990,0,1.5-2.5 hours,0.4139432213438587
2686,2687,Title 2687,Movie,1992,2017-11-17,PG,118.0,3.0,Drama,Australia,English,8.1,3.3,1,3414235,61.9,500258,33,1990,1,1.5-2.5 hours,0.7597366583758105
2687,2688,Title 2688,TV Show,1990,2018-11-17,G,68.0,5.0,Thriller,Japan,Japanese,7.6,3.9,1,3606340,25.0,1719892,35,1990,1,1-1.5 hours,0.6409524876193409
2688,2689,Title 2689,Movie,1998,2021-03-27,TV-Y7,167.0,1.0,Horror,South Korea,Spanish,8.0,3.4,0,434228,64.1,857841,27,1990,1,> 2.5 hours,0.3215343791195425
2689,2690,Title 2690,TV Show,2014,2015-07-19,TV-MA,154.0,5.0,Thriller,Japan,English,4.5,3.8,1,340403,24.9,750624,11,2010,0,> 2.5 hours,0.15066059041662366
2690,2691,Title 2691,TV Show,2018,2021-03-25,PG,0.0,3.0,Mystery,South Korea,French,8.0,4.0,1,2473038,51.8,1459371,7,2010,1,N/A,0.5781567201309803
2691,2692,Title 2692,Movie,2005,2023-01-21,PG-13,125.0,0.0,Adventure,India,Japanese,4.8,3.7,1,1028098,46.4,1197875,20,2000,0,1.5-2.5 hours,0.3398151240915912
2692,2693,Title 2693,TV Show,1993,2022-05-26,TV-14,0.0,5.0,Comedy,India,English,5.9,4.9,1,3662434,36.8,1661109,32,1990,0,N/A,0.6965666107581796
2693,2694,Title 2694,TV Show,2024,2018-06-16,TV-Y7,62.0,4.0,Comedy,Australia,English,9.2,4.1,0,1812532,43.4,1209581,1,2020,1,1-1.5 hours,0.44548054767150613
2694,2695,Title 2695,TV Show,2023,2020-08-17,TV-PG,0.0,5.0,Horror,United Kingdom,Hindi,6.8,4.7,1,1138878,20.0,752901,2,2020,1,N/A,0.2508321697884669
2695,2696,Title 2696,TV Show,2003,2018-01-30,TV-PG,0.0,5.0,Adventure,Australia,Korean,9.3,4.5,1,3059566,44.3,905313,22,2000,1,N/A,0.6361361620744457
2696,2697,Title 2697,TV Show,2020,2017-02-24,PG,0.0,5.0,Mystery,India,Japanese,4.5,4.3,1,3314619,25.9,590165,5,2020,1,N/A,0.6007942172840975
2697,2698,Title 2698,TV Show,1980,2020-12-02,TV-Y,74.0,3.0,Action,Canada,German,6.6,4.0,0,1414249,89.1,1055107,45,1980,1,1-1.5 hours,0.5685379333793168
2698,2699,Title 2699,TV Show,2022,2020-08-07,PG,0.0,8.0,Adventure,Canada,Japanese,4.3,3.0,1,708028,25.6,1076393,3,2020,1,N/A,0.20860449206235315
2699,2700,Title 2700,TV Show,2001,2019-10-19,TV-14,117.0,5.0,Drama,United Kingdom,Korean,7.5,4.2,1,1383637,91.5,1303824,24,2000,0,1.5-2.5 hours,0.5735461207518321
2700,2701,Title 2701,Movie,2002,2021-05-24,PG-13,123.0,3.0,Comedy,United Kingdom,Korean,4.4,3.7,0,3621228,56.9,403296,23,2000,0,1.5-2.5 hours,0.7707856937606579
2701,2702,Title 2702,Movie,1998,2022-05-25,R,178.0,0.0,Drama,United Kingdom,Spanish,5.0,3.2,1,2764128,58.5,838894,27,1990,0,> 2.5 hours,0.6486203402059356
2702,2703,Title 2703,TV Show,1997,2022-05-21,PG,120.0,8.0,Comedy,Australia,Hindi,5.4,3.9,0,1798986,79.1,1146001,28,1990,1,1.5-2.5 hours,0.5862486420837658
2703,2704,Title 2704,Movie,1991,2015-11-06,PG-13,118.0,5.0,Mystery,France,Hindi,8.1,4.5,1,469219,72.2,743603,34,1990,0,1.5-2.5 hours,0.3591830435533698
2704,2705,Title 2705,TV Show,2007,2021-11-19,TV-PG,175.0,5.0,Romance,Spain,English,4.9,4.9,1,1462265,37.8,718023,18,2000,1,> 2.5 hours,0.3705403531859712
2705,2706,Title 2706,TV Show,2007,2023-04-23,PG,0.0,1.0,Crime,United States,Korean,8.7,3.7,1,2737853,21.9,589618,18,2000,1,N/A,0.49827907936746824
2706,2707,Title 2707,Movie,2012,2018-10-04,PG,118.0,0.0,Adventure,United Kingdom,Japanese,4.7,4.1,1,2000894,78.4,1274510,13,2010,1,1.5-2.5 hours,0.6137349253710449
2707,2708,Title 2708,TV Show,1998,2017-01-05,G,0.0,8.0,Adventure,United States,German,4.2,4.7,1,1769369,29.7,1188100,27,1990,1,N/A,0.3842060798667196
2708,2709,Title 2709,TV Show,2007,2023-04-18,TV-PG,144.0,1.0,Romance,France,Spanish,6.2,3.7,1,1656085,64.9,1297874,18,2000,1,> 2.5 hours,0.5080134331369411
2709,2710,Title 2710,TV Show,2016,2015-11-15,TV-Y7,92.0,8.0,Action,Spain,Japanese,9.4,3.3,0,3380556,90.7,34759,9,2010,1,1-1.5 hours,0.8698847944831848
2710,2711,Title 2711,TV Show,2005,2023-08-04,TV-Y,65.0,5.0,Comedy,United Kingdom,Hindi,4.6,3.6,1,272447,61.2,1440061,20,2000,1,1-1.5 hours,0.2856671623846966
2711,2712,Title 2712,Movie,2014,2019-09-16,R,63.0,0.0,Action,United Kingdom,English,4.6,4.8,1,3836847,41.4,1215395,11,2010,0,1-1.5 hours,0.7411286327037399
2712,2713,Title 2713,TV Show,2013,2020-06-28,PG,0.0,3.0,Adventure,United Kingdom,German,8.1,3.3,0,1470801,33.4,503562,12,2010,1,N/A,0.354220756707081
2713,2714,Title 2714,TV Show,2014,2021-04-12,PG,161.0,8.0,Horror,Canada,Korean,5.7,3.7,0,1268761,22.0,322583,11,2010,1,> 2.5 hours,0.27831467336535176
2714,2715,Title 2715,TV Show,2019,2021-03-31,TV-Y7,0.0,5.0,Horror,France,Japanese,7.9,3.9,1,2252660,66.7,513388,6,2010,1,N/A,0.6046999292248054
2715,2716,Title 2716,Movie,1995,2023-12-16,TV-Y,118.0,0.0,Sci-Fi,United States,German,5.1,4.7,0,2814890,61.8,1022551,30,1990,1,1.5-2.5 hours,0.6694346611453181
2716,2717,Title 2717,TV Show,2017,2016-01-05,TV-PG,129.0,5.0,Thriller,South Korea,Hindi,6.5,4.9,0,3388472,54.6,1225976,8,2010,1,1.5-2.5 hours,0.7266721977485439
2717,2718,Title 2718,Movie,1992,2018-12-15,PG,118.0,4.0,Horror,South Korea,Spanish,5.5,3.9,1,2291170,34.5,279937,33,1990,1,1.5-2.5 hours,0.481676445110224
2718,2719,Title 2719,Movie,2002,2020-11-18,PG-13,118.0,0.0,Horror,France,Japanese,6.5,4.9,1,1544002,37.7,1920618,23,2000,0,1.5-2.5 hours,0.3824009369025765
2719,2720,Title 2720,TV Show,2001,2021-03-05,TV-MA,180.0,6.0,Comedy,United Kingdom,Korean,8.2,3.3,1,757368,91.9,1370153,24,2000,0,> 2.5 hours,0.4812055124151592
2720,2721,Title 2721,TV Show,1995,2023-04-04,TV-Y,122.0,5.0,Sci-Fi,South Korea,Spanish,8.2,3.3,0,59103,21.5,473462,30,1990,1,1.5-2.5 hours,0.09486547438005455
2721,2722,Title 2722,Movie,2007,2018-02-21,PG,124.0,0.0,Comedy,United States,French,6.8,4.9,1,687180,47.3,1576921,18,2000,1,1.5-2.5 hours,0.2922772834625295
2722,2723,Title 2723,TV Show,2014,2016-06-09,TV-Y,0.0,7.0,Adventure,South Korea,German,9.1,4.0,1,2238731,22.9,1562957,11,2010,1,N/A,0.42741057347907707
2723,2724,Title 2724,Movie,2024,2019-07-20,R,79.0,0.0,Drama,United States,German,5.5,3.4,1,3851528,34.4,1427632,1,2020,0,1-1.5 hours,0.7153307887596692
2724,2725,Title 2725,Movie,1987,2017-05-18,PG,118.0,0.0,Action,United Kingdom,English,5.3,4.0,0,1460019,90.0,1206348,38,1980,1,1.5-2.5 hours,0.5790034522594938
2725,2726,Title 2726,TV Show,2023,2015-07-26,R,142.0,5.0,Adventure,United Kingdom,Korean,7.4,4.6,1,2214799,31.2,119795,2,2020,0,> 2.5 hours,0.4570207636070999
2726,2727,Title 2727,TV Show,2001,2023-03-10,TV-14,119.0,5.0,Drama,Australia,German,7.4,4.7,1,3494740,65.1,1077923,24,2000,0,1.5-2.5 hours,0.7846124415842143
2727,2728,Title 2728,Movie,2000,2016-03-13,TV-MA,118.0,5.0,Mystery,India,Hindi,4.3,4.7,1,2388449,46.0,1571558,25,2000,0,1.5-2.5 hours,0.542268335237922
2728,2729,Title 2729,Movie,2005,2022-06-04,TV-Y7,118.0,0.0,Mystery,Canada,French,7.3,4.1,1,3234711,67.5,234028,20,2000,1,1.5-2.5 hours,0.7552079843219569
2729,2730,Title 2730,Movie,2019,2022-03-17,R,69.0,4.0,Comedy,Spain,Hindi,6.1,4.7,0,3494108,83.9,1570365,6,2010,0,1-1.5 hours,0.8597176413235137
2730,2731,Title 2731,Movie,2000,2016-05-22,PG,118.0,0.0,Crime,Spain,Spanish,8.1,4.0,1,423352,41.5,1342703,25,2000,1,1.5-2.5 hours,0.22950297463318026
2731,2732,Title 2732,TV Show,2004,2020-03-25,G,65.0,5.0,Crime,Japan,French,8.4,4.2,1,2186393,25.9,1665460,21,2000,1,1-1.5 hours,0.4315598518895927
2732,2733,Title 2733,TV Show,2020,2018-08-26,TV-Y7,0.0,5.0,Drama,Canada,French,7.0,4.5,1,1507699,35.3,633716,5,2020,1,N/A,0.3673554719275478
2733,2734,Title 2734,TV Show,1980,2021-03-07,TV-Y7,137.0,1.0,Horror,United Kingdom,Hindi,4.0,3.9,0,333794,52.9,348162,45,1980,1,1.5-2.5 hours,0.2616692376904037
2734,2735,Title 2735,TV Show,1985,2016-09-09,TV-PG,160.0,4.0,Comedy,Spain,German,7.5,3.1,1,2539758,58.6,240489,40,1980,1,> 2.5 hours,0.615364747653056
2735,2736,Title 2736,TV Show,2002,2018-07-08,R,78.0,5.0,Drama,United States,Hindi,8.1,3.7,1,3076687,90.6,470724,23,2000,0,1-1.5 hours,0.8239043191368776
2736,2737,Title 2737,Movie,2002,2020-11-30,G,118.0,2.0,Comedy,Japan,Korean,5.4,4.2,1,1147443,21.2,1725076,23,2000,1,1.5-2.5 hours,0.25691692332153915
2737,2738,Title 2738,TV Show,2022,2018-03-27,R,74.0,5.0,Drama,South Korea,Spanish,6.6,3.4,1,3775660,76.8,1131879,3,2020,0,1-1.5 hours,0.8735505574640331
2738,2739,Title 2739,TV Show,2022,2023-02-20,TV-PG,119.0,5.0,Mystery,South Korea,Japanese,9.3,3.3,0,54460,25.4,1669006,3,2020,1,1.5-2.5 hours,0.1097690224648118
2739,2740,Title 2740,TV Show,2002,2018-02-07,TV-MA,123.0,5.0,Sci-Fi,Japan,French,5.6,3.6,1,2109030,25.8,1882490,23,2000,0,1.5-2.5 hours,0.41955536997726744
2740,2741,Title 2741,TV Show,2011,2015-08-19,PG,0.0,7.0,Comedy,India,Korean,5.2,3.1,1,81135,69.1,396446,14,2010,1,N/A,0.2885702834682795
2741,2742,Title 2742,TV Show,2009,2019-08-25,R,0.0,5.0,Sci-Fi,Germany,German,5.2,4.5,1,144832,88.2,1250365,16,2000,0,N/A,0.3745248597433643
2742,2743,Title 2743,Movie,1992,2015-06-16,TV-PG,137.0,4.0,Mystery,United States,German,7.1,3.5,0,2520394,41.6,1787133,33,1990,1,1.5-2.5 hours,0.5444601396653841
2743,2744,Title 2744,Movie,2022,2015-09-30,TV-Y,171.0,7.0,Crime,Spain,Hindi,9.2,3.2,0,3990874,40.2,410359,3,2020,1,> 2.5 hours,0.7594327462400522
2744,2745,Title 2745,Movie,1997,2018-03-31,PG,94.0,0.0,Romance,India,English,7.3,4.4,1,468497,66.3,1690115,28,1990,1,1-1.5 hours,0.33547474325554394
2745,2746,Title 2746,TV Show,2002,2018-05-01,R,90.0,5.0,Action,United States,French,5.7,4.7,0,510511,78.2,1824200,23,2000,0,1-1.5 hours,0.38937686058636667
2746,2747,Title 2747,Movie,1994,2016-11-12,TV-Y,118.0,1.0,Adventure,Australia,French,7.5,3.0,1,3523657,85.2,1178135,31,1990,1,1.5-2.5 hours,0.8693500035125097
2747,2748,Title 2748,Movie,2012,2022-12-05,PG,126.0,0.0,Action,Spain,English,7.4,3.5,0,2594516,38.7,1811636,13,2010,1,1.5-2.5 hours,0.5439784702407932
2748,2749,Title 2749,TV Show,2000,2015-05-17,TV-Y,130.0,5.0,Action,Australia,German,7.3,4.9,1,2315336,75.5,662900,25,2000,1,1.5-2.5 hours,0.6493013550787265
2749,2750,Title 2750,TV Show,2018,2021-08-25,TV-Y7,0.0,5.0,Adventure,United Kingdom,German,4.9,3.8,1,3909806,43.0,1713864,7,2010,1,N/A,0.7584725127994102
2750,2751,Title 2751,TV Show,2002,2021-07-22,R,65.0,4.0,Mystery,Canada,Japanese,7.5,4.9,1,3176540,60.9,898572,23,2000,0,1-1.5 hours,0.7200823103263534
2751,2752,Title 2752,Movie,2006,2018-11-11,TV-PG,66.0,0.0,Mystery,United Kingdom,Japanese,6.4,3.5,1,2678031,34.3,1409949,19,2000,1,1-1.5 hours,0.5389057546908254
2752,2753,Title 2753,Movie,2024,2019-10-13,PG,74.0,0.0,Crime,South Korea,French,4.1,3.4,0,2697842,31.0,1005204,1,2020,1,1-1.5 hours,0.5286774128628854
2753,2754,Title 2754,TV Show,2023,2021-02-17,R,0.0,5.0,Romance,India,Japanese,7.0,3.4,0,945058,90.1,1499148,2,2020,0,N/A,0.502159089837497
2754,2755,Title 2755,TV Show,1997,2017-02-25,PG,0.0,5.0,Thriller,Japan,Japanese,9.4,3.2,1,1696108,61.0,1054552,28,1990,1,N/A,0.498416899646474
2755,2756,Title 2756,Movie,2003,2022-08-15,PG,176.0,0.0,Action,United Kingdom,Spanish,5.9,4.8,1,2846950,20.3,1439882,22,2000,1,> 2.5 hours,0.5082436743701045
2756,2757,Title 2757,Movie,2019,2015-06-01,TV-Y,118.0,0.0,Horror,India,French,9.3,5.0,1,2415778,79.5,1613882,6,2010,1,1.5-2.5 hours,0.6803676965111654
2757,2758,Title 2758,TV Show,2021,2021-10-18,TV-Y,132.0,6.0,Action,France,German,4.5,4.9,0,272287,71.8,660160,4,2020,1,1.5-2.5 hours,0.3280431623186964
2758,2759,Title 2759,TV Show,1986,2022-01-19,G,169.0,8.0,Thriller,South Korea,German,8.0,4.7,1,3021742,44.4,1320074,39,1980,1,> 2.5 hours,0.6308625464720028
2759,2760,Title 2760,Movie,1999,2020-06-05,R,118.0,0.0,Comedy,Spain,Japanese,4.6,4.7,1,3849951,54.8,1181947,26,1990,0,1.5-2.5 hours,0.7966942381091547
2760,2761,Title 2761,TV Show,2006,2018-09-13,TV-14,73.0,6.0,Crime,India,Spanish,5.5,4.3,0,3764969,53.7,1321403,19,2000,0,1-1.5 hours,0.7795469030539833
2761,2762,Title 2762,Movie,1985,2021-11-24,PG-13,118.0,7.0,Sci-Fi,United States,Japanese,7.1,4.7,1,3138642,40.6,175815,40,1980,0,1.5-2.5 hours,0.6331975946933854
2762,2763,Title 2763,Movie,2006,2017-03-31,TV-14,118.0,0.0,Sci-Fi,Spain,Japanese,7.3,3.4,0,1061833,93.5,469055,19,2000,0,1.5-2.5 hours,0.5332753880073171
2763,2764,Title 2764,Movie,1988,2020-06-09,PG,118.0,0.0,Thriller,South Korea,Korean,8.3,3.8,0,2353099,60.8,1463981,37,1980,1,1.5-2.5 hours,0.5961658206560068
2764,2765,Title 2765,Movie,2024,2023-06-16,G,118.0,6.0,Action,United Kingdom,Korean,7.4,4.3,0,3317512,87.3,323248,1,2020,1,1.5-2.5 hours,0.8468281684774632
2765,2766,Title 2766,TV Show,2010,2015-09-22,PG,0.0,4.0,Sci-Fi,France,Spanish,7.3,4.7,0,1459928,63.9,640501,15,2010,1,N/A,0.4745898022219561
2766,2767,Title 2767,TV Show,2000,2015-06-26,TV-14,86.0,4.0,Thriller,Australia,Spanish,9.0,4.3,0,595714,71.8,243380,25,2000,0,1-1.5 hours,0.3765573457327008
2767,2768,Title 2768,Movie,2005,2021-11-09,PG,143.0,2.0,Adventure,Germany,Korean,6.5,4.7,1,1614375,22.2,1572545,20,2000,1,> 2.5 hours,0.3309569159315188
2768,2769,Title 2769,Movie,2019,2018-01-22,TV-Y,118.0,8.0,Mystery,Spain,Korean,5.2,3.9,1,3121264,58.4,1919996,6,2010,1,1.5-2.5 hours,0.7017908875249407
2769,2770,Title 2770,Movie,2024,2019-07-25,R,118.0,0.0,Drama,Spain,Korean,4.9,4.4,1,2916637,74.1,1262581,1,2020,0,1.5-2.5 hours,0.733896753116071
2770,2771,Title 2771,Movie,1992,2020-12-27,TV-14,118.0,0.0,Mystery,Japan,Korean,6.2,5.0,0,134059,29.1,60182,33,1990,0,1.5-2.5 hours,0.13650890529948959
2771,2772,Title 2772,Movie,2002,2020-03-19,PG-13,118.0,0.0,Action,United Kingdom,French,7.9,3.3,1,3069799,70.9,409042,23,2000,0,1.5-2.5 hours,0.7440711162955698
2772,2773,Title 2773,TV Show,1999,2022-12-30,PG-13,0.0,5.0,Thriller,Spain,French,4.2,4.9,1,2363322,26.3,194575,26,1990,0,N/A,0.4596992748730059
2773,2774,Title 2774,TV Show,2016,2019-09-20,TV-Y,0.0,1.0,Comedy,Japan,Japanese,4.7,4.0,1,2015873,80.5,412602,9,2010,1,N/A,0.6243817815498993
2774,2775,Title 2775,TV Show,2007,2015-11-05,R,167.0,5.0,Sci-Fi,South Korea,Hindi,4.6,4.3,0,2478979,93.3,640311,18,2000,0,> 2.5 hours,0.7450478725816496
2775,2776,Title 2776,TV Show,1996,2017-07-17,TV-MA,0.0,5.0,Sci-Fi,Spain,Japanese,7.2,4.8,1,1539606,67.0,840751,29,1990,0,N/A,0.49894153508922146
2776,2777,Title 2777,Movie,2007,2021-11-10,TV-MA,71.0,8.0,Sci-Fi,France,Spanish,5.3,3.8,0,1840245,25.8,1041907,18,2000,0,1-1.5 hours,0.37923750910315
2777,2778,Title 2778,Movie,2020,2019-10-21,TV-PG,67.0,0.0,Thriller,United States,English,4.9,3.8,1,380027,64.0,1656825,5,2020,1,1-1.5 hours,0.3130042067615686
2778,2779,Title 2779,Movie,1981,2019-12-04,TV-PG,76.0,3.0,Mystery,Germany,Hindi,7.3,4.1,0,2194600,75.6,1331832,44,1980,1,1-1.5 hours,0.6315909052749895
2779,2780,Title 2780,Movie,2004,2015-09-25,TV-14,174.0,0.0,Comedy,South Korea,English,8.2,3.0,0,1153229,90.0,961990,21,2000,0,> 2.5 hours,0.5329848257082708
2780,2781,Title 2781,Movie,2020,2021-02-21,TV-Y,118.0,0.0,Thriller,Australia,English,5.8,4.0,1,2623879,23.4,1648892,5,2020,1,1.5-2.5 hours,0.487182932353064
2781,2782,Title 2782,TV Show,1985,2016-06-09,TV-Y,0.0,1.0,Action,United Kingdom,German,7.2,3.6,1,2067473,78.1,218082,40,1980,1,N/A,0.6225218028349577
2782,2783,Title 2783,Movie,1990,2016-10-18,PG,159.0,6.0,Crime,United Kingdom,Spanish,4.5,4.9,1,3608956,29.9,126702,35,1990,1,> 2.5 hours,0.6609448886984439
2783,2784,Title 2784,TV Show,2017,2023-06-11,PG-13,76.0,6.0,Action,United Kingdom,French,9.1,3.2,0,752899,79.3,1525357,8,2010,0,1-1.5 hours,0.43013516057169154
2784,2785,Title 2785,TV Show,1985,2021-10-27,PG-13,155.0,5.0,Drama,France,Hindi,5.9,3.9,1,589008,86.7,1115262,40,1980,0,> 2.5 hours,0.4351514429664681
2785,2786,Title 2786,TV Show,2024,2018-07-02,PG-13,108.0,3.0,Crime,South Korea,Japanese,9.5,4.9,1,3221158,84.6,55284,1,2020,0,1.5-2.5 hours,0.821575028731329
2786,2787,Title 2787,TV Show,1990,2022-06-24,G,133.0,2.0,Action,Spain,Spanish,9.4,4.8,1,2377278,69.0,116840,35,1990,1,1.5-2.5 hours,0.6325926806298716
2787,2788,Title 2788,Movie,1993,2016-03-31,R,137.0,3.0,Comedy,France,Korean,8.3,4.4,1,194755,57.6,671246,32,1990,0,1.5-2.5 hours,0.25961333033665845
2788,2789,Title 2789,TV Show,1981,2015-06-02,TV-Y7,0.0,5.0,Romance,Japan,Spanish,4.1,4.2,1,3777079,85.6,1990492,44,1980,1,N/A,0.9089634080493721
2789,2790,Title 2790,TV Show,2019,2018-10-17,PG,0.0,5.0,Romance,United Kingdom,English,7.0,3.6,0,2536225,58.9,394459,6,2010,1,N/A,0.6160347961956896
2790,2791,Title 2791,TV Show,1982,2020-12-28,TV-MA,124.0,5.0,Romance,Australia,French,4.5,3.7,0,3026063,34.3,1656856,43,1980,0,1.5-2.5 hours,0.5911106982544201
2791,2792,Title 2792,Movie,2014,2023-09-13,TV-Y,93.0,0.0,Drama,Japan,Korean,8.9,3.2,0,484414,90.7,201991,11,2010,1,1-1.5 hours,0.4354622998213245
2792,2793,Title 2793,Movie,2012,2022-01-17,TV-MA,118.0,0.0,Drama,Germany,Spanish,8.3,4.6,1,1367255,48.0,39415,13,2010,0,1.5-2.5 hours,0.39708881399423845
2793,2794,Title 2794,Movie,2003,2015-11-04,G,171.0,3.0,Romance,Spain,Spanish,9.3,3.6,1,932657,66.8,159128,22,2000,1,> 2.5 hours,0.4070989347220705
2794,2795,Title 2795,TV Show,1998,2019-04-02,TV-MA,156.0,2.0,Adventure,Spain,French,7.3,4.3,1,1161978,34.9,95567,27,1990,0,> 2.5 hours,0.31389717931724315
2795,2796,Title 2796,TV Show,1997,2018-11-17,PG-13,167.0,5.0,Sci-Fi,India,English,6.9,3.7,0,835692,28.3,1605636,28,1990,0,> 2.5 hours,0.23855414472389802
2796,2797,Title 2797,Movie,2003,2021-04-18,PG,93.0,0.0,Crime,Australia,Japanese,6.9,3.9,1,3201884,61.3,51388,22,2000,1,1-1.5 hours,0.7254839207807822
2797,2798,Title 2798,TV Show,2024,2016-05-21,TV-PG,0.0,5.0,Crime,France,Korean,6.1,4.1,0,3784912,61.6,586602,1,2020,1,N/A,0.8141383612804935
2798,2799,Title 2799,Movie,2014,2019-10-02,TV-Y7,118.0,0.0,Sci-Fi,France,English,6.6,4.6,1,218476,47.7,1401036,11,2010,1,1.5-2.5 hours,0.22357149012159785
2799,2800,Title 2800,Movie,1980,2023-08-30,TV-Y,118.0,6.0,Mystery,Canada,French,7.5,3.4,0,3538433,43.4,1285112,45,1980,1,1.5-2.5 hours,0.7043664096076264
2800,2801,Title 2801,TV Show,2015,2015-07-19,G,101.0,5.0,Adventure,Germany,Spanish,9.1,3.8,1,1271924,48.1,1438318,10,2010,1,1.5-2.5 hours,0.38318912467009286
2801,2802,Title 2802,TV Show,2004,2021-09-29,TV-Y,0.0,5.0,Romance,United Kingdom,Japanese,7.3,3.3,1,1903696,79.6,608469,21,2000,1,N/A,0.6039551852767595
2802,2803,Title 2803,TV Show,2024,2015-03-12,TV-Y7,0.0,5.0,Sci-Fi,India,Hindi,8.7,3.2,0,967611,46.8,1869932,1,2020,1,N/A,0.33234204914063514
2803,2804,Title 2804,TV Show,2022,2018-09-27,TV-Y,65.0,2.0,Thriller,Japan,Hindi,8.7,4.2,0,739732,89.1,1106797,3,2020,1,1-1.5 hours,0.46736010514028914
2804,2805,Title 2805,Movie,2013,2021-02-23,R,162.0,8.0,Crime,Spain,German,6.9,3.4,1,3508932,28.5,1886389,12,2010,0,> 2.5 hours,0.6403412474384305
2805,2806,Title 2806,Movie,2004,2018-10-27,TV-Y,92.0,0.0,Thriller,Canada,Hindi,5.9,3.1,0,1163775,89.9,1937882,21,2000,1,1-1.5 hours,0.5341667300585077
2806,2807,Title 2807,Movie,1995,2020-06-30,TV-PG,118.0,4.0,Sci-Fi,Canada,French,7.5,4.8,1,1477638,71.7,246009,30,1990,1,1.5-2.5 hours,0.5084463095273513
2807,2808,Title 2808,Movie,2013,2020-01-26,PG,118.0,4.0,Sci-Fi,Germany,French,6.5,4.1,1,778817,45.8,186813,12,2010,1,1.5-2.5 hours,0.30002287126289595
2808,2809,Title 2809,Movie,2008,2020-01-30,PG,118.0,0.0,Action,United States,French,4.4,3.3,0,2798097,20.5,1663883,17,2000,1,1.5-2.5 hours,0.5017157042181866
2809,2810,Title 2810,TV Show,1998,2021-04-11,TV-MA,0.0,5.0,Action,Spain,Korean,6.1,3.1,1,599230,80.2,1861973,27,1990,0,N/A,0.41068474718305475
2810,2811,Title 2811,Movie,2002,2021-10-06,TV-14,118.0,7.0,Comedy,France,German,9.5,3.2,1,3874635,92.7,176502,23,2000,0,1.5-2.5 hours,0.9519968482913328
2811,2812,Title 2812,Movie,1998,2017-02-13,PG-13,113.0,6.0,Comedy,Japan,Korean,4.3,3.9,1,439950,93.7,1801208,27,1990,0,1.5-2.5 hours,0.4407926814798741
2812,2813,Title 2813,Movie,2004,2018-11-02,TV-Y7,115.0,0.0,Drama,United Kingdom,Japanese,7.8,4.3,1,237925,51.8,172879,21,2000,1,1.5-2.5 hours,0.24288884814433243
2813,2814,Title 2814,TV Show,1995,2019-07-14,G,0.0,7.0,Drama,United Kingdom,Hindi,8.6,4.3,0,1413466,25.3,1598830,30,1990,1,N/A,0.31322048305632844
2814,2815,Title 2815,TV Show,1988,2021-02-17,PG,172.0,2.0,Romance,Australia,Japanese,7.6,3.3,1,3948652,43.5,1587122,37,1980,1,> 2.5 hours,0.7662994288234293
2815,2816,Title 2816,TV Show,1980,2019-07-28,TV-MA,0.0,5.0,Action,United States,Hindi,7.1,4.3,1,3985081,43.2,279067,45,1980,0,N/A,0.770563793850433
2816,2817,Title 2817,TV Show,2021,2017-02-23,TV-Y,106.0,5.0,Romance,Germany,Spanish,7.9,3.8,1,2211922,27.7,1282111,4,2020,1,1.5-2.5 hours,0.44258921242033417
2817,2818,Title 2818,Movie,1998,2019-03-19,PG-13,171.0,4.0,Sci-Fi,United Kingdom,Korean,6.4,3.9,0,1717244,59.4,1691726,27,1990,0,> 2.5 hours,0.49518730836509806
2818,2819,Title 2819,Movie,2012,2020-07-31,PG-13,118.0,1.0,Romance,India,English,4.5,4.6,0,3197468,65.3,1049020,13,2010,0,1.5-2.5 hours,0.7408215189591771
2819,2820,Title 2820,TV Show,2013,2023-02-07,TV-14,0.0,5.0,Sci-Fi,United Kingdom,Japanese,9.3,3.7,0,3407431,74.7,35605,12,2010,0,N/A,0.8099160555691527
2820,2821,Title 2821,TV Show,1995,2017-03-13,R,111.0,5.0,Crime,South Korea,Spanish,6.4,3.3,1,1822290,23.8,1302121,30,1990,0,1.5-2.5 hours,0.36854425169669214
2821,2822,Title 2822,Movie,2023,2018-10-12,TV-14,132.0,0.0,Action,India,Korean,7.7,4.7,1,788633,40.7,42868,2,2020,0,1.5-2.5 hours,0.2810952753120071
2822,2823,Title 2823,Movie,2019,2023-10-22,TV-Y,118.0,0.0,Comedy,Japan,French,6.9,3.4,1,1549587,46.6,944303,6,2010,1,1.5-2.5 hours,0.41883868920639533
2823,2824,Title 2824,TV Show,1997,2020-06-01,TV-PG,172.0,5.0,Romance,Australia,German,4.3,3.6,0,1884765,86.9,85111,28,1990,1,> 2.5 hours,0.6303155274677006
2824,2825,Title 2825,TV Show,2013,2021-02-18,TV-Y7,122.0,5.0,Action,United Kingdom,Japanese,9.2,4.4,0,3857228,87.6,56210,12,2010,1,1.5-2.5 hours,0.9289857911109256
2825,2826,Title 2826,TV Show,2004,2019-10-13,PG-13,161.0,5.0,Crime,France,Korean,8.4,4.4,0,2929958,39.5,1991310,21,2000,0,> 2.5 hours,0.5974949086109986
2826,2827,Title 2827,TV Show,2024,2023-01-25,G,106.0,5.0,Thriller,India,German,4.8,4.6,1,833440,56.5,1314961,1,2020,1,1.5-2.5 hours,0.3510163437949454
2827,2828,Title 2828,Movie,1985,2016-12-31,G,83.0,7.0,Comedy,Australia,Japanese,9.4,3.4,1,1545360,51.9,1026851,40,1980,1,1-1.5 hours,0.43940463746275304
2828,2829,Title 2829,Movie,2000,2021-09-16,TV-MA,122.0,0.0,Adventure,Canada,German,8.1,3.7,0,2995464,59.5,552418,25,2000,0,1.5-2.5 hours,0.687320835632298
2829,2830,Title 2830,Movie,1985,2017-05-24,G,91.0,4.0,Horror,South Korea,Japanese,6.6,3.3,1,3304670,41.5,1155126,40,1980,1,1-1.5 hours,0.6617018631801237
2830,2831,Title 2831,TV Show,2011,2018-10-30,PG-13,92.0,5.0,Action,South Korea,Hindi,7.4,4.1,0,2370571,54.7,1734811,14,2010,0,1-1.5 hours,0.5743866278632267
2831,2832,Title 2832,TV Show,2020,2015-01-06,PG-13,115.0,4.0,Mystery,Japan,English,4.6,3.6,1,897285,30.9,1252556,5,2020,0,1.5-2.5 hours,0.25819312013108037
2832,2833,Title 2833,Movie,2022,2022-08-15,PG-13,118.0,7.0,Action,India,Japanese,7.1,4.4,1,3221188,73.2,1663027,3,2020,0,1.5-2.5 hours,0.775979528743704
2833,2834,Title 2834,Movie,2018,2019-05-03,TV-Y7,118.0,6.0,Sci-Fi,France,Korean,4.4,3.0,0,547537,47.7,558329,7,2010,1,1.5-2.5 hours,0.27293077585963366
2834,2835,Title 2835,Movie,2010,2019-07-15,PG,77.0,0.0,Adventure,United States,English,7.0,3.1,0,3464865,60.7,407659,15,2010,1,1-1.5 hours,0.762531179260743
2835,2836,Title 2836,Movie,2021,2023-03-10,R,118.0,5.0,Mystery,France,German,7.0,3.9,0,700687,65.3,805912,4,2020,0,1.5-2.5 hours,0.3663033390341824
2836,2837,Title 2837,TV Show,1989,2018-04-15,TV-Y,0.0,5.0,Romance,Australia,Hindi,8.8,4.9,0,104741,82.7,1112588,36,1980,1,N/A,0.34651119320578133
2837,2838,Title 2838,Movie,2009,2016-01-24,TV-Y,65.0,5.0,Crime,United Kingdom,Japanese,8.0,4.8,1,2097515,26.1,464699,16,2000,1,1-1.5 hours,0.41902811522731687
2838,2839,Title 2839,Movie,1997,2015-05-13,TV-MA,118.0,1.0,Mystery,Spain,English,5.4,5.0,1,2416301,56.2,800602,28,1990,0,1.5-2.5 hours,0.5872461467269036
2839,2840,Title 2840,Movie,2003,2016-12-14,TV-14,134.0,4.0,Romance,Japan,Spanish,8.9,3.8,1,1827100,87.1,767812,22,2000,0,1.5-2.5 hours,0.6224657536808227
2840,2841,Title 2841,Movie,1988,2021-02-03,TV-Y7,64.0,0.0,Romance,Spain,German,7.2,3.1,1,3091271,44.7,1573933,37,1980,1,1-1.5 hours,0.6424919251527941
2841,2842,Title 2842,Movie,2010,2020-01-13,PG,118.0,7.0,Romance,India,Spanish,7.3,3.6,0,1090194,53.3,491345,15,2010,1,1.5-2.5 hours,0.37672954970626166
2842,2843,Title 2843,Movie,1994,2021-02-12,TV-PG,118.0,0.0,Sci-Fi,United States,French,4.9,4.4,0,724306,26.4,1615669,31,1990,1,1.5-2.5 hours,0.21424619877704665
2843,2844,Title 2844,Movie,1983,2020-03-21,TV-MA,61.0,0.0,Mystery,South Korea,English,8.7,3.3,1,1673276,76.3,1493517,42,1980,0,1-1.5 hours,0.5561920902282481
2844,2845,Title 2845,TV Show,2019,2017-06-04,PG,133.0,5.0,Drama,South Korea,English,9.1,3.6,1,3142660,26.4,710197,6,2010,1,1.5-2.5 hours,0.577000296350815
2845,2846,Title 2846,TV Show,1988,2020-12-06,PG-13,130.0,8.0,Crime,Canada,English,8.3,3.1,1,3650793,67.3,1757360,37,1980,0,1.5-2.5 hours,0.8168204559562539
2846,2847,Title 2847,TV Show,2024,2021-04-18,TV-14,0.0,5.0,Thriller,Australia,French,9.2,3.9,1,1178963,48.1,14806,1,2020,0,N/A,0.3692449363235749
2847,2848,Title 2848,TV Show,1988,2020-10-19,TV-14,0.0,7.0,Action,Australia,Korean,5.7,3.4,1,1767135,45.4,178683,37,1980,0,N/A,0.4466709789451921
2848,2849,Title 2849,Movie,2005,2019-06-03,TV-Y,118.0,7.0,Sci-Fi,France,German,8.7,3.2,0,2006935,63.9,1039588,20,2000,1,1.5-2.5 hours,0.556641077862964
2849,2850,Title 2850,TV Show,1983,2019-12-12,R,152.0,5.0,Comedy,Australia,German,6.7,3.8,1,2571269,62.6,531270,42,1980,0,> 2.5 hours,0.6360914106513793
2850,2851,Title 2851,TV Show,1996,2020-05-14,R,0.0,3.0,Thriller,France,Japanese,4.9,3.7,1,3144631,50.4,1544795,29,1990,0,N/A,0.6732959471638547
2851,2852,Title 2852,Movie,1995,2017-05-29,TV-PG,115.0,1.0,Crime,France,Japanese,7.7,4.1,1,73823,40.9,656740,30,1990,1,1.5-2.5 hours,0.17467348045207123
2852,2853,Title 2853,Movie,1994,2016-07-08,TV-14,118.0,0.0,Sci-Fi,United Kingdom,Japanese,7.8,4.5,1,3460206,58.1,1075238,31,1990,0,1.5-2.5 hours,0.7514323273389001
2853,2854,Title 2854,TV Show,2014,2023-01-02,PG-13,0.0,5.0,Thriller,Japan,German,5.6,3.2,0,678822,40.0,1632469,11,2010,0,N/A,0.26182358001484507
2854,2855,Title 2855,TV Show,1984,2016-01-05,PG-13,97.0,7.0,Action,Spain,Korean,4.2,4.6,0,435409,27.7,1045405,41,1980,0,1-1.5 hours,0.1761115296067064
2855,2856,Title 2856,Movie,1984,2016-07-13,G,97.0,7.0,Romance,United Kingdom,English,5.1,3.1,1,3768216,79.9,1669487,41,1980,1,1-1.5 hours,0.8848339543933745
2856,2857,Title 2857,TV Show,1999,2020-06-09,PG-13,86.0,5.0,Adventure,United States,English,6.2,3.9,1,116138,72.7,1497920,26,1990,0,1-1.5 hours,0.3082207479070567
2857,2858,Title 2858,Movie,1994,2018-07-03,PG,118.0,4.0,Romance,United States,French,4.9,4.2,1,2474492,26.3,1734784,31,1990,1,1.5-2.5 hours,0.476374820730757
2858,2859,Title 2859,Movie,1997,2021-11-28,R,175.0,6.0,Crime,United States,Spanish,5.1,4.9,1,2982021,32.2,366721,28,1990,0,> 2.5 hours,0.5761043800870452
2859,2860,Title 2860,Movie,1981,2017-11-28,PG-13,144.0,0.0,Action,South Korea,Korean,6.2,4.1,1,3866122,27.5,1763388,44,1980,0,> 2.5 hours,0.6899198947797106
2860,2861,Title 2861,Movie,2008,2020-02-26,TV-Y7,118.0,1.0,Thriller,South Korea,Hindi,9.3,3.3,0,1475850,79.3,1690076,17,2000,1,1.5-2.5 hours,0.5385781087897992
2861,2862,Title 2862,TV Show,1992,2015-02-12,PG-13,114.0,5.0,Horror,Japan,Korean,8.2,4.0,0,2046693,78.0,16042,33,1990,0,1.5-2.5 hours,0.6190047942631842
2862,2863,Title 2863,Movie,1983,2017-05-25,G,130.0,7.0,Adventure,United States,French,5.8,3.8,0,3149883,50.6,998106,42,1980,1,1.5-2.5 hours,0.6748837493303107
2863,2864,Title 2864,Movie,2021,2018-11-24,TV-PG,97.0,8.0,Romance,India,Spanish,9.2,4.0,0,811505,81.6,134255,4,2020,1,1-1.5 hours,0.4481260847467331
2864,2865,Title 2865,TV Show,2024,2015-01-01,TV-PG,0.0,5.0,Drama,India,Spanish,7.6,3.4,1,3796376,93.0,1288146,1,2020,1,N/A,0.9414579660094067
2865,2866,Title 2866,Movie,1989,2022-07-02,TV-14,118.0,0.0,Thriller,Canada,Japanese,6.5,4.0,0,2480688,92.8,1518656,36,1980,0,1.5-2.5 hours,0.743304223286614
2866,2867,Title 2867,TV Show,2010,2023-09-09,PG-13,124.0,1.0,Romance,United Kingdom,Japanese,6.6,3.3,0,717519,93.6,1261577,15,2010,0,1.5-2.5 hours,0.48202814597740146
2867,2868,Title 2868,TV Show,2020,2021-01-03,R,150.0,5.0,Thriller,Spain,Spanish,6.3,4.5,0,2953269,83.5,260113,5,2020,0,> 2.5 hours,0.7769915682268127
2868,2869,Title 2869,TV Show,1987,2020-12-18,TV-PG,0.0,6.0,Adventure,South Korea,English,5.3,4.2,0,3853389,36.3,377581,38,1980,1,N/A,0.7232099395273337
2869,2870,Title 2870,Movie,1982,2016-08-08,TV-14,118.0,3.0,Crime,Australia,Hindi,6.1,3.2,1,990983,24.3,1642187,43,1980,0,1.5-2.5 hours,0.24584785878161167
2870,2871,Title 2871,TV Show,1988,2023-07-22,PG-13,0.0,5.0,Comedy,Spain,Spanish,6.9,4.8,0,1286641,80.9,89297,37,1980,0,N/A,0.5165966807408721
2871,2872,Title 2872,TV Show,2009,2019-03-24,TV-PG,0.0,5.0,Romance,Germany,German,6.9,4.2,1,3577010,43.1,941686,16,2000,1,N/A,0.7089529755206827
2872,2873,Title 2873,Movie,1990,2015-04-04,TV-PG,118.0,0.0,Thriller,Japan,English,8.2,3.6,0,2161225,45.3,1728330,35,1990,1,1.5-2.5 hours,0.5053846415077641
2873,2874,Title 2874,TV Show,2014,2018-01-18,PG-13,0.0,5.0,Comedy,Japan,Hindi,6.0,3.1,1,315710,25.5,1508332,11,2010,0,N/A,0.14935663023073315
2874,2875,Title 2875,TV Show,2016,2015-02-23,TV-MA,0.0,4.0,Comedy,United States,German,7.9,4.3,1,3742953,73.6,1858891,9,2010,0,N/A,0.8558444939723584
2875,2876,Title 2876,TV Show,2021,2020-12-18,PG-13,0.0,5.0,Drama,India,Hindi,7.2,3.7,1,393238,52.3,290085,4,2020,0,N/A,0.2681858622111211
2876,2877,Title 2877,TV Show,1992,2016-03-08,PG,128.0,5.0,Comedy,United States,French,9.3,4.8,1,3247356,35.3,949864,33,1990,1,1.5-2.5 hours,0.6283047395380337
2877,2878,Title 2878,TV Show,2015,2023-05-21,TV-PG,84.0,5.0,Adventure,Spain,Hindi,6.1,3.1,0,508479,68.9,1246329,10,2010,1,1-1.5 hours,0.3518720597481643
2878,2879,Title 2879,Movie,1992,2023-12-10,R,120.0,3.0,Action,India,German,9.0,3.1,0,3406396,93.5,1286845,33,1990,0,1.5-2.5 hours,0.8849608051422142
2879,2880,Title 2880,TV Show,1991,2020-07-14,TV-MA,88.0,3.0,Comedy,United States,Korean,8.5,4.9,0,3126570,57.4,111428,34,1990,0,1-1.5 hours,0.6985867897136717
2880,2881,Title 2881,TV Show,2016,2015-11-06,G,0.0,5.0,Horror,Spain,Hindi,7.5,4.9,0,2473371,65.5,1554978,9,2010,1,N/A,0.6330066702683432
2881,2882,Title 2882,Movie,1989,2021-03-10,TV-14,176.0,0.0,Thriller,Germany,Korean,7.6,3.1,0,3202848,32.2,74048,36,1980,0,> 2.5 hours,0.6092285211784332
2882,2883,Title 2883,Movie,1988,2019-06-19,PG-13,118.0,3.0,Comedy,Canada,Hindi,4.5,4.4,0,605924,32.1,721631,37,1980,0,1.5-2.5 hours,0.21928884994433734
2883,2884,Title 2884,Movie,1986,2018-07-15,R,118.0,5.0,Mystery,United Kingdom,French,9.2,3.4,1,3576570,54.4,1460512,39,1980,0,1.5-2.5 hours,0.7540869753391822
2884,2885,Title 2885,TV Show,1981,2018-05-06,G,0.0,5.0,Action,Canada,German,4.6,4.4,1,3476645,83.4,1132801,44,1980,1,N/A,0.8550981841200065
2885,2886,Title 2886,Movie,2002,2018-12-08,G,118.0,0.0,Sci-Fi,Germany,Hindi,7.1,4.7,0,965929,88.2,1884558,23,2000,1,1.5-2.5 hours,0.49768974844680824
2886,2887,Title 2887,TV Show,2018,2019-11-26,TV-PG,119.0,5.0,Action,Canada,Spanish,5.8,3.2,0,723574,68.1,1041164,7,2010,1,1.5-2.5 hours,0.3809363984750958
2887,2888,Title 2888,TV Show,2019,2015-07-16,PG,0.0,5.0,Crime,Australia,French,6.4,3.5,1,2514140,47.0,245674,6,2010,1,N/A,0.5651220370856019
2888,2889,Title 2889,Movie,2018,2018-05-02,TV-PG,118.0,0.0,Sci-Fi,South Korea,Spanish,7.4,3.0,1,3019577,76.3,606970,7,2010,1,1.5-2.5 hours,0.7581377955789379
2889,2890,Title 2890,Movie,2000,2023-01-08,TV-14,155.0,0.0,Drama,South Korea,French,9.0,3.1,0,1595641,41.9,503330,25,2000,0,> 2.5 hours,0.40694680820372253
2890,2891,Title 2891,TV Show,2002,2018-11-13,TV-MA,145.0,2.0,Action,Australia,French,6.5,3.1,0,2996092,36.5,17914,23,2000,0,> 2.5 hours,0.5954150358913487
2891,2892,Title 2892,Movie,2008,2017-08-16,TV-Y7,118.0,0.0,Crime,South Korea,Japanese,9.4,4.6,1,405670,79.7,1121529,17,2000,1,1.5-2.5 hours,0.3796506673393352
2892,2893,Title 2893,TV Show,1993,2017-07-07,TV-MA,0.0,2.0,Action,Spain,Hindi,7.3,3.6,0,3128834,76.3,225837,32,1990,0,N/A,0.7745263906475743
2893,2894,Title 2894,Movie,2005,2017-10-24,TV-14,118.0,8.0,Comedy,South Korea,German,4.9,4.0,1,2954797,86.2,978781,20,2000,0,1.5-2.5 hours,0.7880207688571144
2894,2895,Title 2895,Movie,1984,2019-09-23,G,176.0,7.0,Romance,Japan,Japanese,5.0,4.6,0,1991366,63.2,1000381,41,1980,1,> 2.5 hours,0.551505721440734
2895,2896,Title 2896,Movie,2010,2021-12-15,TV-MA,118.0,8.0,Romance,Japan,German,7.9,4.0,0,866144,87.3,75129,15,2010,0,1.5-2.5 hours,0.47912195728538254
2896,2897,Title 2897,TV Show,2004,2017-06-26,PG-13,107.0,5.0,Crime,India,English,4.3,3.9,1,2657322,22.0,1860399,21,2000,0,1.5-2.5 hours,0.4865993961483394
2897,2898,Title 2898,Movie,2010,2022-04-03,TV-PG,114.0,0.0,Action,France,German,6.6,3.0,1,3106211,39.0,1566404,15,2010,1,1.5-2.5 hours,0.6219329313155612
2898,2899,Title 2899,TV Show,1999,2016-12-04,TV-Y7,178.0,3.0,Crime,Germany,Korean,4.8,4.1,1,107534,80.3,1672870,26,1990,1,> 2.5 hours,0.337330144357897
2899,2900,Title 2900,TV Show,2023,2017-09-16,R,151.0,4.0,Drama,Japan,Hindi,6.4,3.2,0,2605318,51.8,1176627,2,2020,0,> 2.5 hours,0.5979987746966304
2900,2901,Title 2901,TV Show,1996,2022-01-12,PG-13,0.0,5.0,Romance,United Kingdom,Spanish,8.1,4.5,0,2663891,38.0,1823001,29,1990,0,N/A,0.5515847488580594
2901,2902,Title 2902,TV Show,2024,2023-02-16,TV-MA,0.0,5.0,Mystery,India,German,6.5,3.5,1,2031936,79.7,1160266,1,2020,0,N/A,0.623591238175905
2902,2903,Title 2903,Movie,1981,2018-03-13,TV-Y,178.0,0.0,Sci-Fi,Australia,Spanish,4.9,4.3,0,1677934,81.7,1350005,44,1980,1,> 2.5 hours,0.5784907921496785
2903,2904,Title 2904,TV Show,2004,2018-03-18,G,0.0,6.0,Adventure,Germany,English,5.4,4.3,1,521133,54.2,104837,21,2000,1,N/A,0.2949701649679537
2904,2905,Title 2905,TV Show,1992,2022-10-14,G,0.0,1.0,Comedy,Germany,Hindi,6.0,4.2,1,763822,55.0,1708460,33,1990,1,N/A,0.3345736150774415
2905,2906,Title 2906,Movie,2018,2019-04-09,TV-Y,155.0,0.0,Mystery,Australia,German,4.4,3.5,0,3740167,78.6,570394,7,2010,1,> 2.5 hours,0.8754265928231303
2906,2907,Title 2907,TV Show,2007,2022-03-18,TV-MA,63.0,2.0,Mystery,France,Japanese,7.2,3.5,0,3697107,77.8,132865,18,2000,0,1-1.5 hours,0.8657675750608315
2907,2908,Title 2908,Movie,2021,2020-12-07,G,118.0,0.0,Thriller,Canada,Spanish,7.3,4.7,1,1181601,85.0,236725,4,2020,1,1.5-2.5 hours,0.5172406374117529
2908,2909,Title 2909,TV Show,1985,2022-10-25,PG,175.0,6.0,Mystery,Canada,Japanese,4.3,3.0,1,2389155,68.4,1247236,40,1980,1,> 2.5 hours,0.6319742355291478
2909,2910,Title 2910,Movie,1982,2019-04-12,G,118.0,0.0,Sci-Fi,United States,French,6.2,3.4,1,3526263,33.9,512431,43,1980,1,1.5-2.5 hours,0.6645409045874875
2910,2911,Title 2911,TV Show,2014,2019-01-14,TV-Y7,120.0,2.0,Sci-Fi,United States,Japanese,6.3,4.2,0,1039543,61.2,1180522,11,2010,1,1.5-2.5 hours,0.4007318788126667
2911,2912,Title 2912,Movie,1997,2019-03-16,PG,118.0,7.0,Comedy,India,German,5.8,4.6,1,3668804,48.7,1387125,28,1990,1,1.5-2.5 hours,0.7451221133858119
2912,2913,Title 2913,TV Show,1990,2020-05-17,TV-14,0.0,5.0,Crime,United States,English,7.1,3.7,0,658367,22.0,126147,35,1990,0,N/A,0.18675532157713434
2913,2914,Title 2914,TV Show,1999,2020-12-20,TV-14,63.0,5.0,Horror,United States,Japanese,5.9,4.3,0,545918,34.7,213392,26,1990,0,1-1.5 hours,0.22068792519179428
2914,2915,Title 2915,Movie,1984,2019-09-07,PG,118.0,2.0,Horror,Australia,French,6.3,4.1,1,2292353,35.4,107768,41,1980,1,1.5-2.5 hours,0.4854538955982129
2915,2916,Title 2916,Movie,1998,2019-06-07,PG-13,168.0,1.0,Action,Canada,Spanish,8.4,3.1,1,2980582,26.2,620317,27,1990,0,> 2.5 hours,0.5518885294934561
2916,2917,Title 2917,Movie,2001,2020-09-10,PG-13,136.0,0.0,Action,United States,Spanish,4.9,4.2,0,332674,54.0,1065618,24,2000,0,1.5-2.5 hours,0.2659012372284024
2917,2918,Title 2918,Movie,1998,2018-05-03,TV-Y7,118.0,0.0,Adventure,Japan,Hindi,7.4,4.6,1,206453,58.1,1687597,27,1990,1,1.5-2.5 hours,0.26336803516209667
2918,2919,Title 2919,TV Show,1995,2017-07-28,TV-PG,81.0,5.0,Sci-Fi,United Kingdom,Japanese,6.8,5.0,1,3660504,45.5,264622,30,1990,1,1-1.5 hours,0.7310771099620524
2919,2920,Title 2920,TV Show,2003,2018-07-06,TV-MA,152.0,1.0,Action,Japan,Japanese,5.7,3.1,0,3958284,50.9,530832,22,2000,0,> 2.5 hours,0.7973442327966402
2920,2921,Title 2921,Movie,2020,2017-10-10,PG,118.0,7.0,Thriller,France,Hindi,8.0,4.3,1,152095,61.2,76221,5,2020,1,1.5-2.5 hours,0.26761431273936004
2921,2922,Title 2922,TV Show,1983,2015-05-28,TV-Y,0.0,5.0,Action,Japan,Spanish,7.0,3.8,1,808420,29.0,1008797,42,1980,1,N/A,0.23726333347416703
2922,2923,Title 2923,Movie,1994,2016-07-09,R,118.0,8.0,Drama,India,French,6.6,3.0,1,199363,62.2,768691,31,1990,0,1.5-2.5 hours,0.27870453223746366
2923,2924,Title 2924,Movie,2004,2019-03-16,TV-MA,77.0,0.0,Drama,United States,Japanese,7.7,4.2,1,2574272,73.2,1957309,21,2000,0,1-1.5 hours,0.6789418618901202
2924,2925,Title 2925,TV Show,2023,2015-02-03,TV-Y7,0.0,1.0,Thriller,United States,Hindi,8.4,3.2,1,332659,85.6,61126,2,2020,1,N/A,0.3922989872222149
2925,2926,Title 2926,TV Show,2014,2023-02-17,PG,0.0,2.0,Mystery,Australia,Spanish,9.3,3.8,1,837054,42.6,1039027,11,2010,1,N/A,0.29595844528572457
2926,2927,Title 2927,TV Show,1993,2021-09-22,TV-14,0.0,8.0,Drama,Spain,French,7.5,3.5,0,1228282,76.1,66746,32,1990,0,N/A,0.4886428066677183
2927,2928,Title 2928,TV Show,1998,2023-05-16,TV-MA,123.0,5.0,Horror,France,Korean,8.8,3.7,0,2678685,65.5,658179,27,1990,0,1.5-2.5 hours,0.6638038549606011
2928,2929,Title 2929,TV Show,2017,2015-08-14,PG-13,0.0,5.0,Horror,Japan,German,4.0,4.0,1,822944,57.7,1133688,8,2010,0,N/A,0.35424193946533356
2929,2930,Title 2930,TV Show,2015,2018-06-07,TV-Y,172.0,1.0,Drama,Spain,Japanese,6.9,3.7,1,2496875,89.0,1931066,10,2010,1,> 2.5 hours,0.7305322799637699
2930,2931,Title 2931,TV Show,1986,2018-02-06,TV-MA,0.0,1.0,Action,Germany,Korean,5.2,4.1,0,2752271,66.5,494238,39,1980,0,N/A,0.6788417853149096
2931,2932,Title 2932,Movie,2009,2018-02-24,R,118.0,0.0,Adventure,United Kingdom,Korean,4.5,3.5,0,2210684,47.5,244840,16,2000,0,1.5-2.5 hours,0.5216035119096577
2932,2933,Title 2933,Movie,1998,2022-03-21,TV-Y7,165.0,6.0,Adventure,United Kingdom,German,6.9,4.3,1,3299000,73.5,1548859,27,1990,1,> 2.5 hours,0.7888513608412422
2933,2934,Title 2934,Movie,2004,2018-06-22,TV-Y7,93.0,5.0,Horror,Canada,Spanish,8.1,4.7,0,1294087,92.0,1686283,21,2000,1,1-1.5 hours,0.5621135838123555
2934,2935,Title 2935,Movie,1995,2018-05-03,TV-Y7,118.0,3.0,Drama,United States,Spanish,6.3,3.4,1,3233919,88.9,434556,30,1990,1,1.5-2.5 hours,0.8406891839952559
2935,2936,Title 2936,Movie,2019,2020-07-09,TV-Y7,118.0,0.0,Mystery,Canada,Hindi,7.7,4.0,0,1951959,93.5,1737729,6,2010,1,1.5-2.5 hours,0.6667946551853018
2936,2937,Title 2937,TV Show,1987,2019-06-17,R,145.0,4.0,Comedy,Australia,English,6.7,4.3,1,1837918,27.1,725830,38,1980,0,> 2.5 hours,0.38408845814325987
2937,2938,Title 2938,Movie,1997,2015-02-11,TV-Y7,67.0,0.0,Action,France,Spanish,6.4,4.1,0,298447,53.3,26950,28,1990,1,1-1.5 hours,0.257967173109726
2938,2939,Title 2939,Movie,2007,2022-08-22,TV-Y,118.0,0.0,Action,France,German,5.6,3.7,1,1987574,52.5,562781,18,2000,1,1.5-2.5 hours,0.5081369198765296
2939,2940,Title 2940,Movie,1995,2019-04-29,TV-PG,130.0,0.0,Adventure,Germany,English,6.1,4.3,1,936424,48.8,656871,30,1990,1,1.5-2.5 hours,0.3356639862759623
2940,2941,Title 2941,Movie,1998,2021-02-20,TV-14,118.0,0.0,Drama,India,German,5.9,3.1,1,1889166,33.4,478409,27,1990,0,1.5-2.5 hours,0.416975679283118
2941,2942,Title 2942,Movie,2021,2019-04-08,TV-Y,175.0,0.0,Crime,France,German,7.6,3.7,0,1384842,82.4,350074,4,2020,1,> 2.5 hours,0.537326871248896
2942,2943,Title 2943,Movie,1996,2015-10-26,TV-Y7,98.0,0.0,Romance,France,German,4.6,4.1,0,2515994,70.5,787345,29,1990,1,1-1.5 hours,0.6594001378503791
2943,2944,Title 2944,Movie,2024,2015-12-22,PG,118.0,1.0,Drama,France,Japanese,4.5,3.0,0,2897900,65.4,70914,1,2020,1,1.5-2.5 hours,0.6962861953870374
2944,2945,Title 2945,TV Show,1992,2019-09-03,PG-13,123.0,5.0,Thriller,United Kingdom,Japanese,7.6,4.0,1,3778898,53.5,663947,33,1990,0,1.5-2.5 hours,0.7808362587997117
2945,2946,Title 2946,TV Show,1986,2016-05-31,TV-PG,125.0,5.0,Drama,India,English,7.0,4.3,1,3047798,49.1,1487025,39,1980,1,1.5-2.5 hours,0.6535709572201324
2946,2947,Title 2947,Movie,2006,2017-01-16,TV-14,118.0,0.0,Action,India,Korean,6.4,4.5,0,2505829,79.0,1308480,19,2000,0,1.5-2.5 hours,0.691875383657305
2947,2948,Title 2948,TV Show,1989,2023-06-22,PG-13,86.0,5.0,Comedy,South Korea,Japanese,4.8,3.2,1,1296308,59.5,172111,36,1980,0,1-1.5 hours,0.43244673472852047
2948,2949,Title 2949,TV Show,2013,2019-07-06,TV-Y,155.0,5.0,Thriller,Japan,French,6.3,5.0,1,3385038,65.6,1587212,12,2010,1,> 2.5 hours,0.7701570963320149
2949,2950,Title 2950,TV Show,2015,2019-02-12,R,0.0,5.0,Adventure,Australia,German,8.3,4.2,1,2627576,27.5,800358,10,2010,0,N/A,0.5041374838780807
2950,2951,Title 2951,TV Show,2004,2015-10-21,R,0.0,5.0,Sci-Fi,United States,Japanese,8.9,3.7,0,3516771,55.4,1213591,21,2000,0,N/A,0.7491171006720269
2951,2952,Title 2952,Movie,1985,2017-09-02,PG-13,118.0,0.0,Sci-Fi,France,Hindi,7.9,3.5,1,3476706,29.8,627540,40,1980,0,1.5-2.5 hours,0.6407073341451689
2952,2953,Title 2953,TV Show,2003,2016-02-12,PG,179.0,5.0,Crime,France,Spanish,4.3,4.1,1,1734620,24.0,1791177,22,2000,1,> 2.5 hours,0.3561937155327177
2953,2954,Title 2954,TV Show,1997,2016-12-07,PG-13,0.0,5.0,Adventure,South Korea,French,7.7,4.8,1,2022570,71.7,1433836,28,1990,0,N/A,0.5901863343124194
2954,2955,Title 2955,TV Show,2002,2021-06-15,TV-Y,0.0,5.0,Mystery,United States,Spanish,5.3,4.0,0,2451042,40.6,341690,23,2000,1,N/A,0.5300573110576055
2955,2956,Title 2956,Movie,1985,2017-08-25,PG-13,116.0,6.0,Horror,India,Spanish,5.7,4.3,1,59167,92.4,1831501,40,1980,0,1.5-2.5 hours,0.37847507440645467
2956,2957,Title 2957,Movie,2008,2019-06-10,TV-14,168.0,0.0,Crime,Germany,English,5.1,3.7,0,2348689,65.4,11400,17,2000,0,> 2.5 hours,0.6139043188368768
2957,2958,Title 2958,Movie,2004,2022-04-01,PG,118.0,0.0,Sci-Fi,United Kingdom,Hindi,8.3,3.8,1,3920912,68.4,1425731,21,2000,1,1.5-2.5 hours,0.8617384173806477
2958,2959,Title 2959,Movie,1996,2016-12-19,G,117.0,6.0,Horror,France,Hindi,7.6,3.6,1,1642194,34.8,888112,29,1990,1,1.5-2.5 hours,0.3855297774068879
2959,2960,Title 2960,Movie,2003,2020-12-22,TV-MA,151.0,0.0,Mystery,Australia,French,7.4,4.4,1,388071,29.7,892195,22,2000,0,> 2.5 hours,0.17701081007972772
2960,2961,Title 2961,Movie,1990,2023-05-06,G,118.0,0.0,Adventure,Australia,Hindi,7.7,3.7,1,3695163,59.4,665311,35,1990,1,1.5-2.5 hours,0.7918759742589292
2961,2962,Title 2962,Movie,2005,2020-11-01,PG-13,118.0,4.0,Horror,France,Hindi,5.3,3.4,0,3093109,89.4,262090,20,2000,0,1.5-2.5 hours,0.8215676259109712
2962,2963,Title 2963,TV Show,2013,2017-11-25,R,0.0,5.0,Adventure,Australia,Hindi,6.4,3.7,1,1340625,24.2,944590,12,2010,0,N/A,0.2978943030093333
2963,2964,Title 2964,TV Show,2007,2023-08-25,G,74.0,8.0,Mystery,Germany,French,7.5,4.7,1,2030343,58.1,1064831,18,2000,1,1-1.5 hours,0.5369522875187906
2964,2965,Title 2965,TV Show,1982,2021-12-26,TV-Y7,0.0,5.0,Romance,Australia,Korean,7.5,4.5,1,3616799,34.9,1711047,43,1980,1,N/A,0.6821213419336902
2965,2966,Title 2966,Movie,1990,2016-07-06,TV-Y,118.0,1.0,Thriller,Spain,Hindi,8.4,3.7,0,3149612,78.6,1357876,35,1990,1,1.5-2.5 hours,0.7868430992185229
2966,2967,Title 2967,Movie,2017,2022-04-24,G,179.0,0.0,Horror,United States,Japanese,5.6,4.8,1,3055988,71.1,1624779,8,2010,1,> 2.5 hours,0.7427994605985166
2967,2968,Title 2968,Movie,1993,2018-07-31,TV-PG,93.0,5.0,Horror,South Korea,Hindi,8.2,3.1,1,1397563,27.3,428665,32,1990,1,1-1.5 hours,0.3188350264963229
2968,2969,Title 2969,Movie,2005,2017-07-01,PG,114.0,3.0,Adventure,South Korea,English,6.4,3.1,1,3184851,66.2,1675384,20,2000,1,1.5-2.5 hours,0.7425289637546504
2969,2970,Title 2970,Movie,2000,2015-11-29,TV-Y,148.0,7.0,Adventure,Canada,English,7.7,3.3,1,1865629,93.8,792837,25,2000,1,> 2.5 hours,0.6550451195740787
2970,2971,Title 2971,TV Show,2018,2019-06-30,R,123.0,5.0,Horror,United Kingdom,Japanese,6.5,3.2,0,2792224,59.6,698125,7,2010,0,1.5-2.5 hours,0.6572347517955675
2971,2972,Title 2972,TV Show,2009,2017-07-26,G,0.0,2.0,Adventure,United States,Hindi,9.2,3.2,0,795004,41.4,1524455,16,2000,1,N/A,0.28485092794005185
2972,2973,Title 2973,Movie,1987,2018-06-07,PG,118.0,2.0,Comedy,France,Korean,5.0,4.3,1,1221792,31.4,332866,38,1980,1,1.5-2.5 hours,0.308869303990586
2973,2974,Title 2974,Movie,1999,2021-10-18,TV-MA,118.0,8.0,Comedy,Spain,Hindi,7.7,4.2,1,1560995,94.2,568876,26,1990,0,1.5-2.5 hours,0.6109498939122082
2974,2975,Title 2975,Movie,2011,2020-01-31,PG,118.0,0.0,Romance,Germany,Japanese,7.2,4.3,0,2256587,62.3,34290,14,2010,1,1.5-2.5 hours,0.5876889808446973
2975,2976,Title 2976,Movie,2001,2023-09-05,PG,156.0,0.0,Romance,Canada,Hindi,5.0,4.4,1,391422,48.1,1767832,24,2000,1,> 2.5 hours,0.251113461462019
2976,2977,Title 2977,TV Show,1986,2023-01-07,TV-Y,91.0,3.0,Romance,United Kingdom,Hindi,4.4,4.5,1,986424,36.1,1447781,39,1980,1,1-1.5 hours,0.29236400690101894
2977,2978,Title 2978,Movie,1988,2019-01-30,TV-MA,118.0,0.0,Sci-Fi,United Kingdom,German,8.4,3.4,1,3818985,91.3,565987,37,1980,0,1.5-2.5 hours,0.9380493253356447
2978,2979,Title 2979,Movie,2024,2021-07-02,PG,118.0,0.0,Sci-Fi,Japan,Korean,4.9,4.2,0,3587001,67.0,915511,1,2020,1,1.5-2.5 hours,0.8060516296419815
2979,2980,Title 2980,Movie,1980,2020-06-11,TV-PG,118.0,0.0,Drama,United States,Spanish,5.0,4.2,1,3968693,24.3,124115,45,1980,1,1.5-2.5 hours,0.6925055870903645
2980,2981,Title 2981,Movie,2008,2020-06-01,G,141.0,5.0,Crime,Spain,Japanese,9.4,4.9,1,2017312,24.5,267194,17,2000,1,> 2.5 hours,0.4005976321434884
2981,2982,Title 2982,TV Show,1987,2020-05-13,G,107.0,8.0,Thriller,India,Hindi,7.9,3.5,1,651803,90.5,27763,38,1980,1,1.5-2.5 hours,0.45977071886947696
2982,2983,Title 2983,Movie,1983,2023-03-05,TV-PG,71.0,7.0,Comedy,Germany,Japanese,5.4,3.1,1,3220039,73.3,1776859,42,1980,1,1-1.5 hours,0.7762071782697402
2983,2984,Title 2984,Movie,2014,2021-01-09,G,118.0,0.0,Mystery,Canada,Spanish,7.3,4.3,1,934059,27.8,854054,11,2010,1,1.5-2.5 hours,0.25130923530039706
2984,2985,Title 2985,TV Show,1982,2018-11-24,PG,0.0,5.0,Thriller,France,Korean,6.9,4.5,0,3414744,66.8,1148534,43,1980,1,N/A,0.7794130085857736
2985,2986,Title 2986,TV Show,2024,2018-03-24,PG,0.0,5.0,Thriller,South Korea,Japanese,8.6,3.6,0,1336495,51.5,1718283,1,2020,1,N/A,0.40647480130570357
2986,2987,Title 2987,TV Show,2019,2016-02-16,TV-Y,0.0,5.0,Mystery,Canada,Hindi,8.0,4.1,0,649777,79.2,1608471,6,2010,1,N/A,0.4142668180337496
2987,2988,Title 2988,Movie,1986,2022-03-06,TV-Y7,87.0,0.0,Action,Australia,Spanish,8.6,3.1,0,1052319,40.5,563545,39,1980,1,1-1.5 hours,0.3198482840827812
2988,2989,Title 2989,Movie,2006,2023-01-03,R,90.0,7.0,Horror,United Kingdom,Japanese,5.2,4.9,1,2702207,48.7,1272911,19,2000,0,1-1.5 hours,0.6001321646634528
2989,2990,Title 2990,TV Show,1980,2023-08-29,R,176.0,5.0,Crime,France,French,7.5,3.2,1,1024069,32.6,687014,45,1980,0,> 2.5 hours,0.28401077242962414
2990,2991,Title 2991,TV Show,2006,2017-06-16,PG,75.0,8.0,Drama,Germany,Spanish,4.2,3.1,1,3781126,38.9,1796460,19,2000,1,1-1.5 hours,0.7227704597187643
2991,2992,Title 2992,TV Show,1995,2021-07-16,PG-13,119.0,7.0,Romance,Spain,Korean,4.4,3.1,0,70954,34.2,1343623,30,1990,0,1.5-2.5 hours,0.1474431292686055
2992,2993,Title 2993,TV Show,2017,2017-05-11,TV-Y7,165.0,4.0,Mystery,India,Hindi,7.9,3.9,0,2075948,21.8,1049724,8,2010,1,> 2.5 hours,0.3985930563309049
2993,2994,Title 2994,TV Show,1986,2022-12-18,TV-PG,0.0,5.0,Sci-Fi,Australia,German,4.1,3.2,1,581712,23.5,1462639,39,1980,1,N/A,0.18125703995685988
2994,2995,Title 2995,TV Show,2023,2023-03-14,PG,106.0,5.0,Romance,France,Korean,7.2,4.5,1,1353677,82.7,1278151,2,2020,1,1.5-2.5 hours,0.5338521083932981
2995,2996,Title 2996,Movie,2002,2022-09-01,PG-13,147.0,8.0,Adventure,France,German,8.6,4.8,0,3529770,80.3,450461,23,2000,0,> 2.5 hours,0.8506669560341291
2996,2997,Title 2997,Movie,2020,2022-11-06,PG,118.0,2.0,Mystery,United Kingdom,Hindi,6.1,3.5,1,3415108,30.6,665951,5,2020,1,1.5-2.5 hours,0.634667608735924
2997,2998,Title 2998,Movie,1990,2016-01-12,PG-13,118.0,4.0,Romance,United States,Spanish,4.2,4.3,0,459055,70.1,1082998,35,1990,0,1.5-2.5 hours,0.3492584393607082
2998,2999,Title 2999,TV Show,2021,2022-10-09,PG,80.0,5.0,Horror,Australia,French,7.9,3.1,0,644362,75.9,1646079,4,2020,1,1-1.5 hours,0.400254565800056
2999,3000,Title 3000,TV Show,2012,2023-02-08,TV-MA,79.0,5.0,Horror,United Kingdom,French,9.1,3.8,0,1800666,23.8,1113891,13,2010,0,1-1.5 hours,0.36530064277676766
3000,3001,Title 3001,TV Show,2015,2018-10-29,G,65.0,5.0,Horror,Canada,Japanese,7.9,3.6,1,1629508,26.6,1668738,10,2010,1,1-1.5 hours,0.35082687217389846
3001,3002,Title 3002,TV Show,2016,2015-03-22,R,135.0,2.0,Romance,Australia,Korean,7.2,3.5,0,3219506,62.2,362267,9,2010,0,1.5-2.5 hours,0.7317272280498771
3002,3003,Title 3003,TV Show,2020,2023-07-24,R,0.0,5.0,Horror,India,Korean,5.3,4.3,0,1359569,48.1,57048,5,2020,0,N/A,0.39633591082375474
3003,3004,Title 3004,TV Show,1996,2018-04-01,TV-Y7,77.0,4.0,Comedy,South Korea,Korean,4.1,3.3,0,1065597,72.5,1753483,29,1990,1,1-1.5 hours,0.4498399895599713
3004,3005,Title 3005,Movie,2014,2022-06-15,TV-14,118.0,8.0,Sci-Fi,Canada,English,7.8,4.7,0,605776,61.8,1419145,11,2010,0,1.5-2.5 hours,0.33806664988328716
3005,3006,Title 3006,Movie,1984,2017-01-31,R,78.0,7.0,Drama,India,French,5.3,4.3,1,1758286,22.3,124503,41,1980,0,1-1.5 hours,0.35294362529496953
3006,3007,Title 3007,TV Show,2011,2020-12-07,TV-14,84.0,5.0,Mystery,Spain,French,8.7,4.4,0,705429,71.3,759992,14,2010,0,1-1.5 hours,0.39101464099026273
3007,3008,Title 3008,Movie,1982,2017-02-24,TV-MA,118.0,8.0,Thriller,United Kingdom,Hindi,6.6,4.9,1,1522966,35.3,1257460,43,1980,0,1.5-2.5 hours,0.3696455282252026
3008,3009,Title 3009,TV Show,2014,2016-12-17,PG-13,0.0,7.0,Romance,India,English,6.9,4.9,0,1516945,43.4,1610084,11,2010,0,N/A,0.4011423757415333
3009,3010,Title 3010,Movie,1993,2020-03-14,TV-Y7,118.0,0.0,Romance,United States,Korean,8.1,4.1,0,3989329,75.2,202489,32,1990,1,1.5-2.5 hours,0.8992009956027378
3010,3011,Title 3011,TV Show,2010,2020-11-29,G,0.0,5.0,Sci-Fi,Japan,Korean,8.3,4.0,0,2135358,77.8,1820335,15,2010,1,N/A,0.6315045808375973
3011,3012,Title 3012,TV Show,2010,2017-11-02,TV-PG,0.0,3.0,Action,South Korea,German,7.5,3.7,0,1299268,45.9,705204,15,2010,1,N/A,0.37849073594952387
3012,3013,Title 3013,Movie,1996,2021-11-08,TV-14,118.0,4.0,Crime,Spain,Japanese,9.2,4.4,0,3325076,26.7,109181,29,1990,0,1.5-2.5 hours,0.605562771597622
3013,3014,Title 3014,Movie,2003,2017-04-06,G,118.0,0.0,Adventure,France,English,9.4,4.1,0,3864156,77.7,1944097,22,2000,1,1.5-2.5 hours,0.8904249939687334
3014,3015,Title 3015,TV Show,2002,2022-09-17,TV-Y7,68.0,8.0,Mystery,United Kingdom,Japanese,9.2,4.9,1,2632930,85.3,93996,23,2000,1,1-1.5 hours,0.7361405860866117
3015,3016,Title 3016,TV Show,1997,2015-12-07,TV-Y7,103.0,3.0,Action,Canada,Spanish,8.5,3.5,1,456354,92.3,1105814,28,1990,1,1.5-2.5 hours,0.43765328824654265
3016,3017,Title 3017,Movie,1993,2016-10-18,R,74.0,4.0,Adventure,Japan,Japanese,7.9,3.6,1,1219198,43.8,1834295,32,1990,0,1-1.5 hours,0.35808020292055803
3017,3018,Title 3018,Movie,1994,2023-05-23,G,161.0,6.0,Crime,Australia,French,7.6,3.6,0,1827792,29.3,1189748,31,1990,1,> 2.5 hours,0.3913695539662734
3018,3019,Title 3019,TV Show,1994,2015-02-21,PG,0.0,5.0,Thriller,United Kingdom,Hindi,4.6,4.6,1,2541874,90.3,149639,31,1990,1,N/A,0.7424821485259084
3019,3020,Title 3020,Movie,1985,2023-04-14,TV-Y,118.0,5.0,Romance,Germany,Spanish,5.5,3.2,0,193352,50.0,346517,40,1980,1,1.5-2.5 hours,0.22900287975791933
3020,3021,Title 3021,TV Show,2006,2016-10-19,TV-Y7,180.0,7.0,Horror,United Kingdom,Spanish,4.0,3.9,1,605153,27.0,1124003,19,2000,1,> 2.5 hours,0.19877319962629897
3021,3022,Title 3022,TV Show,1994,2020-07-10,TV-14,0.0,5.0,Sci-Fi,Germany,Hindi,4.8,3.9,1,412096,57.4,1717318,31,1990,0,N/A,0.2914145699900675
3022,3023,Title 3023,TV Show,2015,2023-10-22,TV-PG,77.0,5.0,Mystery,France,Korean,6.4,3.1,1,2106184,34.3,595143,10,2010,1,1-1.5 hours,0.4531284688032892
3023,3024,Title 3024,TV Show,1987,2022-03-15,TV-PG,103.0,5.0,Sci-Fi,Spain,French,4.8,3.8,0,2816623,46.6,1998424,38,1980,1,1.5-2.5 hours,0.6088946118601826
3024,3025,Title 3025,Movie,1994,2018-03-01,TV-MA,180.0,5.0,Drama,South Korea,German,9.0,4.0,0,1658799,44.0,774596,31,1990,0,> 2.5 hours,0.4248205342564692
3025,3026,Title 3026,Movie,1982,2019-03-24,TV-MA,179.0,0.0,Thriller,United Kingdom,Korean,8.4,3.1,0,1445188,94.0,1376215,43,1980,0,> 2.5 hours,0.5927787961416894
3026,3027,Title 3027,Movie,1992,2015-08-01,R,78.0,4.0,Drama,France,Japanese,4.4,4.0,0,248087,68.0,326112,33,1990,0,1-1.5 hours,0.3092131523361689
3027,3028,Title 3028,Movie,2020,2019-04-26,PG,62.0,7.0,Crime,Australia,Korean,5.4,4.9,0,579811,56.9,1400167,5,2020,1,1-1.5 hours,0.31457188917269524
3028,3029,Title 3029,Movie,2013,2016-03-15,R,162.0,0.0,Crime,Japan,English,8.5,5.0,0,1180715,58.5,738188,12,2010,0,> 2.5 hours,0.41110773704627684
3029,3030,Title 3030,Movie,2003,2022-06-22,TV-PG,118.0,0.0,Comedy,United States,Spanish,8.4,4.1,0,1041956,65.3,432358,22,2000,1,1.5-2.5 hours,0.417493829808032
3030,3031,Title 3031,Movie,2019,2019-10-20,PG-13,104.0,4.0,Crime,India,Spanish,9.2,4.0,1,2724789,85.5,626352,6,2010,0,1.5-2.5 hours,0.7507194739785534
3031,3032,Title 3032,TV Show,2011,2016-02-29,TV-PG,0.0,5.0,Action,France,French,9.5,3.6,1,2521589,30.9,1731365,14,2010,1,N/A,0.5018393901583229
3032,3033,Title 3033,Movie,2011,2015-06-27,TV-Y7,90.0,8.0,Action,Japan,Japanese,9.4,5.0,1,187989,65.0,552769,14,2010,1,1-1.5 hours,0.28819842754567576
3033,3034,Title 3034,Movie,2009,2016-12-05,G,91.0,0.0,Horror,Germany,Spanish,6.3,3.5,0,1166161,44.2,1570302,16,2000,1,1-1.5 hours,0.3517246310427354
3034,3035,Title 3035,TV Show,1992,2019-03-16,G,0.0,3.0,Romance,France,German,5.4,3.9,0,1266201,62.9,195045,33,1990,1,N/A,0.44153067230934884
3035,3036,Title 3036,Movie,1980,2019-09-05,TV-Y7,79.0,0.0,Sci-Fi,Australia,German,8.2,3.0,1,254265,58.8,1472042,45,1980,1,1-1.5 hours,0.27333985488460094
3036,3037,Title 3037,Movie,2013,2019-05-19,TV-Y7,118.0,8.0,Romance,France,Japanese,5.6,3.7,1,2265752,22.2,1938751,12,2010,1,1.5-2.5 hours,0.42866373462527024
3037,3038,Title 3038,TV Show,1994,2016-01-24,TV-PG,100.0,5.0,Romance,South Korea,German,8.4,3.1,0,3714566,63.7,1277777,31,1990,1,1-1.5 hours,0.8119864322626887
3038,3039,Title 3039,Movie,2023,2016-08-01,G,150.0,2.0,Action,Germany,Hindi,6.9,4.5,1,1140306,73.2,1216238,2,2020,1,> 2.5 hours,0.4638463703775185
3039,3040,Title 3040,Movie,1993,2019-01-04,G,137.0,0.0,Sci-Fi,United Kingdom,Japanese,8.4,4.1,0,1422993,38.4,378524,32,1990,1,1.5-2.5 hours,0.3670495369862267
3040,3041,Title 3041,Movie,2008,2018-02-15,G,118.0,5.0,Horror,Canada,French,5.5,4.1,0,2524723,28.0,1647505,17,2000,1,1.5-2.5 hours,0.49070949145110143
3041,3042,Title 3042,TV Show,2013,2020-09-20,TV-Y7,161.0,1.0,Thriller,United States,German,6.8,3.6,1,3216407,35.9,1683517,12,2010,1,> 2.5 hours,0.6260623767715361
3042,3043,Title 3043,Movie,1997,2015-09-08,TV-MA,161.0,0.0,Comedy,United Kingdom,English,7.1,4.6,0,2767640,67.7,1796239,28,1990,0,> 2.5 hours,0.6859471416546397
3043,3044,Title 3044,Movie,1986,2015-05-11,PG,118.0,5.0,Action,India,English,9.2,3.0,1,3478377,55.2,976410,39,1980,1,1.5-2.5 hours,0.7425579848344583
3044,3045,Title 3045,TV Show,2008,2015-02-05,PG-13,76.0,6.0,Drama,France,Korean,5.5,3.7,0,1534769,84.9,826878,17,2000,0,1-1.5 hours,0.5698159830939535
3045,3046,Title 3046,Movie,2010,2020-03-17,TV-Y7,118.0,8.0,Comedy,Spain,Korean,9.2,4.3,0,3970815,41.4,274729,15,2010,1,1.5-2.5 hours,0.7612238879656918
3046,3047,Title 3047,TV Show,2004,2016-08-09,G,105.0,1.0,Thriller,France,French,8.4,4.8,1,2637997,47.4,223694,21,2000,1,1.5-2.5 hours,0.5853006381767549
3047,3048,Title 3048,TV Show,2017,2019-10-11,TV-14,0.0,2.0,Crime,Germany,Japanese,8.0,3.5,0,2077621,59.6,667456,8,2010,0,N/A,0.5500440070210193
3048,3049,Title 3049,Movie,1993,2019-04-11,TV-PG,118.0,5.0,Romance,South Korea,Korean,8.3,4.1,1,500183,54.5,960590,32,1990,1,1.5-2.5 hours,0.29302765632605493
3049,3050,Title 3050,TV Show,1987,2021-05-17,TV-PG,65.0,5.0,Mystery,France,Korean,7.3,4.1,0,3555090,61.1,444196,38,1980,1,1-1.5 hours,0.7776649664786579
3050,3051,Title 3051,TV Show,2006,2019-11-29,PG,64.0,5.0,Horror,India,English,5.3,4.7,1,63642,43.4,398528,19,2000,1,1-1.5 hours,0.18314632625239718
3051,3052,Title 3052,Movie,1981,2015-08-28,TV-Y7,118.0,0.0,Romance,Australia,Korean,5.0,3.1,0,2006696,32.5,794974,44,1980,1,1.5-2.5 hours,0.43100522776437633
3052,3053,Title 3053,TV Show,1996,2019-12-15,PG,142.0,5.0,Crime,France,English,8.8,3.8,1,1817795,80.2,1173855,29,1990,1,> 2.5 hours,0.5934699998424996
3053,3054,Title 3054,TV Show,2016,2017-03-19,TV-MA,0.0,2.0,Thriller,United Kingdom,German,8.0,3.4,1,2597908,22.9,1783576,9,2010,0,N/A,0.481287271639997
3054,3055,Title 3055,Movie,1993,2019-08-07,TV-Y,118.0,0.0,Drama,Canada,German,5.2,3.0,0,2262349,47.7,1839012,32,1990,1,1.5-2.5 hours,0.5301532832215289
3055,3056,Title 3056,Movie,2004,2022-09-16,R,113.0,0.0,Horror,Spain,French,7.4,3.3,0,1182491,26.6,60612,21,2000,0,1.5-2.5 hours,0.2837741377788789
3056,3057,Title 3057,Movie,2009,2017-11-22,TV-14,118.0,0.0,Horror,India,Hindi,6.5,5.0,1,1525574,75.2,239235,16,2000,0,1.5-2.5 hours,0.5296367293010056
3057,3058,Title 3058,TV Show,2008,2015-07-05,R,98.0,5.0,Thriller,India,Korean,4.9,3.4,1,921453,47.4,1478914,17,2000,0,1-1.5 hours,0.32781833010040773
3058,3059,Title 3059,Movie,1999,2022-02-04,TV-Y,118.0,0.0,Comedy,Germany,German,6.9,4.9,1,3278570,22.3,1502855,26,1990,1,1.5-2.5 hours,0.5809868524138442
3059,3060,Title 3060,TV Show,2000,2018-01-09,TV-14,139.0,5.0,Adventure,India,German,5.5,3.4,1,1879162,25.7,1979206,25,2000,0,1.5-2.5 hours,0.38467507515645666
3060,3061,Title 3061,TV Show,2001,2022-07-13,R,0.0,3.0,Romance,Spain,Japanese,4.5,4.9,1,3715028,34.9,1218616,24,2000,0,N/A,0.6968557324532643
3061,3062,Title 3062,TV Show,2014,2017-12-25,TV-14,0.0,1.0,Comedy,United Kingdom,French,6.6,4.3,0,2517583,79.0,49680,11,2010,0,N/A,0.6936384885058435
3062,3063,Title 3063,TV Show,2016,2022-11-21,PG,0.0,5.0,Action,Canada,Spanish,7.2,3.2,1,3156323,79.9,1353326,9,2010,1,N/A,0.793049751986818
3063,3064,Title 3064,TV Show,1995,2016-06-29,PG-13,0.0,3.0,Thriller,Japan,Spanish,4.3,4.2,1,940163,94.7,1802703,30,1990,0,N/A,0.519824837818304
3064,3065,Title 3065,TV Show,2022,2017-01-29,TV-14,98.0,2.0,Action,France,French,6.2,3.6,1,189284,38.1,819860,3,2020,0,1-1.5 hours,0.18079267807986474
3065,3066,Title 3066,TV Show,1996,2020-11-16,TV-Y,0.0,5.0,Drama,India,English,5.4,3.8,0,305874,24.5,273414,29,1990,1,N/A,0.14388122617337198
3066,3067,Title 3067,Movie,1995,2021-10-12,PG,118.0,0.0,Comedy,Australia,Hindi,4.2,3.9,1,3999608,41.2,1311502,30,1990,1,1.5-2.5 hours,0.7647428498428371
3067,3068,Title 3068,Movie,1981,2018-09-02,PG,118.0,5.0,Mystery,South Korea,Japanese,4.7,3.8,1,3545803,33.4,43049,44,1980,1,1.5-2.5 hours,0.6654719126477597
3068,3069,Title 3069,TV Show,1983,2019-08-25,TV-MA,0.0,5.0,Adventure,Australia,Japanese,4.8,4.3,1,2521409,73.3,1479184,42,1980,0,N/A,0.6714123900840727
3069,3070,Title 3070,TV Show,2000,2017-05-17,G,64.0,5.0,Thriller,United Kingdom,French,5.0,4.5,1,3418895,92.7,874512,25,2000,1,1-1.5 hours,0.8836356602980658
3070,3071,Title 3071,Movie,2018,2020-03-05,TV-PG,118.0,1.0,Thriller,Japan,Spanish,8.4,3.7,1,854715,40.5,883564,7,2010,1,1.5-2.5 hours,0.2902076025709071
3071,3072,Title 3072,TV Show,2013,2021-02-16,TV-MA,118.0,5.0,Adventure,Germany,Hindi,6.4,4.8,1,2769734,44.6,761829,12,2010,0,1.5-2.5 hours,0.5938612425184169
3072,3073,Title 3073,Movie,2009,2015-10-14,TV-Y,71.0,0.0,Horror,United Kingdom,German,4.8,4.9,1,2637587,46.3,1715765,16,2000,1,1-1.5 hours,0.5808391380076295
3073,3074,Title 3074,Movie,1985,2015-12-07,TV-Y7,118.0,4.0,Crime,Australia,French,4.6,3.1,0,2904359,84.3,1706296,40,1980,1,1.5-2.5 hours,0.7728550480513822
3074,3075,Title 3075,Movie,1996,2019-06-14,TV-Y7,135.0,0.0,Drama,Spain,English,5.6,3.0,1,886550,63.4,354018,29,1990,1,1.5-2.5 hours,0.3865828657028807
3075,3076,Title 3076,TV Show,2018,2017-01-21,TV-PG,0.0,6.0,Comedy,France,Hindi,8.4,3.9,1,1743335,93.0,832939,7,2010,1,N/A,0.6335009691276652
3076,3077,Title 3077,TV Show,2004,2019-01-12,PG,0.0,5.0,Thriller,United Kingdom,Spanish,6.0,4.2,0,2914435,67.0,147348,21,2000,1,N/A,0.7051664522077437
3077,3078,Title 3078,Movie,1984,2018-02-06,PG-13,118.0,6.0,Thriller,United States,German,4.9,3.6,1,1584410,72.9,1241764,41,1980,0,1.5-2.5 hours,0.5292621535709223
3078,3079,Title 3079,Movie,1984,2020-09-22,TV-Y,134.0,8.0,Adventure,France,French,6.2,3.5,0,1385809,26.7,1604864,41,1980,1,1.5-2.5 hours,0.3146719216477845
3079,3080,Title 3080,Movie,1999,2018-09-13,TV-PG,118.0,0.0,Mystery,United States,Japanese,7.1,4.4,0,3887430,91.4,384869,26,1990,1,1.5-2.5 hours,0.9487161035692848
3080,3081,Title 3081,Movie,1995,2020-07-28,TV-Y7,128.0,0.0,Adventure,India,Korean,4.2,4.2,1,1585019,67.1,312675,30,1990,1,1.5-2.5 hours,0.5061535038221354
3081,3082,Title 3082,Movie,2020,2018-11-12,G,118.0,0.0,Adventure,South Korea,Japanese,7.5,3.3,1,312184,59.0,1709211,5,2020,1,1.5-2.5 hours,0.2828277287762541
3082,3083,Title 3083,TV Show,2016,2023-06-27,PG,0.0,5.0,Romance,United Kingdom,Japanese,6.2,4.8,1,745109,49.1,221845,9,2010,1,N/A,0.3081666573583077
3083,3084,Title 3084,Movie,2019,2023-12-02,TV-Y7,87.0,0.0,Comedy,France,German,4.1,4.4,1,555125,25.8,1205932,6,2010,1,1-1.5 hours,0.18646897898969222
3084,3085,Title 3085,TV Show,1988,2023-03-21,PG-13,0.0,7.0,Horror,Germany,Spanish,7.7,3.7,0,3433249,30.0,1512060,37,1980,0,N/A,0.634988766219107
3085,3086,Title 3086,Movie,1984,2017-03-01,TV-PG,118.0,7.0,Adventure,United States,French,7.9,4.4,0,2735612,20.9,1159687,41,1980,1,1.5-2.5 hours,0.4939429284430532
3086,3087,Title 3087,TV Show,2021,2018-12-13,TV-14,0.0,5.0,Mystery,Canada,Spanish,7.5,3.2,1,2189144,94.9,1061495,4,2020,0,N/A,0.7079725030243833
3087,3088,Title 3088,TV Show,1981,2022-07-18,PG-13,125.0,5.0,Horror,Australia,Korean,5.9,3.9,1,569220,79.0,1987276,44,1980,0,1.5-2.5 hours,0.40138323480389576
3088,3089,Title 3089,TV Show,1988,2019-09-20,TV-14,115.0,8.0,Sci-Fi,France,Japanese,6.9,3.3,0,2312811,79.8,978226,37,1980,0,1.5-2.5 hours,0.6661226040371611
3089,3090,Title 3090,TV Show,2022,2017-08-05,PG,167.0,3.0,Comedy,South Korea,German,6.1,3.1,1,655182,74.8,1216520,3,2020,1,> 2.5 hours,0.39747757026331826
3090,3091,Title 3091,TV Show,2015,2021-05-01,TV-PG,176.0,1.0,Thriller,United Kingdom,Hindi,7.9,3.7,1,1934287,56.3,1482330,10,2010,1,> 2.5 hours,0.5153438478955817
3091,3092,Title 3092,TV Show,2001,2017-03-29,TV-MA,79.0,3.0,Sci-Fi,France,Hindi,7.2,3.3,1,3280226,26.6,212364,24,2000,0,1-1.5 hours,0.598435253096946
3092,3093,Title 3093,Movie,2001,2015-04-03,TV-Y,111.0,0.0,Horror,United Kingdom,German,4.4,4.3,1,146195,25.4,1458499,24,2000,1,1.5-2.5 hours,0.12352931030560335
3093,3094,Title 3094,TV Show,2001,2020-10-05,TV-MA,0.0,5.0,Horror,Spain,Hindi,7.5,4.3,0,2178515,88.7,1544240,24,2000,0,N/A,0.6815781486399087
3094,3095,Title 3095,Movie,2013,2015-10-17,TV-MA,118.0,4.0,Comedy,United States,Japanese,7.8,3.3,0,2684252,20.0,757928,12,2010,0,1.5-2.5 hours,0.48263890725699493
3095,3096,Title 3096,TV Show,2008,2022-07-27,TV-Y7,0.0,5.0,Crime,France,French,6.0,3.0,1,3152427,72.4,360940,17,2000,1,N/A,0.7624653503797136
3096,3097,Title 3097,TV Show,2017,2015-02-17,G,171.0,4.0,Romance,France,German,8.8,4.6,1,394056,67.1,743492,8,2010,1,> 2.5 hours,0.327508562548547
3097,3098,Title 3098,Movie,2012,2018-09-24,G,117.0,0.0,Thriller,South Korea,German,8.6,3.0,0,819802,57.6,1017676,13,2010,1,1.5-2.5 hours,0.353370638169255
3098,3099,Title 3099,TV Show,1997,2016-11-16,TV-Y,100.0,5.0,Sci-Fi,South Korea,Spanish,5.0,3.7,1,2438724,93.1,554247,28,1990,1,1-1.5 hours,0.7382096059764165
3099,3100,Title 3100,Movie,1986,2020-01-02,R,118.0,0.0,Adventure,Australia,English,9.0,4.0,1,860753,34.9,1372700,39,1980,0,1.5-2.5 hours,0.2687133050615889
3100,3101,Title 3101,Movie,1980,2019-05-26,TV-Y7,118.0,0.0,Drama,Germany,Spanish,6.4,4.6,0,2666261,78.9,1863966,45,1980,1,1.5-2.5 hours,0.7155402498356871
3101,3102,Title 3102,Movie,2012,2020-09-16,R,170.0,0.0,Crime,United Kingdom,Hindi,8.0,4.7,1,583373,70.6,1520710,13,2010,0,> 2.5 hours,0.36990619064202424
3102,3103,Title 3103,Movie,1980,2018-06-03,TV-14,118.0,5.0,Thriller,Japan,English,8.5,4.4,0,1166918,93.1,1258948,45,1980,0,1.5-2.5 hours,0.5474381813549987
3103,3104,Title 3104,TV Show,2003,2015-07-08,TV-Y7,0.0,8.0,Drama,Australia,German,6.8,3.5,0,3951671,90.1,1232855,22,2000,1,N/A,0.9531522800687702
3104,3105,Title 3105,TV Show,1983,2021-04-21,TV-PG,0.0,5.0,Romance,South Korea,Hindi,6.2,4.4,1,2039540,29.6,549438,42,1980,1,N/A,0.42433184131256363
3105,3106,Title 3106,Movie,1983,2015-04-21,R,118.0,1.0,Drama,Japan,Korean,9.0,3.5,0,3365255,43.1,1566396,42,1980,0,1.5-2.5 hours,0.677189638171505
3106,3107,Title 3107,TV Show,1997,2015-03-23,TV-Y,0.0,5.0,Adventure,India,Hindi,5.3,3.4,0,1078183,83.8,406640,28,1990,1,N/A,0.49692789475171056
3107,3108,Title 3108,TV Show,2006,2021-03-30,TV-Y,0.0,5.0,Drama,Japan,English,5.4,4.1,1,3780173,37.1,1633114,19,2000,1,N/A,0.7154275093256506
3108,3109,Title 3109,Movie,2022,2015-10-27,TV-Y7,118.0,2.0,Crime,United States,English,6.0,4.4,1,145795,48.4,155343,3,2020,1,1.5-2.5 hours,0.2154693101406029
3109,3110,Title 3110,TV Show,2011,2020-06-26,TV-MA,0.0,5.0,Action,France,German,8.7,3.1,1,238150,66.9,872963,14,2010,0,N/A,0.30332259823714514
3110,3111,Title 3111,Movie,2012,2023-08-29,TV-PG,118.0,0.0,Crime,South Korea,French,9.2,3.1,0,100939,62.2,285726,13,2010,1,1.5-2.5 hours,0.26394089163745205
3111,3112,Title 3112,Movie,2007,2016-08-21,PG,103.0,4.0,Adventure,France,Korean,5.2,4.6,0,3151308,68.0,744228,18,2000,1,1.5-2.5 hours,0.7446974999181248
3112,3113,Title 3113,TV Show,2021,2016-05-22,TV-PG,0.0,5.0,Sci-Fi,Australia,German,8.8,4.7,1,3468312,73.5,316211,4,2020,1,N/A,0.8142482306826344
3113,3114,Title 3114,TV Show,2020,2019-02-12,TV-Y,122.0,5.0,Action,Spain,Korean,5.4,4.2,0,1093417,74.7,206805,5,2020,1,1.5-2.5 hours,0.46281300103575285
3114,3115,Title 3115,TV Show,2015,2018-01-02,TV-14,148.0,5.0,Romance,South Korea,Korean,9.3,3.9,1,1605843,75.3,793512,10,2010,0,> 2.5 hours,0.5420771124120591
3115,3116,Title 3116,Movie,1985,2020-11-04,R,118.0,7.0,Crime,South Korea,German,7.3,4.7,1,1797304,94.4,134971,40,1980,0,1.5-2.5 hours,0.6471963413899389
3116,3117,Title 3117,Movie,1995,2015-06-05,R,118.0,0.0,Action,Canada,Japanese,4.0,4.5,1,492347,46.7,1913232,30,1990,0,1.5-2.5 hours,0.260652253093696
3117,3118,Title 3118,TV Show,2013,2018-01-19,TV-14,100.0,5.0,Horror,France,Hindi,4.2,4.2,0,1493971,23.3,1564985,12,2010,0,1-1.5 hours,0.31729626626473223
3118,3119,Title 3119,TV Show,2002,2020-02-08,PG-13,0.0,5.0,Crime,South Korea,Spanish,4.8,3.6,0,812032,46.2,541386,23,2000,0,N/A,0.3066051349641212
3119,3120,Title 3120,TV Show,2021,2020-02-15,TV-Y7,0.0,2.0,Action,Spain,Korean,5.0,3.4,1,3297155,88.4,163585,4,2020,1,N/A,0.8481746100801777
3120,3121,Title 3121,TV Show,2003,2015-01-31,TV-Y,0.0,5.0,Comedy,Spain,Japanese,8.2,3.8,1,55665,26.3,118064,22,2000,1,N/A,0.11354977296187566
3121,3122,Title 3122,Movie,1992,2022-04-30,G,118.0,3.0,Sci-Fi,United States,English,5.2,3.6,1,2253669,68.5,1067638,33,1990,1,1.5-2.5 hours,0.612051279641019
3122,3123,Title 3123,TV Show,1997,2019-03-23,TV-14,121.0,5.0,Thriller,United Kingdom,German,9.3,3.7,1,558556,51.7,1648909,28,1990,0,1.5-2.5 hours,0.29058363040498364
3123,3124,Title 3124,Movie,1992,2018-04-05,TV-14,118.0,3.0,Drama,South Korea,French,7.5,4.0,1,3723406,89.1,1044655,33,1990,0,1.5-2.5 hours,0.9149124359091987
3124,3125,Title 3125,Movie,2016,2021-07-20,TV-PG,133.0,0.0,Action,Spain,Japanese,7.8,3.3,0,1091166,89.6,1529553,9,2010,1,1.5-2.5 hours,0.5220753501072127
3125,3126,Title 3126,TV Show,2022,2019-09-01,TV-Y7,0.0,4.0,Thriller,Spain,Hindi,5.2,4.6,0,1893367,78.9,889000,3,2020,1,N/A,0.5996058310160353
3126,3127,Title 3127,TV Show,2018,2023-11-22,TV-Y7,66.0,2.0,Crime,United States,Japanese,8.9,3.3,0,2893685,27.4,628791,7,2010,1,1-1.5 hours,0.5436539436483451
3127,3128,Title 3128,TV Show,2021,2018-02-21,G,65.0,5.0,Thriller,Canada,Korean,7.7,4.0,1,2483896,21.9,1376969,4,2020,1,1-1.5 hours,0.4601854246099177
3128,3129,Title 3129,Movie,1996,2020-08-19,TV-Y7,176.0,0.0,Horror,United Kingdom,French,8.8,4.5,1,182853,30.2,1011312,29,1990,1,> 2.5 hours,0.14822802542706992
3129,3130,Title 3130,TV Show,1994,2020-05-08,TV-MA,162.0,5.0,Mystery,Germany,Japanese,9.3,4.0,1,2857530,44.1,696706,31,1990,0,> 2.5 hours,0.6050306787343664
3130,3131,Title 3131,TV Show,1997,2019-01-26,TV-Y,0.0,5.0,Mystery,South Korea,Hindi,4.7,3.7,1,1751430,38.1,1255029,28,1990,1,N/A,0.4151152224668617
3131,3132,Title 3132,Movie,2002,2019-01-06,TV-MA,74.0,0.0,Sci-Fi,Germany,Japanese,4.5,3.9,1,515835,47.7,1421274,23,2000,0,1-1.5 hours,0.2681754627825227
3132,3133,Title 3133,TV Show,2009,2017-09-13,PG-13,0.0,3.0,Action,Germany,German,8.4,4.7,1,338116,30.7,1096015,16,2000,0,N/A,0.17351753947323356
3133,3134,Title 3134,Movie,2013,2021-12-24,TV-Y,175.0,5.0,Horror,Australia,French,8.8,5.0,1,1189319,76.4,146082,12,2010,1,> 2.5 hours,0.48399834059543667
3134,3135,Title 3135,TV Show,1983,2017-05-04,PG,117.0,5.0,Drama,Canada,English,7.2,4.3,0,461201,83.4,273128,42,1980,1,1.5-2.5 hours,0.40278034024593573
3135,3136,Title 3136,Movie,1982,2021-05-16,TV-Y,158.0,2.0,Romance,Australia,Korean,6.0,4.6,0,2100881,56.6,305707,43,1980,1,> 2.5 hours,0.5415330166157957
3136,3137,Title 3137,TV Show,1986,2020-06-06,TV-Y,79.0,1.0,Adventure,France,Korean,7.6,3.0,1,764154,91.7,1556185,39,1980,1,1-1.5 hours,0.48142341521439186
3137,3138,Title 3138,TV Show,1997,2023-03-02,G,174.0,7.0,Sci-Fi,Japan,French,5.7,4.8,1,1460887,29.0,1433070,28,1990,1,> 2.5 hours,0.3351336526175447
3138,3139,Title 3139,Movie,2021,2016-10-07,TV-MA,122.0,6.0,Adventure,United States,Hindi,5.3,4.9,0,1417205,27.9,1174655,4,2020,0,1.5-2.5 hours,0.32418133459867016
3139,3140,Title 3140,Movie,1986,2020-01-20,TV-PG,134.0,3.0,Mystery,Spain,German,6.7,4.2,1,411169,35.0,640185,39,1980,1,1.5-2.5 hours,0.2016755196076789
3140,3141,Title 3141,TV Show,2019,2023-01-09,G,89.0,6.0,Comedy,Spain,Japanese,5.2,4.5,1,3129669,93.6,1188833,6,2010,1,1-1.5 hours,0.8438516409920127
3141,3142,Title 3142,Movie,1985,2020-05-18,TV-Y,119.0,0.0,Romance,United Kingdom,Japanese,6.7,4.0,1,967404,51.2,228709,40,1980,1,1.5-2.5 hours,0.3499109990552474
3142,3143,Title 3143,Movie,2001,2018-10-26,TV-PG,178.0,0.0,Romance,Canada,Spanish,9.3,3.6,1,3530650,89.3,1864385,24,2000,1,> 2.5 hours,0.8867989563971301
3143,3144,Title 3144,Movie,1980,2021-05-22,R,157.0,0.0,Adventure,Spain,Korean,8.6,4.7,1,3192071,35.2,1565170,45,1980,0,> 2.5 hours,0.6196119667329085
3144,3145,Title 3145,Movie,1983,2022-08-04,TV-PG,118.0,0.0,Comedy,Australia,Japanese,9.2,4.2,0,2376149,83.5,935131,42,1980,1,1.5-2.5 hours,0.690423330164158
3145,3146,Title 3146,TV Show,2022,2015-04-24,TV-14,0.0,3.0,Crime,Japan,English,8.4,4.2,0,1699928,43.3,964729,3,2020,0,N/A,0.4281899012222284
3146,3147,Title 3147,TV Show,2008,2019-08-04,G,146.0,3.0,Thriller,Australia,Korean,6.0,4.3,1,3105277,75.1,1226987,17,2000,1,> 2.5 hours,0.766192830930285
3147,3148,Title 3148,Movie,2000,2021-12-20,G,118.0,0.0,Sci-Fi,Germany,Korean,8.5,4.7,1,3769410,93.1,1333311,25,2000,1,1.5-2.5 hours,0.9378130548859009
3148,3149,Title 3149,Movie,2005,2023-10-08,TV-14,104.0,2.0,Horror,France,Spanish,9.1,4.5,1,1813928,90.0,1871816,20,2000,0,1.5-2.5 hours,0.6320899482473576
3149,3150,Title 3150,Movie,1993,2018-01-31,R,84.0,8.0,Romance,Spain,Spanish,9.2,3.4,1,1695305,82.3,364568,32,1990,0,1-1.5 hours,0.5834964493152356
3150,3151,Title 3151,Movie,1988,2021-03-03,TV-Y7,174.0,0.0,Adventure,Germany,German,7.8,3.9,0,3265902,23.8,1330349,37,1980,1,> 2.5 hours,0.5850866471882797
3151,3152,Title 3152,TV Show,1991,2019-02-14,TV-Y7,0.0,5.0,Thriller,Spain,Japanese,5.2,5.0,1,939108,65.6,592033,34,1990,1,N/A,0.40326658738311527
3152,3153,Title 3153,TV Show,2021,2015-09-19,TV-Y7,132.0,6.0,Mystery,South Korea,Japanese,4.2,4.1,1,3249525,82.7,495548,4,2020,1,1.5-2.5 hours,0.8182300904327486
3153,3154,Title 3154,Movie,1985,2015-11-20,TV-Y7,118.0,4.0,Horror,India,Korean,4.8,4.9,0,3709059,49.9,384487,40,1980,1,1.5-2.5 hours,0.7559603799910449
3154,3155,Title 3155,Movie,1999,2020-04-13,TV-MA,118.0,0.0,Adventure,United States,Korean,9.3,4.6,0,736729,74.8,125565,26,1990,0,1.5-2.5 hours,0.40970965390154823
3155,3156,Title 3156,Movie,2003,2015-12-11,TV-14,118.0,1.0,Sci-Fi,United States,Hindi,6.5,4.3,1,887037,30.4,1602402,22,2000,0,1.5-2.5 hours,0.25465591590376874
3156,3157,Title 3157,TV Show,2006,2022-01-15,R,121.0,7.0,Drama,Spain,Hindi,8.7,3.7,0,1517364,33.3,523613,19,2000,0,1.5-2.5 hours,0.36080522591437125
3157,3158,Title 3158,Movie,2017,2021-11-24,TV-Y,118.0,1.0,Romance,Japan,Japanese,6.6,3.6,0,3101595,68.3,72785,8,2010,1,1.5-2.5 hours,0.7384405294114558
3158,3159,Title 3159,TV Show,1987,2021-10-22,PG-13,0.0,7.0,Mystery,Canada,French,7.6,4.3,1,1514658,52.8,821914,38,1980,0,N/A,0.43839932479814325
3159,3160,Title 3160,Movie,1980,2016-02-29,G,118.0,1.0,Sci-Fi,United Kingdom,French,4.1,3.9,0,1154636,36.4,1276009,45,1980,1,1.5-2.5 hours,0.3187958762886598
3160,3161,Title 3161,TV Show,2003,2016-07-23,TV-PG,108.0,5.0,Action,Japan,English,5.4,4.6,1,3610897,41.2,1583959,22,2000,1,1.5-2.5 hours,0.7064360394991086
3161,3162,Title 3162,Movie,1986,2022-01-30,TV-Y7,86.0,5.0,Mystery,Canada,Japanese,6.4,4.5,0,536478,66.4,1627346,39,1980,1,1-1.5 hours,0.3460719212977836
3162,3163,Title 3163,TV Show,1998,2023-11-12,TV-PG,97.0,1.0,Horror,Japan,Japanese,7.5,3.6,1,1407861,74.4,1879582,27,1990,1,1-1.5 hours,0.5087797307442596
3163,3164,Title 3164,Movie,2001,2021-06-09,PG-13,118.0,4.0,Action,South Korea,Japanese,4.9,4.4,0,3044493,35.6,130684,24,2000,0,1.5-2.5 hours,0.5990752058568161
3164,3165,Title 3165,Movie,2014,2021-12-07,G,118.0,0.0,Mystery,Japan,English,8.2,4.0,1,2654359,91.6,1368631,11,2010,1,1.5-2.5 hours,0.7645549449260985
3165,3166,Title 3166,Movie,2009,2020-04-22,PG,164.0,0.0,Adventure,United Kingdom,Hindi,6.0,3.6,1,577789,20.6,1633692,16,2000,1,> 2.5 hours,0.16906858833861793
3166,3167,Title 3167,TV Show,2008,2015-05-03,R,150.0,5.0,Drama,United States,French,8.5,3.8,0,1951730,72.5,1656799,17,2000,0,> 2.5 hours,0.582760305090839
3167,3168,Title 3168,Movie,2001,2021-05-04,TV-MA,62.0,8.0,Thriller,Japan,Japanese,4.5,4.8,1,2771125,41.8,871525,24,2000,0,1-1.5 hours,0.582869893092206
3168,3169,Title 3169,TV Show,1990,2017-02-12,TV-PG,0.0,5.0,Drama,Australia,English,7.7,3.7,0,1407738,55.9,1121072,35,1990,1,N/A,0.4347612806935219
3169,3170,Title 3170,TV Show,1999,2017-09-01,TV-Y7,0.0,8.0,Drama,Canada,Korean,5.6,3.6,1,1686991,62.7,1064077,26,1990,1,N/A,0.5038493458857012
3170,3171,Title 3171,Movie,2008,2020-04-20,TV-14,118.0,4.0,Adventure,France,French,8.4,3.7,1,2334189,62.1,134289,17,2000,0,1.5-2.5 hours,0.5985293128556104
3171,3172,Title 3172,Movie,2020,2023-06-22,TV-PG,149.0,0.0,Comedy,Canada,Spanish,6.2,3.4,1,3142808,78.2,1819516,5,2020,1,> 2.5 hours,0.7842224964118651
3172,3173,Title 3173,Movie,2021,2015-08-10,G,118.0,1.0,Mystery,United States,French,7.7,4.1,1,109198,81.8,1743596,4,2020,1,1.5-2.5 hours,0.3435797450442989
3173,3174,Title 3174,TV Show,2013,2023-06-12,PG,67.0,1.0,Thriller,Japan,Korean,9.1,3.3,0,2130157,25.5,316029,12,2010,1,1-1.5 hours,0.4215244286921789
3174,3175,Title 3175,Movie,1980,2015-03-26,R,118.0,1.0,Crime,Australia,Hindi,4.1,4.6,0,2558656,72.7,317361,45,1980,0,1.5-2.5 hours,0.6745994554485024
3175,3176,Title 3176,TV Show,2010,2016-10-15,TV-14,0.0,4.0,Adventure,Japan,German,4.1,3.5,0,815522,49.9,806687,15,2010,0,N/A,0.32192863640375013
3176,3177,Title 3177,TV Show,2009,2016-06-24,G,100.0,2.0,Comedy,Japan,German,8.2,4.2,1,273132,81.4,721693,16,2000,1,1-1.5 hours,0.3665699126672599
3177,3178,Title 3178,Movie,1997,2022-10-07,PG,119.0,7.0,Adventure,Spain,Hindi,7.6,3.3,1,1372945,65.7,659958,28,1990,1,1.5-2.5 hours,0.46874231634137
3178,3179,Title 3179,Movie,1996,2022-02-02,TV-14,118.0,0.0,Comedy,South Korea,Korean,5.6,5.0,0,1586475,20.8,1869829,29,1990,0,1.5-2.5 hours,0.32117190442273713
3179,3180,Title 3180,Movie,2017,2018-04-16,TV-PG,118.0,8.0,Drama,United Kingdom,English,6.7,3.9,0,1601815,70.0,1713729,8,2010,1,1.5-2.5 hours,0.5202729107505045
3180,3181,Title 3181,Movie,1993,2015-05-20,G,145.0,0.0,Romance,South Korea,French,4.2,4.6,0,2279976,89.4,1148564,32,1990,1,> 2.5 hours,0.6995973404926863
3181,3182,Title 3182,Movie,2002,2017-01-15,TV-Y,140.0,0.0,Romance,France,French,5.1,4.5,0,3877401,26.2,61754,23,2000,1,1.5-2.5 hours,0.6864117494323109
3182,3183,Title 3183,Movie,2004,2020-05-30,PG,118.0,0.0,Action,United States,English,6.3,4.4,0,3451493,57.1,1402017,21,2000,1,1.5-2.5 hours,0.7461253737447778
3183,3184,Title 3184,TV Show,1994,2019-08-10,TV-Y,82.0,5.0,Crime,Japan,German,8.6,4.7,1,1592050,66.9,1735487,31,1990,1,1-1.5 hours,0.506408156722431
3184,3185,Title 3185,TV Show,2001,2016-10-04,TV-Y,0.0,5.0,Thriller,India,Japanese,6.6,3.2,1,1225465,34.7,24015,24,2000,1,N/A,0.3226202555057026
3185,3186,Title 3186,TV Show,1982,2017-04-09,TV-MA,95.0,2.0,Comedy,South Korea,Japanese,7.2,4.4,1,410985,68.8,1668265,43,1980,0,1-1.5 hours,0.33684791953177873
3186,3187,Title 3187,Movie,1998,2016-07-16,PG,159.0,8.0,Mystery,Germany,Hindi,8.8,3.5,1,631022,23.7,1843673,27,1990,1,> 2.5 hours,0.18945356029729082
3187,3188,Title 3188,TV Show,2023,2017-07-20,TV-Y,0.0,5.0,Drama,India,Japanese,5.7,4.6,1,68774,87.9,1273045,2,2020,1,N/A,0.36191612836935305
3188,3189,Title 3189,TV Show,2013,2019-10-31,TV-PG,0.0,6.0,Horror,South Korea,Hindi,7.9,4.9,1,2828877,77.2,1933213,12,2010,1,N/A,0.7331327169149715
3189,3190,Title 3190,TV Show,2014,2018-02-03,G,0.0,3.0,Mystery,Germany,Japanese,8.7,4.8,1,164049,90.6,1192145,11,2010,1,N/A,0.3870074176703986
3190,3191,Title 3191,TV Show,1980,2018-12-29,G,0.0,5.0,Mystery,United States,Spanish,5.1,3.2,0,1090122,51.4,465868,45,1980,1,N/A,0.36911874967656166
3191,3192,Title 3192,TV Show,2000,2015-02-19,TV-PG,78.0,5.0,Comedy,Japan,German,6.0,3.7,0,1959926,22.6,1064426,25,2000,1,1-1.5 hours,0.3843897084716983
3192,3193,Title 3193,Movie,2008,2020-05-11,TV-MA,118.0,2.0,Thriller,Australia,Hindi,9.4,3.7,1,2773680,45.6,519384,17,2000,0,1.5-2.5 hours,0.5984531441461464
3193,3194,Title 3194,Movie,1985,2018-10-23,R,118.0,4.0,Drama,Australia,Spanish,9.4,3.2,1,1706279,58.7,863755,40,1980,0,1.5-2.5 hours,0.49074255384202314
3194,3195,Title 3195,TV Show,2016,2017-04-26,TV-MA,0.0,5.0,Drama,South Korea,English,5.2,3.2,1,2337755,90.2,400092,9,2010,0,N/A,0.7114642143265895
3195,3196,Title 3196,TV Show,1980,2022-04-14,G,75.0,6.0,Thriller,Japan,German,4.4,3.8,1,737332,86.2,323108,45,1980,1,1-1.5 hours,0.4554001041502864
3196,3197,Title 3197,TV Show,1980,2023-08-18,R,0.0,8.0,Romance,South Korea,German,5.5,5.0,0,1661848,64.6,762438,45,1980,0,N/A,0.5076778855141851
3197,3198,Title 3198,Movie,2006,2015-11-11,TV-MA,118.0,7.0,Sci-Fi,United States,Hindi,6.2,4.1,1,333051,74.7,1546115,19,2000,0,1.5-2.5 hours,0.34875778738391533
3198,3199,Title 3199,Movie,2000,2021-09-24,TV-Y,118.0,0.0,Action,Germany,Hindi,6.4,4.2,1,3723386,91.5,914043,25,2000,1,1.5-2.5 hours,0.9245094359009487
3199,3200,Title 3200,TV Show,1995,2019-04-27,R,169.0,3.0,Adventure,Japan,Korean,7.4,3.9,1,1820731,83.8,1159441,30,1990,0,> 2.5 hours,0.6083104010536029
3200,3201,Title 3201,Movie,2023,2018-08-31,G,86.0,0.0,Action,India,Japanese,8.9,4.3,1,186898,69.4,750226,2,2020,1,1-1.5 hours,0.305634777095637
3201,3202,Title 3202,Movie,2019,2019-10-11,TV-PG,151.0,0.0,Romance,Germany,English,5.8,4.9,1,3248955,60.5,1808156,6,2010,1,> 2.5 hours,0.729344590197623
3202,3203,Title 3203,TV Show,2005,2018-03-21,TV-Y7,0.0,6.0,Comedy,India,English,8.7,4.2,0,282406,55.7,1271472,20,2000,1,N/A,0.2651610164927954
3203,3204,Title 3204,Movie,1995,2022-11-09,TV-Y,174.0,0.0,Comedy,India,French,4.5,3.1,0,1365415,76.7,793611,30,1990,1,> 2.5 hours,0.5116128132352364
3204,3205,Title 3205,Movie,2007,2015-04-22,TV-Y,118.0,0.0,Crime,United States,Spanish,4.2,4.0,1,1917872,80.7,109219,18,2000,1,1.5-2.5 hours,0.6104815911243756
3205,3206,Title 3206,TV Show,1980,2021-11-19,TV-Y7,100.0,8.0,Action,United Kingdom,Spanish,6.8,5.0,1,914733,36.3,625292,45,1980,1,1-1.5 hours,0.28241032732840016
3206,3207,Title 3207,Movie,2015,2023-02-11,PG-13,122.0,0.0,Action,United Kingdom,Korean,4.3,3.8,0,702965,55.6,557043,10,2010,0,1.5-2.5 hours,0.32784503997385994
3207,3208,Title 3208,Movie,1989,2017-03-26,TV-14,178.0,0.0,Adventure,Japan,French,6.2,4.2,1,1341261,77.8,1852321,36,1980,0,> 2.5 hours,0.512389703271684
3208,3209,Title 3209,TV Show,2022,2022-10-09,PG,72.0,5.0,Comedy,France,English,8.9,3.2,1,1160506,70.7,137192,3,2020,1,1-1.5 hours,0.4568763787100415
3209,3210,Title 3210,Movie,1996,2016-03-18,TV-MA,118.0,0.0,Mystery,Canada,Japanese,5.3,3.3,0,1852177,64.4,86524,29,1990,0,1.5-2.5 hours,0.5354273140251136
3210,3211,Title 3211,Movie,2002,2019-06-24,PG-13,175.0,8.0,Action,United Kingdom,Japanese,7.9,4.7,0,2467959,44.3,38965,23,2000,0,> 2.5 hours,0.5473948680358871
3211,3212,Title 3212,TV Show,1986,2016-09-04,TV-MA,0.0,5.0,Adventure,Japan,Japanese,5.7,3.6,0,1152229,65.7,291343,39,1980,0,N/A,0.4356348252957696
3212,3213,Title 3213,TV Show,2023,2015-02-22,PG-13,85.0,2.0,Thriller,India,Japanese,4.2,3.6,0,1582618,65.9,450600,2,2020,0,1-1.5 hours,0.5009933528317203
3213,3214,Title 3214,TV Show,1986,2020-02-11,R,0.0,4.0,Horror,Australia,Spanish,7.1,3.8,0,1182990,52.4,1801141,39,1980,0,N/A,0.387048987984717
3214,3215,Title 3215,Movie,2023,2020-12-21,TV-PG,118.0,5.0,Thriller,United Kingdom,English,8.6,4.9,0,2133514,92.0,711582,2,2020,1,1.5-2.5 hours,0.6880279800769453
3215,3216,Title 3216,TV Show,1994,2021-09-23,PG,0.0,7.0,Adventure,United States,Japanese,6.3,3.2,0,1889051,69.0,1423617,31,1990,1,N/A,0.5593584292356804
3216,3217,Title 3217,Movie,2013,2018-11-09,PG,86.0,6.0,Mystery,Japan,English,7.4,4.6,1,3995746,83.8,1977056,12,2010,1,1-1.5 hours,0.9345635482497576
3217,3218,Title 3218,TV Show,2024,2021-11-13,TV-MA,0.0,4.0,Crime,Canada,French,9.0,3.7,1,1562467,29.7,1075709,1,2020,0,N/A,0.3531706945194099
3218,3219,Title 3219,Movie,1983,2015-05-20,TV-Y7,154.0,8.0,Comedy,South Korea,Spanish,8.3,4.7,1,1393350,76.8,472307,42,1980,1,> 2.5 hours,0.5162030747584556
3219,3220,Title 3220,TV Show,1993,2016-05-21,R,152.0,5.0,Crime,France,Hindi,5.1,5.0,1,1541528,65.1,459948,32,1990,0,> 2.5 hours,0.49162983588204867
3220,3221,Title 3221,TV Show,1993,2017-09-01,PG,67.0,5.0,Crime,India,Hindi,8.0,3.7,1,1670394,43.1,1561456,32,1990,1,1-1.5 hours,0.42295978903941983
3221,3222,Title 3222,TV Show,1995,2020-09-18,TV-14,0.0,4.0,Adventure,India,French,6.8,3.3,1,296713,30.2,1341903,30,1990,0,N/A,0.16530707239444908
3222,3223,Title 3223,TV Show,1986,2019-05-04,TV-MA,0.0,4.0,Comedy,South Korea,Spanish,8.1,3.3,1,315041,48.5,115759,39,1980,0,N/A,0.2412562799547699
3223,3224,Title 3224,Movie,2011,2016-05-08,TV-Y,90.0,7.0,Drama,United Kingdom,Korean,6.7,4.5,0,1335480,53.1,553687,14,2010,1,1-1.5 hours,0.4127225508870149
3224,3225,Title 3225,TV Show,1998,2021-04-17,TV-14,65.0,8.0,Horror,Australia,German,4.7,3.3,1,3459902,30.6,677178,27,1990,0,1-1.5 hours,0.6413867272134999
3225,3226,Title 3226,TV Show,1981,2020-08-20,G,140.0,6.0,Action,South Korea,French,7.1,3.5,1,2490501,70.3,575516,44,1980,1,1.5-2.5 hours,0.6547761773344877
3226,3227,Title 3227,Movie,1989,2017-05-08,TV-MA,118.0,7.0,Crime,Australia,English,6.7,3.4,0,1836449,43.0,499680,36,1980,0,1.5-2.5 hours,0.4474681075372957
3227,3228,Title 3228,TV Show,1996,2017-07-20,TV-MA,0.0,5.0,Thriller,India,French,6.8,3.7,0,1329783,80.5,733924,29,1990,0,N/A,0.5214679985369961
3228,3229,Title 3229,Movie,2016,2022-03-26,TV-Y,179.0,0.0,Drama,Canada,German,8.8,3.1,1,3712179,68.6,533085,9,2010,1,> 2.5 hours,0.8312283812780485
3229,3230,Title 3230,TV Show,1991,2022-08-08,R,84.0,4.0,Drama,United Kingdom,French,8.9,4.7,0,981866,43.3,1580328,34,1990,0,1-1.5 hours,0.3204803050208388
3230,3231,Title 3231,TV Show,1985,2020-01-14,TV-Y,0.0,5.0,Mystery,Japan,Spanish,6.5,4.7,0,2976220,47.0,786496,40,1980,1,N/A,0.6344342276941262
3231,3232,Title 3232,TV Show,2001,2015-09-30,PG,133.0,5.0,Crime,India,English,6.5,3.8,1,2481431,90.7,1542915,24,2000,1,1.5-2.5 hours,0.7350156735931024
3232,3233,Title 3233,Movie,2011,2015-02-15,TV-PG,72.0,0.0,Crime,South Korea,German,6.8,4.2,1,1131455,91.1,118631,14,2010,1,1-1.5 hours,0.5341187167264709
3233,3234,Title 3234,TV Show,2020,2019-05-26,TV-MA,175.0,6.0,Sci-Fi,Australia,Japanese,6.9,4.3,1,3325498,51.4,1522567,5,2020,0,> 2.5 hours,0.7044260717716974
3234,3235,Title 3235,TV Show,1999,2019-01-18,G,0.0,2.0,Adventure,Australia,Hindi,9.2,4.5,1,3813862,70.9,1266583,26,1990,1,N/A,0.8556808732224013
3235,3236,Title 3236,TV Show,1980,2023-05-10,TV-Y7,0.0,4.0,Mystery,India,Korean,7.6,4.0,1,611526,93.5,1444362,45,1980,1,N/A,0.46572915225516875
3236,3237,Title 3237,Movie,1985,2023-06-29,TV-MA,118.0,3.0,Drama,India,French,5.5,4.0,0,391306,94.6,758443,40,1980,0,1.5-2.5 hours,0.4370960614141689
3237,3238,Title 3238,Movie,1998,2022-10-16,TV-Y,118.0,8.0,Drama,Canada,French,6.9,4.3,1,3352220,25.4,1772002,27,1990,1,1.5-2.5 hours,0.6044343827945526
3238,3239,Title 3239,TV Show,1997,2021-04-22,PG-13,126.0,4.0,Sci-Fi,Canada,German,7.4,4.4,1,3558349,61.5,1420429,28,1990,0,1.5-2.5 hours,0.779753817822999
3239,3240,Title 3240,Movie,1985,2023-04-26,TV-MA,140.0,7.0,Action,Spain,Korean,7.5,3.7,1,3854166,74.5,1173702,40,1980,0,1.5-2.5 hours,0.8761264898478471
3240,3241,Title 3241,TV Show,2024,2022-03-23,TV-MA,0.0,2.0,Romance,South Korea,French,7.2,3.7,0,3583361,34.0,1598233,1,2020,0,N/A,0.6735056281404773
3241,3242,Title 3242,TV Show,2012,2016-12-15,G,0.0,5.0,Thriller,United States,Hindi,5.0,3.5,1,379063,81.6,288842,13,2010,1,N/A,0.38325960636391754
3242,3243,Title 3243,TV Show,2002,2022-12-12,G,0.0,7.0,Romance,South Korea,German,4.2,4.1,1,1138065,55.1,1552208,23,2000,1,N/A,0.39111021945310354
3243,3244,Title 3244,TV Show,2002,2018-09-10,TV-MA,60.0,8.0,Crime,Canada,Spanish,5.9,3.7,1,1888978,57.3,326292,23,2000,0,1-1.5 hours,0.5125474792055678
3244,3245,Title 3245,TV Show,2005,2023-12-04,PG-13,173.0,5.0,Comedy,Spain,English,6.4,4.1,1,1803449,40.6,649567,20,2000,0,> 2.5 hours,0.43291809392475833
3245,3246,Title 3246,TV Show,1992,2017-08-18,TV-PG,176.0,4.0,Mystery,United Kingdom,Hindi,4.3,3.8,0,3188214,42.5,187619,33,1990,1,> 2.5 hours,0.6482334151418916
3246,3247,Title 3247,TV Show,1986,2021-07-15,PG-13,114.0,2.0,Crime,India,Korean,8.5,4.7,1,2086694,26.3,434851,39,1980,0,1.5-2.5 hours,0.4182049607636421
3247,3248,Title 3248,Movie,1994,2017-02-23,PG-13,118.0,0.0,Action,France,Korean,5.9,3.1,1,1134155,89.9,337259,31,1990,0,1.5-2.5 hours,0.5297237178402241
3248,3249,Title 3249,Movie,2023,2016-03-26,PG-13,118.0,0.0,Romance,South Korea,Hindi,9.0,4.1,1,3903062,48.6,432532,2,2020,0,1.5-2.5 hours,0.7798609100175026
3249,3250,Title 3250,Movie,2006,2023-02-17,TV-PG,73.0,2.0,Crime,South Korea,Japanese,4.8,4.2,1,2927123,32.2,1222015,19,2000,1,1-1.5 hours,0.5678696574415579
3250,3251,Title 3251,Movie,2005,2016-05-15,R,115.0,5.0,Thriller,Germany,Spanish,4.3,3.8,0,293700,30.7,1234898,20,2000,0,1.5-2.5 hours,0.16685512115158319
3251,3252,Title 3252,Movie,2012,2022-10-27,R,118.0,6.0,Drama,Canada,French,6.7,3.8,0,3996166,50.6,195757,13,2010,0,1.5-2.5 hours,0.8018265484230082
3252,3253,Title 3253,Movie,1994,2022-04-17,PG-13,118.0,1.0,Adventure,France,Spanish,5.0,4.6,1,1026135,67.4,1488230,31,1990,0,1.5-2.5 hours,0.4235206732818515
3253,3254,Title 3254,Movie,2015,2018-12-05,TV-Y,135.0,0.0,Horror,Japan,French,9.2,3.6,1,2037359,78.3,386481,10,2010,1,1.5-2.5 hours,0.6188046904128987
3254,3255,Title 3255,TV Show,2024,2015-08-24,TV-14,0.0,2.0,Crime,Germany,French,4.1,4.7,0,2139234,89.3,722560,1,2020,0,N/A,0.6780859824364518
3255,3256,Title 3256,TV Show,2006,2021-08-08,R,156.0,8.0,Action,United States,Korean,6.3,4.8,0,2750917,67.7,1732229,19,2000,0,> 2.5 hours,0.6834386847563831
3256,3257,Title 3257,TV Show,1984,2020-03-10,TV-Y7,88.0,2.0,Mystery,South Korea,French,9.1,4.3,1,687323,51.5,657003,41,1980,1,1-1.5 hours,0.3090987335215172
3257,3258,Title 3258,TV Show,1981,2023-10-29,G,0.0,5.0,Comedy,Spain,Hindi,6.1,4.5,1,1570952,51.6,1726224,44,1980,1,N/A,0.4420434480194821
3258,3259,Title 3259,Movie,2012,2020-01-31,TV-PG,80.0,6.0,Thriller,Spain,Japanese,4.5,4.2,1,1722073,63.1,1521791,13,2010,1,1-1.5 hours,0.510711660357066
3259,3260,Title 3260,Movie,1995,2017-07-15,TV-PG,145.0,6.0,Sci-Fi,Japan,French,5.7,4.1,1,1581853,60.4,1842858,30,1990,1,> 2.5 hours,0.47887860251615694
3260,3261,Title 3261,TV Show,2002,2020-07-17,TV-14,0.0,5.0,Action,Australia,Hindi,6.7,4.9,1,1739434,68.1,213382,23,2000,0,N/A,0.5333158175184982
3261,3262,Title 3262,TV Show,2017,2018-06-20,R,0.0,8.0,Romance,Germany,English,5.0,3.6,0,279867,57.8,1877517,8,2010,0,N/A,0.273180165445455
3262,3263,Title 3263,Movie,1995,2020-09-12,G,132.0,0.0,Adventure,Germany,Korean,6.6,3.3,1,442980,24.4,414670,30,1990,1,1.5-2.5 hours,0.1640471827297525
3263,3264,Title 3264,TV Show,1993,2017-08-04,PG-13,142.0,5.0,Romance,Spain,Spanish,8.6,3.6,0,3340515,57.6,137265,32,1990,0,> 2.5 hours,0.731478627966227
3264,3265,Title 3265,TV Show,2008,2019-06-25,TV-Y,0.0,7.0,Drama,Spain,German,8.8,4.2,1,2849992,21.7,402030,17,2000,1,N/A,0.514299975624933
3265,3266,Title 3266,TV Show,2005,2021-12-06,R,0.0,5.0,Adventure,India,Spanish,4.3,3.4,1,303571,33.5,500099,20,2000,0,N/A,0.17953577522338188
3266,3267,Title 3267,TV Show,2014,2015-03-26,TV-14,137.0,5.0,Romance,Spain,Spanish,4.9,4.8,1,1226210,49.1,1471446,11,2010,0,1.5-2.5 hours,0.38033200581301596
3267,3268,Title 3268,Movie,1994,2023-09-21,G,118.0,2.0,Mystery,Canada,Japanese,5.5,3.8,1,2975084,61.3,727034,31,1990,1,1.5-2.5 hours,0.6914638272255248
3268,3269,Title 3269,TV Show,1982,2016-05-09,TV-MA,98.0,5.0,Romance,Spain,German,7.3,4.7,1,2379414,33.9,35829,43,1980,0,1-1.5 hours,0.49251308151097417
3269,3270,Title 3270,TV Show,2002,2020-02-28,G,153.0,5.0,Thriller,Germany,Japanese,6.0,3.5,1,1897615,40.7,1905649,23,2000,1,> 2.5 hours,0.4474430327683402
3270,3271,Title 3271,Movie,2008,2015-09-22,TV-MA,118.0,0.0,Thriller,India,Korean,8.6,3.6,0,2923332,48.1,1027261,17,2000,0,1.5-2.5 hours,0.6309010058777662
3271,3272,Title 3272,Movie,2013,2020-07-11,TV-Y7,167.0,0.0,Horror,United States,French,7.9,3.1,1,3767344,34.8,501715,12,2010,1,> 2.5 hours,0.7043031540336736
3272,3273,Title 3273,TV Show,2012,2015-09-20,PG,96.0,8.0,Romance,Germany,English,4.6,3.5,0,3540247,94.9,851170,13,2010,1,1-1.5 hours,0.9106385103559035
3273,3274,Title 3274,Movie,2020,2015-07-28,G,118.0,0.0,Mystery,Spain,Spanish,7.4,4.0,1,1459674,80.4,1319112,5,2020,1,1.5-2.5 hours,0.5405517021171808
3274,3275,Title 3275,TV Show,2020,2022-12-30,TV-14,0.0,5.0,Mystery,Spain,Japanese,4.6,4.9,0,1190000,80.8,281125,5,2020,0,N/A,0.5017004908763499
3275,3276,Title 3276,TV Show,2002,2017-07-30,TV-14,0.0,5.0,Crime,Spain,French,5.4,3.8,0,3704936,62.7,397228,23,2000,0,N/A,0.8065419282903028
3276,3277,Title 3277,Movie,1986,2019-04-24,TV-Y,119.0,0.0,Comedy,India,Spanish,5.0,4.3,1,2462960,92.1,1463051,39,1980,1,1.5-2.5 hours,0.7378450159737939
3277,3278,Title 3278,TV Show,1982,2016-04-18,PG-13,75.0,6.0,Adventure,South Korea,Korean,5.0,3.9,0,1603891,74.9,1225969,43,1980,0,1-1.5 hours,0.540184311606857
3278,3279,Title 3279,TV Show,2011,2022-06-26,G,149.0,1.0,Action,India,Korean,7.4,3.1,0,3936617,44.8,907377,14,2010,1,> 2.5 hours,0.7696941738589781
3279,3280,Title 3280,TV Show,2010,2022-01-07,PG,146.0,5.0,Sci-Fi,United Kingdom,Hindi,7.1,4.0,1,3630707,65.8,969276,15,2010,1,> 2.5 hours,0.807807547670756
3280,3281,Title 3281,TV Show,1997,2022-07-16,R,124.0,1.0,Adventure,Canada,Korean,5.0,3.1,1,1556058,60.8,171452,28,1990,0,1.5-2.5 hours,0.47660934187569015
3281,3282,Title 3282,Movie,2022,2020-11-10,TV-14,158.0,2.0,Adventure,France,Korean,9.4,4.8,0,2729581,63.5,506450,3,2020,0,> 2.5 hours,0.6634382759552588
3282,3283,Title 3283,Movie,1986,2015-04-07,TV-Y7,118.0,7.0,Drama,Canada,Spanish,6.3,4.5,1,2838664,81.3,1618212,39,1980,1,1.5-2.5 hours,0.7510007709521201
3283,3284,Title 3284,TV Show,2020,2020-04-04,TV-PG,0.0,5.0,Adventure,Spain,English,4.5,3.8,1,1791408,58.2,757003,5,2020,1,N/A,0.5015119389578322
3284,3285,Title 3285,Movie,1980,2020-07-17,TV-14,144.0,0.0,Drama,France,Japanese,4.7,4.3,1,1262041,74.6,1476341,45,1980,0,> 2.5 hours,0.48770667059334416
3285,3286,Title 3286,TV Show,1993,2019-04-06,G,0.0,5.0,Crime,United States,Spanish,7.2,3.2,1,1551148,38.8,829604,32,1990,1,N/A,0.3878728398503096
3286,3287,Title 3287,TV Show,2011,2017-03-02,TV-Y7,125.0,5.0,Comedy,Australia,Japanese,9.4,4.4,0,2322024,89.9,365003,14,2010,1,1.5-2.5 hours,0.707904557837534
3287,3288,Title 3288,TV Show,1985,2020-07-04,TV-PG,153.0,5.0,Mystery,Germany,French,7.1,4.6,0,3512751,26.5,1328864,40,1980,1,> 2.5 hours,0.6329140990137723
3288,3289,Title 3289,TV Show,2018,2017-10-01,TV-MA,0.0,5.0,Horror,South Korea,Japanese,9.2,4.6,0,1950483,94.5,815660,7,2010,0,N/A,0.67057325457645
3289,3290,Title 3290,TV Show,1989,2017-06-20,PG,140.0,5.0,Mystery,Australia,Korean,6.4,3.6,0,1634118,67.5,1126448,36,1980,1,1.5-2.5 hours,0.5151183740755287
3290,3291,Title 3291,Movie,1986,2018-05-16,TV-14,102.0,4.0,Romance,India,Hindi,6.4,3.5,0,567176,55.2,181686,39,1980,0,1.5-2.5 hours,0.30587663396074344
3291,3292,Title 3292,TV Show,2005,2022-01-31,G,155.0,4.0,Sci-Fi,United Kingdom,English,6.8,4.0,0,2998218,43.3,24013,20,2000,1,> 2.5 hours,0.6229339367683261
3292,3293,Title 3293,Movie,2013,2018-02-04,TV-PG,118.0,6.0,Comedy,Japan,Hindi,7.8,4.9,1,3211830,50.4,993129,12,2010,1,1.5-2.5 hours,0.6833758248835184
3293,3294,Title 3294,Movie,2009,2020-11-23,TV-PG,118.0,0.0,Comedy,Canada,German,6.0,4.8,1,1075313,78.7,1559693,16,2000,1,1.5-2.5 hours,0.4760973935678323
3294,3295,Title 3295,TV Show,2015,2021-05-11,PG-13,0.0,5.0,Crime,Australia,Hindi,8.8,3.7,1,3214757,30.5,490198,10,2010,0,N/A,0.6042148760909092
3295,3296,Title 3296,TV Show,2000,2018-04-05,TV-PG,76.0,5.0,Sci-Fi,United Kingdom,Hindi,4.2,4.6,0,1056540,39.0,695356,25,2000,1,1-1.5 hours,0.3144814358239485
3296,3297,Title 3297,TV Show,1996,2018-02-10,PG,114.0,2.0,Romance,Spain,French,6.4,4.8,0,1421698,29.3,433353,29,1990,1,1.5-2.5 hours,0.33045528645203776
3297,3298,Title 3298,TV Show,2012,2017-09-30,TV-Y7,173.0,3.0,Romance,India,Korean,6.8,3.5,1,2736179,52.0,1021189,13,2010,1,> 2.5 hours,0.6184279786769413
3298,3299,Title 3299,TV Show,1989,2019-07-24,TV-Y7,0.0,5.0,Horror,India,French,7.3,4.7,0,445269,49.0,1966424,36,1980,1,N/A,0.2627905336739676
3299,3300,Title 3300,Movie,2021,2016-04-11,TV-PG,60.0,0.0,Action,Germany,Korean,5.5,3.5,1,3084554,68.7,1002849,4,2020,1,1-1.5 hours,0.7374843723820241
3300,3301,Title 3301,TV Show,1991,2022-08-25,G,0.0,5.0,Mystery,France,French,6.4,3.7,1,3818629,94.7,564368,34,1990,1,N/A,0.9515959251887943
3301,3302,Title 3302,TV Show,1995,2018-12-11,TV-14,0.0,5.0,Adventure,France,Korean,6.7,3.4,1,3843680,86.9,718106,30,1990,0,N/A,0.9241535855223602
3302,3303,Title 3303,Movie,2020,2022-08-29,G,78.0,4.0,Sci-Fi,Australia,Japanese,7.8,4.0,0,3881705,86.0,609541,5,2020,1,1-1.5 hours,0.9262573512077159
3303,3304,Title 3304,Movie,2011,2016-11-26,TV-Y,118.0,0.0,Romance,United States,Korean,8.3,4.7,0,130727,68.4,778981,14,2010,1,1.5-2.5 hours,0.2932091039250358
3304,3305,Title 3305,TV Show,1994,2022-04-15,TV-14,108.0,1.0,Romance,France,Korean,8.1,4.1,1,1906392,40.3,1268744,31,1990,0,1.5-2.5 hours,0.44715958638886255
3305,3306,Title 3306,Movie,2006,2018-04-27,TV-MA,101.0,3.0,Action,France,Hindi,5.9,3.2,0,251729,48.8,1936815,19,2000,0,1.5-2.5 hours,0.23295945383849806
3306,3307,Title 3307,TV Show,2007,2017-11-27,PG,115.0,5.0,Comedy,Spain,German,9.5,3.5,0,934499,38.8,300410,18,2000,1,1.5-2.5 hours,0.2953752354818976
3307,3308,Title 3308,Movie,1996,2020-06-20,G,118.0,7.0,Romance,Spain,Korean,8.7,4.1,1,793002,30.1,1685209,29,1990,1,1.5-2.5 hours,0.23935062711422456
3308,3309,Title 3309,Movie,1981,2016-05-24,PG-13,105.0,0.0,Horror,United Kingdom,German,5.4,4.2,0,409173,52.7,960192,44,1980,0,1.5-2.5 hours,0.2721761187843267
3309,3310,Title 3310,TV Show,2015,2022-11-01,TV-Y7,0.0,5.0,Romance,India,German,5.1,4.2,1,1334849,87.3,1102698,10,2010,1,N/A,0.5494279006267268
3310,3311,Title 3311,Movie,1986,2019-12-05,TV-PG,118.0,5.0,Romance,India,Spanish,5.7,3.2,0,3982122,75.8,1149440,39,1980,1,1.5-2.5 hours,0.9005199426298423
3311,3312,Title 3312,Movie,1992,2022-04-19,TV-14,118.0,6.0,Action,India,Spanish,6.5,4.5,0,1185990,93.9,1190363,33,1990,0,1.5-2.5 hours,0.5534989892222204
3312,3313,Title 3313,Movie,1994,2018-06-11,TV-PG,118.0,0.0,Horror,United Kingdom,English,8.7,4.8,0,3244101,34.6,1433261,31,1990,1,1.5-2.5 hours,0.6250164881953426
3313,3314,Title 3314,Movie,2004,2022-01-26,TV-MA,118.0,0.0,Thriller,Japan,Japanese,8.3,4.0,0,762151,57.5,418379,21,2000,0,1.5-2.5 hours,0.344322964388152
3314,3315,Title 3315,Movie,2002,2022-01-07,TV-Y,118.0,0.0,Drama,Spain,French,8.7,4.4,0,1567134,79.5,1470617,23,2000,1,1.5-2.5 hours,0.5530707464445528
3315,3316,Title 3316,Movie,2001,2015-05-31,TV-PG,167.0,5.0,Action,United Kingdom,Spanish,5.5,4.8,0,3171974,54.5,755419,24,2000,1,> 2.5 hours,0.6937974084428732
3316,3317,Title 3317,TV Show,2005,2020-05-14,G,143.0,5.0,Comedy,India,Korean,7.3,4.3,0,583807,46.6,914549,20,2000,1,> 2.5 hours,0.27397129082104976
3317,3318,Title 3318,TV Show,2012,2021-10-28,TV-14,0.0,3.0,Comedy,Australia,German,5.6,4.3,0,1049481,81.2,1096612,13,2010,0,N/A,0.48222258291210307
3318,3319,Title 3319,Movie,1990,2018-10-04,PG-13,148.0,0.0,Sci-Fi,Spain,French,4.6,4.4,1,3622960,52.3,1181930,35,1990,0,> 2.5 hours,0.7526454944751099
3319,3320,Title 3320,TV Show,1989,2018-10-16,TV-MA,152.0,8.0,Action,South Korea,English,7.8,3.5,1,927993,88.5,717333,36,1980,0,> 2.5 hours,0.4931993327981652
3320,3321,Title 3321,TV Show,2004,2019-01-02,PG,109.0,1.0,Crime,France,Spanish,4.8,4.2,0,1521689,40.1,845237,21,2000,1,1.5-2.5 hours,0.3886539776984387
3321,3322,Title 3322,TV Show,2016,2020-04-05,TV-Y,160.0,5.0,Action,Spain,Hindi,7.7,4.7,0,3840740,87.2,951948,9,2010,1,> 2.5 hours,0.9249125843096069
3322,3323,Title 3323,Movie,2022,2016-08-27,G,118.0,0.0,Thriller,Spain,Japanese,7.6,3.6,1,789357,40.9,232835,3,2020,1,1.5-2.5 hours,0.28200387561065793
3323,3324,Title 3324,TV Show,2017,2017-05-22,PG,76.0,5.0,Romance,India,French,8.5,4.8,1,1975270,41.7,401609,8,2010,1,1-1.5 hours,0.46309131480111576
3324,3325,Title 3325,Movie,2020,2020-06-20,PG-13,124.0,0.0,Action,Canada,English,4.8,4.2,1,2405747,51.5,1638167,5,2020,0,1.5-2.5 hours,0.5668630423733665
3325,3326,Title 3326,TV Show,2024,2018-07-13,PG,64.0,4.0,Crime,Japan,Korean,8.3,3.8,0,3705789,58.7,1999860,1,2020,1,1-1.5 hours,0.7906698786421663
3326,3327,Title 3327,Movie,2003,2020-05-05,TV-Y7,165.0,8.0,Adventure,Spain,French,9.5,4.2,1,2153536,51.4,380757,22,2000,1,> 2.5 hours,0.5286312883360429
3327,3328,Title 3328,Movie,2019,2015-07-24,TV-14,145.0,0.0,Crime,United Kingdom,German,8.7,3.8,1,1278546,84.7,383438,6,2010,0,> 2.5 hours,0.5305824274016754
3328,3329,Title 3329,TV Show,2012,2019-11-22,PG,0.0,5.0,Comedy,United States,Korean,8.1,4.7,1,1003945,79.7,681393,13,2010,1,N/A,0.46939216412845136
3329,3330,Title 3330,TV Show,1996,2022-08-26,G,113.0,1.0,Thriller,India,Korean,7.6,4.0,0,697073,43.2,1791424,29,1990,1,1.5-2.5 hours,0.27736123754340325
3330,3331,Title 3331,Movie,2003,2016-12-07,TV-Y7,118.0,4.0,Romance,India,French,6.3,4.8,1,1660781,58.4,118583,22,2000,1,1.5-2.5 hours,0.4827178350740464
3331,3332,Title 3332,TV Show,2016,2018-04-15,TV-Y7,0.0,8.0,Crime,Canada,Hindi,8.0,4.0,0,1576225,52.3,1995365,9,2010,1,N/A,0.44563440019460054
3332,3333,Title 3333,TV Show,1981,2016-06-02,PG,129.0,5.0,Thriller,Germany,Hindi,8.0,4.3,0,3202336,24.2,1700652,44,1980,1,1.5-2.5 hours,0.5771517209672326
3333,3334,Title 3334,TV Show,2011,2019-08-30,TV-Y,0.0,5.0,Adventure,United States,French,7.5,5.0,1,3435580,76.1,488728,14,2010,1,N/A,0.8197384171806472
3334,3335,Title 3335,Movie,2003,2021-01-14,R,117.0,3.0,Horror,South Korea,French,8.4,3.3,0,3475961,33.6,530468,22,2000,0,1.5-2.5 hours,0.6557955838378555
3335,3336,Title 3336,Movie,1988,2018-07-09,TV-Y,156.0,0.0,Horror,France,French,6.5,4.5,1,1927140,90.1,531503,37,1980,1,> 2.5 hours,0.649471794947436
3336,3337,Title 3337,TV Show,1983,2017-03-26,TV-PG,138.0,5.0,Horror,Germany,Japanese,4.7,3.3,1,1576133,49.8,922967,42,1980,1,1.5-2.5 hours,0.4356206001566504
3337,3338,Title 3338,TV Show,1996,2016-06-24,G,0.0,1.0,Adventure,Australia,Japanese,7.1,4.7,1,1500583,66.7,1476550,29,1990,1,N/A,0.49188806899218973
3338,3339,Title 3339,TV Show,1996,2019-06-15,R,0.0,5.0,Romance,Spain,German,5.5,4.2,0,2899283,81.4,1219258,29,1990,0,N/A,0.7604936459575264
3339,3340,Title 3340,Movie,2009,2019-01-18,TV-14,118.0,0.0,Drama,Australia,Spanish,6.1,4.9,0,135424,33.5,753945,16,2000,0,1.5-2.5 hours,0.15431365586255363
3340,3341,Title 3341,Movie,2019,2015-09-19,TV-Y7,165.0,0.0,Drama,South Korea,Korean,4.1,4.7,0,2495231,60.6,52582,6,2010,1,> 2.5 hours,0.6166856792856181
3341,3342,Title 3342,TV Show,1990,2016-03-14,G,0.0,5.0,Thriller,United Kingdom,French,6.1,3.1,1,362792,37.8,1419107,35,1990,1,N/A,0.20561894965211155
3342,3343,Title 3343,TV Show,2000,2019-07-09,PG-13,146.0,5.0,Horror,Japan,Japanese,8.4,3.3,1,2579842,58.2,1909916,25,2000,0,> 2.5 hours,0.6197773641877515
3343,3344,Title 3344,TV Show,2000,2019-11-18,TV-PG,0.0,5.0,Comedy,United Kingdom,Spanish,7.0,4.2,0,1604967,63.5,92005,25,2000,1,N/A,0.4947457120507081
3344,3345,Title 3345,TV Show,1997,2022-06-20,TV-PG,112.0,5.0,Romance,United Kingdom,German,4.1,4.0,1,3501949,32.7,1557560,28,1990,1,1.5-2.5 hours,0.656093794557935
3345,3346,Title 3346,TV Show,2008,2023-06-10,G,161.0,6.0,Drama,United Kingdom,Korean,6.6,3.3,1,2809283,63.6,413150,17,2000,1,> 2.5 hours,0.6757936088324243
3346,3347,Title 3347,TV Show,2003,2016-12-22,TV-14,78.0,7.0,Action,United States,Spanish,5.6,3.3,0,1679722,54.1,1174574,22,2000,0,1-1.5 hours,0.4683589928872305
3347,3348,Title 3348,Movie,1989,2016-11-10,TV-Y7,122.0,0.0,Sci-Fi,India,Korean,6.6,4.1,1,3487150,59.1,516988,36,1980,1,1.5-2.5 hours,0.7594739384533307
3348,3349,Title 3349,TV Show,2024,2019-05-30,TV-MA,148.0,5.0,Mystery,Spain,Hindi,6.2,3.1,1,2949822,87.9,581935,1,2020,0,> 2.5 hours,0.7940745168049212
3349,3350,Title 3350,Movie,1996,2022-08-16,TV-MA,118.0,1.0,Adventure,France,French,9.1,4.7,1,2827522,56.3,19132,29,1990,0,1.5-2.5 hours,0.6493294663560325
3350,3351,Title 3351,TV Show,1997,2017-07-15,G,136.0,2.0,Adventure,United States,Hindi,4.2,4.6,1,3067314,55.7,158492,28,1990,1,1.5-2.5 hours,0.6828983652705045
3351,3352,Title 3352,TV Show,2021,2023-10-19,PG,110.0,5.0,Drama,Germany,English,7.8,4.6,0,455107,55.3,1666184,4,2020,1,1.5-2.5 hours,0.28946623773215374
3352,3353,Title 3353,Movie,1999,2015-09-12,TV-Y,159.0,0.0,Adventure,Germany,German,8.7,3.0,1,1789027,66.7,1619112,26,1990,1,> 2.5 hours,0.535154787975667
3353,3354,Title 3354,Movie,2016,2019-04-20,TV-PG,118.0,5.0,Horror,United States,French,9.3,3.1,1,3886751,47.6,63972,9,2010,1,1.5-2.5 hours,0.7734142532891966
3354,3355,Title 3355,Movie,2024,2023-06-06,TV-14,112.0,5.0,Mystery,South Korea,Spanish,5.0,4.1,0,3010478,80.1,1118931,1,2020,0,1.5-2.5 hours,0.7719729418255901
3355,3356,Title 3356,Movie,1997,2023-01-10,TV-PG,118.0,7.0,Comedy,Australia,Korean,6.9,5.0,1,1194518,41.5,507269,28,1990,1,1.5-2.5 hours,0.34517819274003003
3356,3357,Title 3357,TV Show,1996,2020-07-17,PG-13,139.0,5.0,Action,United States,Japanese,4.2,3.7,0,2621409,42.5,768377,29,1990,0,1.5-2.5 hours,0.5632124313341862
3357,3358,Title 3358,Movie,1988,2018-11-03,TV-MA,109.0,0.0,Thriller,United States,English,6.7,3.7,1,868055,64.2,1376030,37,1980,0,1.5-2.5 hours,0.3870086080736722
3358,3359,Title 3359,TV Show,1993,2016-08-26,TV-Y7,0.0,5.0,Mystery,France,German,4.7,3.3,1,161258,39.5,267855,32,1990,1,N/A,0.18218876651910795
3359,3360,Title 3360,Movie,2008,2017-03-26,PG-13,118.0,0.0,Comedy,France,German,8.6,4.3,1,1918557,26.7,731620,17,2000,0,1.5-2.5 hours,0.3945843414069389
3360,3361,Title 3361,TV Show,2010,2020-07-31,TV-Y7,0.0,4.0,Adventure,India,German,4.6,4.3,1,3557601,35.4,1353675,15,2010,1,N/A,0.6752416175144482
3361,3362,Title 3362,TV Show,1983,2023-08-04,TV-PG,0.0,6.0,Drama,France,Spanish,6.8,3.2,0,153232,88.5,229369,42,1980,1,N/A,0.3769848632083739
3362,3363,Title 3363,TV Show,1997,2020-02-07,TV-14,0.0,5.0,Crime,India,French,6.9,3.9,0,2739527,20.8,73348,28,1990,0,N/A,0.49413018005799514
3363,3364,Title 3364,TV Show,1999,2015-04-15,TV-MA,0.0,3.0,Thriller,United Kingdom,Hindi,9.3,4.3,1,2699502,30.0,1023511,26,1990,0,N/A,0.5249264135476372
3364,3365,Title 3365,TV Show,2022,2023-08-07,TV-PG,0.0,7.0,Romance,Australia,English,7.6,4.0,1,1174627,76.9,326126,3,2020,1,N/A,0.48379453453497
3365,3366,Title 3366,TV Show,2023,2022-05-11,TV-MA,150.0,4.0,Sci-Fi,South Korea,Spanish,5.6,4.3,0,488597,93.5,1556697,2,2020,0,> 2.5 hours,0.4472897515468168
3366,3367,Title 3367,Movie,1988,2021-09-08,G,66.0,1.0,Drama,Australia,Korean,5.3,4.6,1,3448911,71.6,569828,37,1980,1,1-1.5 hours,0.8037380726796999
3367,3368,Title 3368,TV Show,1992,2023-03-30,TV-Y7,71.0,5.0,Adventure,India,Spanish,4.7,4.4,0,2377084,89.2,516000,33,1990,1,1-1.5 hours,0.7133635805498465
3368,3369,Title 3369,Movie,1994,2020-10-21,TV-PG,118.0,0.0,Drama,France,Korean,8.2,4.2,1,1631568,84.1,506132,31,1990,1,1.5-2.5 hours,0.5811358730236509
3369,3370,Title 3370,Movie,2006,2017-12-12,R,146.0,5.0,Horror,United States,Korean,7.8,4.7,1,716770,56.0,664476,19,2000,0,> 2.5 hours,0.33151579566843814
3370,3371,Title 3371,TV Show,1994,2018-04-18,TV-MA,164.0,3.0,Adventure,Spain,German,7.4,4.8,1,3791990,45.0,1421604,31,1990,0,> 2.5 hours,0.7488000642001765
3371,3372,Title 3372,Movie,2007,2020-12-16,TV-MA,64.0,0.0,Drama,United Kingdom,Spanish,4.2,3.8,1,859334,67.4,456068,18,2000,0,1-1.5 hours,0.3985004544762498
3372,3373,Title 3373,TV Show,2016,2020-04-25,R,162.0,8.0,Mystery,Canada,Hindi,8.2,3.3,0,2808298,60.0,1602187,9,2010,0,> 2.5 hours,0.6612458584261107
3373,3374,Title 3374,Movie,1998,2018-07-18,PG,118.0,4.0,Mystery,Germany,Korean,7.5,4.6,1,3363719,21.9,1256322,27,1990,1,1.5-2.5 hours,0.5921592375379032
3374,3375,Title 3375,TV Show,2005,2020-02-05,TV-PG,138.0,5.0,Action,India,Japanese,9.3,3.4,1,259807,91.8,279355,20,2000,1,1.5-2.5 hours,0.4061711571706822
3375,3376,Title 3376,Movie,2005,2019-04-05,R,118.0,0.0,Action,Australia,German,7.2,4.9,1,121629,62.8,1902555,20,2000,0,1.5-2.5 hours,0.26944440017210053
3376,3377,Title 3377,TV Show,2004,2016-06-01,TV-MA,0.0,4.0,Thriller,France,Hindi,5.7,3.0,1,491569,85.6,230632,21,2000,0,N/A,0.41613555277277015
3377,3378,Title 3378,TV Show,2005,2020-05-17,TV-PG,88.0,6.0,Drama,United Kingdom,Spanish,6.1,4.8,0,3324246,75.1,1832004,20,2000,1,1-1.5 hours,0.799038271255246
3378,3379,Title 3379,TV Show,2005,2015-05-19,TV-14,111.0,5.0,Action,Germany,Hindi,5.0,4.2,1,3224419,45.6,1629867,20,2000,0,1.5-2.5 hours,0.6660641800764953
3379,3380,Title 3380,TV Show,2007,2017-10-04,TV-14,0.0,1.0,Horror,Canada,Spanish,8.0,4.5,1,2572270,87.6,1305681,18,2000,0,N/A,0.736241561064293
3380,3381,Title 3381,Movie,1997,2022-06-06,TV-Y7,118.0,0.0,Comedy,United States,Korean,7.9,3.8,1,3060005,79.3,828580,28,1990,1,1.5-2.5 hours,0.7762020122555336
3381,3382,Title 3382,TV Show,2011,2016-06-21,PG,0.0,5.0,Action,United States,English,5.1,5.0,1,3182243,52.2,428152,14,2010,1,N/A,0.6861377626788474
3382,3383,Title 3383,Movie,1982,2023-11-16,TV-14,144.0,1.0,Drama,India,English,4.9,3.5,1,2170270,83.0,1973133,43,1980,0,> 2.5 hours,0.6575413952388369
3383,3384,Title 3384,Movie,1981,2015-08-14,PG,94.0,0.0,Mystery,India,French,4.4,3.5,0,2807528,40.4,1174407,44,1980,1,1-1.5 hours,0.5827303581084847
3384,3385,Title 3385,Movie,2012,2023-06-06,TV-Y7,118.0,0.0,Sci-Fi,France,French,9.0,3.1,1,2448573,70.3,1943525,13,2010,1,1.5-2.5 hours,0.6484869600391401
3385,3386,Title 3386,TV Show,2021,2020-10-15,G,142.0,6.0,Crime,Spain,Korean,5.3,4.9,0,1602384,28.6,1928776,4,2020,1,> 2.5 hours,0.3547582609852177
3386,3387,Title 3387,Movie,1998,2021-09-04,PG-13,119.0,6.0,Romance,France,Hindi,5.9,3.9,1,3034848,84.9,726086,27,1990,0,1.5-2.5 hours,0.7948284518782427
3387,3388,Title 3388,Movie,1996,2018-07-03,TV-Y7,105.0,8.0,Action,South Korea,Spanish,5.5,4.3,0,3348127,74.7,780689,29,1990,1,1.5-2.5 hours,0.8010204311061855
3388,3389,Title 3389,Movie,2023,2022-01-03,TV-Y,107.0,0.0,Romance,United Kingdom,English,6.3,4.4,0,1795620,31.4,76141,2,2020,1,1.5-2.5 hours,0.3949437406952869
3389,3390,Title 3390,TV Show,2012,2017-03-14,PG,0.0,8.0,Crime,United Kingdom,Spanish,7.9,4.7,0,264298,21.6,1729360,13,2010,1,N/A,0.12604480902322482
3390,3391,Title 3391,TV Show,1991,2018-10-27,TV-14,0.0,5.0,Thriller,Australia,Korean,8.8,4.3,0,2524743,49.2,944253,34,1990,0,N/A,0.5755124914593515
3391,3392,Title 3392,Movie,1982,2022-06-17,TV-14,118.0,0.0,Mystery,United States,Hindi,5.0,4.1,0,661446,70.6,1141724,43,1980,0,1.5-2.5 hours,0.3816171728472253
3392,3393,Title 3393,TV Show,2022,2021-01-17,TV-PG,124.0,5.0,Mystery,Japan,Japanese,7.8,4.4,1,1768138,41.2,567954,3,2020,1,1.5-2.5 hours,0.43002142935893073
3393,3394,Title 3394,TV Show,2005,2016-05-07,TV-MA,0.0,4.0,Crime,France,Spanish,5.9,4.5,0,1442866,93.0,563146,20,2000,0,N/A,0.5884304951838618
3394,3395,Title 3395,Movie,2014,2015-03-06,TV-14,118.0,6.0,Drama,Australia,Hindi,9.4,3.4,1,1064807,90.1,446947,11,2010,0,1.5-2.5 hours,0.5201214892340954
3395,3396,Title 3396,Movie,1987,2019-02-27,R,128.0,2.0,Romance,India,Japanese,5.6,3.2,0,2070029,64.8,561928,38,1980,0,1.5-2.5 hours,0.5697052038893107
3396,3397,Title 3397,TV Show,2015,2016-02-19,TV-MA,64.0,5.0,Romance,United Kingdom,English,4.0,3.1,0,3138691,43.7,258510,10,2010,0,1-1.5 hours,0.645604944713598
3397,3398,Title 3398,Movie,1986,2017-06-20,R,118.0,0.0,Crime,India,Spanish,6.8,3.7,1,2003074,87.2,949268,39,1980,0,1.5-2.5 hours,0.6492619262702972
3398,3399,Title 3399,TV Show,2015,2023-12-18,PG,0.0,7.0,Romance,France,German,4.8,4.0,0,241425,80.3,1892945,10,2010,1,N/A,0.35741384958808636
3399,3400,Title 3400,TV Show,1995,2018-12-04,TV-Y,0.0,5.0,Drama,Germany,English,4.2,4.2,0,3644808,26.5,1599337,30,1990,1,N/A,0.6527227034874346
3400,3401,Title 3401,TV Show,2003,2019-07-17,TV-MA,0.0,5.0,Mystery,India,Hindi,7.8,4.9,1,534845,55.7,270852,22,2000,0,N/A,0.3030269706241692
3401,3402,Title 3402,TV Show,1980,2020-05-02,PG,0.0,6.0,Thriller,Japan,Korean,8.0,3.7,0,2009419,93.6,1239788,45,1980,1,N/A,0.6758136788876169
3402,3403,Title 3403,TV Show,2004,2019-03-09,TV-14,0.0,5.0,Horror,United Kingdom,German,6.5,4.5,1,3752070,54.0,328353,21,2000,0,N/A,0.7788120477331313
3403,3404,Title 3404,TV Show,1989,2019-11-16,TV-Y,0.0,8.0,Mystery,France,French,7.7,4.1,0,223876,90.0,1465253,36,1980,1,N/A,0.393581492349104
3404,3405,Title 3405,Movie,1995,2015-03-05,G,88.0,0.0,Comedy,Australia,Spanish,7.0,3.4,1,513960,93.3,794795,30,1990,1,1-1.5 hours,0.450294212009083
3405,3406,Title 3406,Movie,1995,2017-05-03,TV-14,137.0,6.0,Comedy,Spain,French,7.5,4.2,0,3675612,49.1,1719499,30,1990,0,1.5-2.5 hours,0.7477433161941195
3406,3407,Title 3407,TV Show,1987,2021-05-01,PG-13,76.0,1.0,Mystery,Spain,English,7.3,4.9,1,2405679,92.3,545691,38,1980,0,1-1.5 hours,0.7300528423453164
3407,3408,Title 3408,TV Show,2008,2022-09-27,TV-Y7,0.0,7.0,Drama,France,Spanish,7.7,3.2,0,3923669,30.3,485428,17,2000,1,N/A,0.7097519685179133
3408,3409,Title 3409,TV Show,2018,2016-08-23,TV-MA,130.0,5.0,Horror,Spain,Spanish,5.1,4.0,0,1147591,32.0,298209,7,2010,0,1.5-2.5 hours,0.3001391233825893
3409,3410,Title 3410,Movie,2007,2021-05-11,PG-13,118.0,6.0,Thriller,United Kingdom,German,5.5,3.1,1,3727640,40.7,1046918,18,2000,0,1.5-2.5 hours,0.7219475376557286
3410,3411,Title 3411,TV Show,1985,2019-08-24,TV-MA,163.0,5.0,Romance,Germany,German,6.4,3.6,1,395843,55.1,975878,40,1980,0,> 2.5 hours,0.2797766132856866
3411,3412,Title 3412,Movie,1995,2017-09-11,TV-Y7,118.0,7.0,Comedy,India,German,6.5,4.2,0,1439440,33.6,742257,30,1990,1,1.5-2.5 hours,0.35031659377063284
3412,3413,Title 3413,TV Show,1999,2021-08-23,TV-MA,96.0,6.0,Comedy,Japan,German,8.3,4.7,0,3251943,45.5,1850437,26,1990,0,1-1.5 hours,0.6697927914301764
3413,3414,Title 3414,TV Show,1995,2022-02-03,PG,0.0,8.0,Comedy,Canada,Korean,6.0,4.5,1,3404885,27.8,1379513,30,1990,1,N/A,0.621934154518925
3414,3415,Title 3415,Movie,1986,2019-07-03,R,155.0,1.0,Adventure,Australia,Hindi,4.9,3.9,0,2342115,52.3,1047177,39,1980,0,> 2.5 hours,0.5605182161250943
3415,3416,Title 3416,Movie,2020,2017-04-07,TV-PG,118.0,0.0,Drama,United Kingdom,German,5.4,4.8,1,2441269,82.1,1067858,5,2020,1,1.5-2.5 hours,0.6945913570262319
3416,3417,Title 3417,TV Show,1993,2016-12-10,PG,151.0,5.0,Mystery,United States,English,5.2,3.6,1,1382811,64.6,1638215,32,1990,1,> 2.5 hours,0.4658222204111061
3417,3418,Title 3418,TV Show,2022,2017-11-26,TV-Y7,126.0,6.0,Horror,South Korea,Spanish,8.0,4.5,1,3610770,80.8,1922365,3,2020,1,1.5-2.5 hours,0.864816989446721
3418,3419,Title 3419,TV Show,2005,2021-02-22,TV-MA,0.0,1.0,Mystery,South Korea,French,6.6,3.9,0,2029062,30.2,1975572,20,2000,0,N/A,0.4251601369903767
3419,3420,Title 3420,Movie,2005,2016-11-06,PG,160.0,0.0,Adventure,Australia,German,7.9,4.8,1,3825249,50.0,979271,20,2000,1,> 2.5 hours,0.7737889279195518
3420,3421,Title 3421,Movie,1993,2023-10-29,R,85.0,0.0,Comedy,United Kingdom,English,6.3,4.6,0,3857508,22.9,149414,32,1990,0,1-1.5 hours,0.6702277912264258
3421,3422,Title 3422,Movie,1986,2018-01-30,PG-13,118.0,1.0,Crime,France,Korean,8.9,4.8,0,3502642,47.7,1204301,39,1980,0,1.5-2.5 hours,0.7161977448437984
3422,3423,Title 3423,Movie,2012,2021-08-06,PG,142.0,0.0,Adventure,India,English,9.4,3.4,1,2282255,66.1,205724,13,2010,1,> 2.5 hours,0.6067391914327764
3423,3424,Title 3424,Movie,2005,2018-03-12,PG-13,93.0,0.0,Drama,France,French,7.7,4.3,1,634356,62.7,1588298,20,2000,0,1-1.5 hours,0.34595366167256963
3424,3425,Title 3425,Movie,2024,2021-11-04,TV-Y7,118.0,8.0,Thriller,France,French,8.8,4.5,0,2383970,24.5,1518311,1,2020,1,1.5-2.5 hours,0.4555964833903293
3425,3426,Title 3426,TV Show,1999,2021-04-29,PG-13,121.0,7.0,Romance,United States,English,6.8,4.5,0,2710568,24.7,1403616,26,1990,0,1.5-2.5 hours,0.5053863181123748
3426,3427,Title 3427,TV Show,1982,2018-07-03,TV-MA,120.0,2.0,Sci-Fi,Spain,Korean,9.1,4.0,1,3410567,42.9,1441557,43,1980,0,1.5-2.5 hours,0.6831864568627563
3427,3428,Title 3428,Movie,1983,2018-07-15,TV-Y,111.0,0.0,Horror,South Korea,French,8.6,3.0,0,1977357,77.9,1558476,42,1980,1,1.5-2.5 hours,0.6082043656620055
3428,3429,Title 3429,TV Show,2005,2016-06-10,TV-Y,0.0,3.0,Adventure,Canada,Korean,9.5,3.5,1,952161,21.5,1327180,20,2000,1,N/A,0.22882454276749264
3429,3430,Title 3430,TV Show,1990,2019-05-31,G,145.0,6.0,Thriller,Canada,Spanish,7.4,3.6,1,1922615,66.2,1028586,35,1990,1,> 2.5 hours,0.5531930430808685
3430,3431,Title 3431,Movie,1981,2016-08-22,TV-MA,73.0,0.0,Sci-Fi,India,German,8.3,4.7,1,291053,33.8,417132,44,1980,0,1-1.5 hours,0.17885807005969265
3431,3432,Title 3432,TV Show,1993,2022-09-30,TV-Y7,82.0,5.0,Thriller,South Korea,French,7.0,4.7,0,3006471,90.8,1274139,32,1990,1,1-1.5 hours,0.814171890172698
3432,3433,Title 3433,Movie,2023,2021-07-27,TV-14,118.0,4.0,Mystery,United States,English,5.4,3.2,1,3973561,52.3,1461170,2,2020,0,1.5-2.5 hours,0.8052357890984201
3433,3434,Title 3434,Movie,2009,2020-05-04,TV-Y,118.0,6.0,Mystery,Australia,Hindi,6.0,4.9,1,3146818,23.6,1160781,16,2000,1,1.5-2.5 hours,0.5664239980659947
3434,3435,Title 3435,TV Show,1991,2019-09-08,TV-Y7,149.0,3.0,Comedy,United Kingdom,Hindi,8.9,3.4,0,3954937,73.5,865407,34,1990,1,> 2.5 hours,0.887242181415999
3435,3436,Title 3436,Movie,2005,2017-09-15,PG-13,121.0,4.0,Action,France,Japanese,4.3,3.8,1,3459972,56.3,37140,20,2000,0,1.5-2.5 hours,0.7441972272423748
3436,3437,Title 3437,Movie,2023,2021-09-26,PG,86.0,1.0,Romance,France,Spanish,7.3,3.4,0,1304625,86.1,852817,2,2020,1,1-1.5 hours,0.5400942881592925
3437,3438,Title 3438,Movie,2012,2018-03-25,TV-Y,75.0,2.0,Drama,Japan,Hindi,6.0,4.7,0,1886745,68.9,1428563,13,2010,1,1-1.5 hours,0.5586125282844527
3438,3439,Title 3439,Movie,1992,2019-07-10,TV-MA,104.0,6.0,Drama,Australia,Spanish,6.1,4.5,1,3846565,71.9,1074789,33,1990,0,1.5-2.5 hours,0.864586336712426
3439,3440,Title 3440,Movie,1993,2017-05-29,TV-Y,71.0,0.0,Comedy,Japan,German,8.9,3.7,1,1326465,77.5,1416144,32,1990,1,1-1.5 hours,0.5089702971683172
3440,3441,Title 3441,Movie,2003,2015-07-10,R,118.0,4.0,Mystery,Japan,Japanese,8.7,4.4,0,3861198,51.5,310396,22,2000,0,1.5-2.5 hours,0.7851812927485551
3441,3442,Title 3442,Movie,2013,2020-08-25,R,118.0,0.0,Comedy,Spain,Spanish,7.3,3.4,1,507475,79.4,590977,12,2010,0,1.5-2.5 hours,0.3937214593340132
3442,3443,Title 3443,Movie,2023,2022-09-11,R,140.0,0.0,Crime,Canada,Korean,5.5,3.8,1,3716238,23.8,898143,2,2020,0,1.5-2.5 hours,0.6526372329523906
3443,3444,Title 3444,TV Show,2005,2015-10-25,TV-Y,131.0,5.0,Adventure,Japan,Korean,6.6,3.8,1,1347090,77.4,1954129,20,2000,1,1.5-2.5 hours,0.5116640556761531
3444,3445,Title 3445,TV Show,2000,2016-12-21,G,0.0,4.0,Adventure,France,Japanese,6.2,3.5,0,3868864,67.7,1349048,25,2000,1,N/A,0.8511311959107888
3445,3446,Title 3446,TV Show,2007,2016-11-11,TV-Y7,0.0,2.0,Horror,South Korea,Korean,5.9,4.8,0,3859527,62.5,1182122,18,2000,1,N/A,0.8289306420592657
3446,3447,Title 3447,Movie,2015,2021-06-30,R,118.0,0.0,Mystery,South Korea,French,4.6,4.4,0,1089927,43.9,1055067,10,2010,0,1.5-2.5 hours,0.3390894995961239
3447,3448,Title 3448,Movie,2019,2017-06-06,PG-13,118.0,7.0,Action,Spain,Korean,7.0,3.6,1,2367787,28.6,1430420,6,2010,0,1.5-2.5 hours,0.4695690267148235
3448,3449,Title 3449,TV Show,1981,2018-02-07,TV-MA,152.0,1.0,Crime,South Korea,Korean,5.7,3.5,0,174565,68.5,973413,44,1980,0,> 2.5 hours,0.3001848220082605
3449,3450,Title 3450,TV Show,2021,2019-04-29,TV-PG,0.0,5.0,Crime,France,Korean,7.6,3.0,0,2960091,55.4,101276,4,2020,1,N/A,0.6656148710408953
3450,3451,Title 3451,TV Show,1988,2016-09-16,R,169.0,5.0,Mystery,Canada,Korean,5.8,3.7,1,3642112,36.3,1646687,37,1980,0,> 2.5 hours,0.6915183023753315
3451,3452,Title 3452,Movie,2002,2019-10-06,TV-Y7,118.0,0.0,Adventure,Canada,French,6.4,4.1,1,3903672,23.3,801385,23,2000,1,1.5-2.5 hours,0.6787524102691282
3452,3453,Title 3453,TV Show,1994,2019-08-16,PG-13,136.0,2.0,Sci-Fi,Canada,Korean,4.3,3.6,1,2045040,60.4,473346,31,1990,0,1.5-2.5 hours,0.5483568435813199
3453,3454,Title 3454,TV Show,1992,2017-05-04,TV-MA,137.0,8.0,Adventure,United Kingdom,Korean,9.5,4.4,1,3063183,29.5,280984,33,1990,0,1.5-2.5 hours,0.5774787135664623
3454,3455,Title 3455,Movie,2002,2019-05-29,PG,171.0,0.0,Horror,Australia,German,6.8,3.8,1,2056632,89.7,1019839,23,2000,1,> 2.5 hours,0.667295648363033
3455,3456,Title 3456,TV Show,1996,2023-12-29,TV-14,0.0,5.0,Horror,United Kingdom,French,4.1,3.6,1,3879648,31.3,645679,29,1990,0,N/A,0.7071488003592009
3456,3457,Title 3457,Movie,1981,2021-04-05,PG-13,102.0,0.0,Mystery,United Kingdom,Korean,7.0,4.9,1,3060286,22.4,342626,44,1980,0,1.5-2.5 hours,0.5486441623714465
3457,3458,Title 3458,Movie,1999,2020-05-19,G,118.0,8.0,Romance,United Kingdom,Spanish,8.8,3.5,1,232305,39.7,740147,26,1990,1,1.5-2.5 hours,0.19364584582607605
3458,3459,Title 3459,Movie,1999,2016-07-15,PG-13,118.0,0.0,Romance,South Korea,Japanese,8.2,3.8,1,3467411,33.1,994027,26,1990,0,1.5-2.5 hours,0.6525130803109709
3459,3460,Title 3460,TV Show,1982,2019-03-16,PG-13,0.0,5.0,Action,Germany,German,7.9,3.8,0,432407,79.3,1666974,43,1980,0,N/A,0.38206122836837797
3460,3461,Title 3461,TV Show,1991,2022-06-20,G,0.0,3.0,Romance,South Korea,French,4.8,3.5,0,825392,41.7,1317272,34,1990,1,N/A,0.2906091404751363
3461,3462,Title 3462,Movie,2019,2023-10-30,PG,110.0,3.0,Thriller,Germany,Hindi,7.6,3.4,1,2856400,38.4,440607,6,2010,1,1.5-2.5 hours,0.5820611782682402
3462,3463,Title 3463,TV Show,1981,2019-01-07,TV-Y,89.0,3.0,Thriller,South Korea,English,8.2,3.6,1,3703764,94.6,1928713,44,1980,1,1-1.5 hours,0.9339661278068514
3463,3464,Title 3464,TV Show,2015,2018-08-06,TV-MA,162.0,8.0,Drama,France,French,7.1,4.7,1,1327407,31.3,19719,10,2010,0,> 2.5 hours,0.3243115975568933
3464,3465,Title 3465,TV Show,1993,2017-06-26,PG-13,177.0,5.0,Thriller,Australia,Japanese,8.9,4.5,1,3076471,26.4,1326869,32,1990,0,> 2.5 hours,0.5670719190477773
3465,3466,Title 3466,TV Show,1995,2021-09-16,PG-13,0.0,6.0,Sci-Fi,United States,German,5.5,4.4,1,1100430,42.9,760151,30,1990,0,N/A,0.3366649539286233
3466,3467,Title 3467,Movie,1998,2015-08-27,G,118.0,4.0,Sci-Fi,United States,Korean,5.3,3.9,0,1142480,50.4,1245616,27,1990,1,1.5-2.5 hours,0.372972471274296
3467,3468,Title 3468,TV Show,2013,2017-05-13,TV-Y7,77.0,1.0,Sci-Fi,United Kingdom,German,8.8,4.0,1,858866,77.0,841711,12,2010,1,1-1.5 hours,0.4368302542831993
3468,3469,Title 3469,Movie,2023,2021-11-08,PG-13,118.0,2.0,Thriller,United States,English,7.4,3.5,0,3495717,91.7,142973,2,2020,0,1.5-2.5 hours,0.8911589919872279
3469,3470,Title 3470,Movie,1985,2022-06-01,PG-13,108.0,0.0,Action,Australia,English,4.0,3.1,1,2185260,77.3,1732723,40,1980,0,1.5-2.5 hours,0.6369899014222289
3470,3471,Title 3471,TV Show,1992,2020-12-15,G,155.0,5.0,Adventure,Australia,French,5.9,3.7,1,2794720,74.5,1405625,33,1990,1,> 2.5 hours,0.7172091528251703
3471,3472,Title 3472,Movie,2015,2023-10-05,TV-Y7,87.0,3.0,Mystery,India,Korean,8.7,4.0,1,2750347,94.4,896586,10,2010,1,1-1.5 hours,0.7901531845212575
3472,3473,Title 3473,TV Show,2001,2017-10-06,G,0.0,1.0,Comedy,Spain,Korean,4.2,3.1,1,1637840,77.4,887551,24,2000,1,N/A,0.5552766756108579
3473,3474,Title 3474,TV Show,1997,2023-02-09,PG-13,0.0,3.0,Drama,Australia,Spanish,4.0,3.2,0,361427,30.5,1653555,28,1990,0,N/A,0.1762141990890475
3474,3475,Title 3475,Movie,1991,2020-03-16,R,148.0,0.0,Horror,Spain,English,5.5,3.5,1,3273944,54.6,428337,34,1990,0,> 2.5 hours,0.7094929505056139
3475,3476,Title 3476,Movie,2009,2018-08-23,TV-MA,82.0,0.0,Crime,United States,Korean,9.0,3.7,0,2520700,57.8,1457809,16,2000,0,1-1.5 hours,0.6093060397916095
3476,3477,Title 3477,Movie,2019,2018-01-10,TV-Y7,118.0,2.0,Horror,Spain,English,9.0,3.8,1,1810159,42.9,100636,6,2010,1,1.5-2.5 hours,0.4431245966926409
3477,3478,Title 3478,Movie,1986,2022-09-12,R,133.0,0.0,Drama,Germany,Spanish,6.9,3.2,1,3421588,32.3,22202,39,1980,0,1.5-2.5 hours,0.6424396114089314
3478,3479,Title 3479,TV Show,2011,2021-06-21,G,158.0,5.0,Horror,France,Hindi,7.0,3.5,1,318301,73.4,1002969,14,2010,1,> 2.5 hours,0.3413452812995236
3479,3480,Title 3480,TV Show,1998,2015-06-29,PG-13,134.0,5.0,Adventure,Spain,English,5.8,3.5,0,2989314,40.8,863048,27,1990,0,1.5-2.5 hours,0.611598333095416
3480,3481,Title 3481,TV Show,1985,2023-05-10,G,0.0,2.0,Horror,France,Spanish,5.3,3.1,0,3030313,66.8,798453,40,1980,1,N/A,0.7217482000075499
3481,3482,Title 3482,Movie,1999,2016-03-01,TV-Y,118.0,0.0,Horror,United Kingdom,Spanish,8.5,3.7,1,474086,44.2,1508118,26,1990,1,1.5-2.5 hours,0.24791309556101282
3482,3483,Title 3483,Movie,2006,2016-11-22,TV-Y,83.0,7.0,Adventure,United States,Japanese,4.6,3.1,1,2228733,58.0,1047754,19,2000,1,1-1.5 hours,0.5663108693548906
3483,3484,Title 3484,Movie,2022,2015-10-15,PG-13,136.0,0.0,Adventure,France,Spanish,6.7,4.4,1,3284261,45.3,248906,3,2020,0,1.5-2.5 hours,0.6738405047613881
3484,3485,Title 3485,TV Show,2016,2022-06-29,PG-13,125.0,4.0,Thriller,Japan,German,7.5,3.8,1,1217770,50.9,1167230,9,2010,0,1.5-2.5 hours,0.38626600233150643
3485,3486,Title 3486,Movie,1986,2020-03-28,R,118.0,0.0,Adventure,United Kingdom,French,4.6,3.7,1,3093672,74.9,1725315,39,1980,0,1.5-2.5 hours,0.7636520761432094
3486,3487,Title 3487,TV Show,1984,2020-11-12,TV-PG,0.0,5.0,Comedy,France,Korean,6.9,3.3,1,820851,86.3,904258,41,1980,1,N/A,0.46832798860196867
3487,3488,Title 3488,Movie,1990,2019-09-18,PG-13,167.0,3.0,Romance,India,English,7.2,3.5,0,487443,58.2,403986,35,1990,0,> 2.5 hours,0.30591665107079047
3488,3489,Title 3489,TV Show,1994,2017-11-21,TV-Y7,64.0,1.0,Comedy,Spain,French,8.1,3.5,0,3947887,65.8,1181444,31,1990,1,1-1.5 hours,0.8553846785078659
3489,3490,Title 3490,TV Show,1982,2018-01-31,TV-Y7,0.0,3.0,Horror,India,German,5.3,5.0,1,1972120,84.8,1277354,43,1980,1,N/A,0.6350188135017372
3490,3491,Title 3491,Movie,1984,2023-03-15,G,154.0,0.0,Comedy,Australia,English,5.6,4.7,0,1578001,30.7,544221,41,1980,1,> 2.5 hours,0.35950080092720255
3491,3492,Title 3492,Movie,2002,2018-10-23,R,128.0,3.0,Drama,Germany,French,7.1,3.0,0,423673,32.2,1873989,23,2000,0,1.5-2.5 hours,0.1923511247655931
3492,3493,Title 3493,TV Show,2016,2021-08-21,PG,106.0,5.0,Mystery,United Kingdom,German,9.4,4.2,0,2638646,46.9,1202029,9,2010,1,1.5-2.5 hours,0.5833979884444682
3493,3494,Title 3494,TV Show,1988,2021-11-29,TV-14,0.0,5.0,Romance,Canada,Korean,5.2,3.5,0,1887684,43.2,1197007,37,1980,0,N/A,0.4559533786717913
3494,3495,Title 3495,Movie,1994,2021-08-17,G,168.0,1.0,Mystery,Canada,Spanish,9.4,3.2,1,3196943,94.0,590385,31,1990,1,> 2.5 hours,0.855542768742614
3495,3496,Title 3496,Movie,1982,2015-02-08,PG-13,118.0,0.0,Crime,France,French,7.9,4.4,0,462077,62.3,1213478,43,1980,0,1.5-2.5 hours,0.3185117406072867
3496,3497,Title 3497,TV Show,2008,2023-10-04,G,0.0,5.0,Comedy,Spain,French,8.5,3.3,0,2294084,59.3,1302847,17,2000,1,N/A,0.5813135463122523
3497,3498,Title 3498,Movie,1985,2018-01-04,PG,118.0,7.0,Mystery,United States,English,4.5,3.9,1,379944,63.4,1104710,40,1980,1,1.5-2.5 hours,0.31059175672733097
3498,3499,Title 3499,TV Show,1996,2018-07-30,TV-14,162.0,5.0,Adventure,Canada,Spanish,5.7,4.3,1,737100,85.6,1759008,29,1990,0,> 2.5 hours,0.4529653040545862
3499,3500,Title 3500,TV Show,2005,2015-06-16,PG,68.0,3.0,Action,United States,Japanese,4.3,4.1,1,434622,38.3,101470,20,2000,1,1-1.5 hours,0.21839347928206804
3500,3501,Title 3501,Movie,2000,2021-03-21,PG,67.0,5.0,Action,Canada,Korean,6.0,5.0,0,2279193,58.3,217933,25,2000,1,1-1.5 hours,0.575079890169698
3501,3502,Title 3502,Movie,1987,2017-01-30,TV-Y,118.0,0.0,Adventure,United Kingdom,English,9.4,4.6,0,2972980,40.3,1540492,38,1980,1,1.5-2.5 hours,0.6071482263576224
3502,3503,Title 3503,Movie,2000,2023-07-23,TV-Y7,178.0,0.0,Mystery,Canada,Hindi,4.6,4.5,0,2147752,78.5,938492,25,2000,1,> 2.5 hours,0.6361636859501364
3503,3504,Title 3504,Movie,1990,2017-12-26,TV-PG,118.0,0.0,Horror,Australia,Hindi,7.1,3.7,0,2053303,78.3,306508,35,1990,1,1.5-2.5 hours,0.6211962969898166
3504,3505,Title 3505,Movie,2017,2020-10-14,PG-13,118.0,0.0,Adventure,South Korea,Hindi,4.0,3.0,0,858757,91.8,1806028,8,2010,0,1.5-2.5 hours,0.49601390423823666
3505,3506,Title 3506,TV Show,1987,2017-08-04,R,0.0,5.0,Romance,France,Korean,7.9,4.5,1,3926148,53.5,1919291,38,1980,0,N/A,0.8029238195405037
3506,3507,Title 3507,TV Show,2021,2019-03-01,G,0.0,2.0,Sci-Fi,Germany,Hindi,5.1,5.0,1,3853804,31.9,1309782,4,2020,1,N/A,0.7056721896985216
3507,3508,Title 3508,Movie,2003,2019-09-15,PG-13,118.0,6.0,Drama,Canada,French,4.7,3.8,1,1504500,87.2,1529484,22,2000,0,1.5-2.5 hours,0.5744756206079566
3508,3509,Title 3509,Movie,2014,2019-04-22,TV-Y,92.0,3.0,Horror,Spain,Japanese,5.9,5.0,1,540052,86.8,1317775,11,2010,1,1-1.5 hours,0.4282080227720626
3509,3510,Title 3510,Movie,1993,2018-08-02,TV-Y7,165.0,4.0,Romance,Germany,English,8.2,3.3,1,2426461,37.6,1594627,32,1990,1,> 2.5 hours,0.514370150917915
3510,3511,Title 3511,TV Show,1993,2015-07-11,G,0.0,7.0,Mystery,United States,Japanese,4.6,3.6,1,2410730,40.7,1807107,32,1990,1,N/A,0.5244104944288597
3511,3512,Title 3512,Movie,1989,2023-06-06,R,118.0,7.0,Horror,India,Japanese,5.3,3.3,1,2162004,43.5,309266,36,1980,0,1.5-2.5 hours,0.49830149182910255
3512,3513,Title 3513,Movie,1991,2019-12-14,TV-PG,118.0,2.0,Horror,Australia,Japanese,4.0,4.0,1,2839618,53.9,922072,34,1990,1,1.5-2.5 hours,0.6415438713456462
3513,3514,Title 3514,TV Show,2017,2023-12-04,PG-13,81.0,5.0,Mystery,Japan,French,9.3,4.6,0,2828104,82.2,1534546,8,2010,0,1-1.5 hours,0.7530167665961082
3514,3515,Title 3515,TV Show,2023,2021-02-13,TV-Y7,0.0,5.0,Adventure,Japan,Hindi,7.3,3.7,0,1289211,30.8,1101183,2,2020,1,N/A,0.31658218180099995
3515,3516,Title 3516,Movie,2013,2023-09-10,TV-MA,154.0,3.0,Mystery,Germany,Japanese,8.0,4.8,1,1297886,72.5,1954563,12,2010,0,> 2.5 hours,0.48468343537944725
3516,3517,Title 3517,Movie,2020,2019-12-16,PG-13,118.0,0.0,Comedy,India,Japanese,7.6,4.1,0,963218,46.5,215666,5,2020,0,1.5-2.5 hours,0.33048309732851766
3517,3518,Title 3518,Movie,1989,2022-07-03,PG,170.0,0.0,Comedy,Spain,English,4.8,3.9,1,1977936,34.7,239351,36,1980,1,> 2.5 hours,0.4354912159008437
3518,3519,Title 3519,TV Show,1996,2022-09-21,PG,173.0,4.0,Drama,Germany,French,7.3,4.6,1,1643239,45.4,354967,29,1990,1,> 2.5 hours,0.42808652783795154
3519,3520,Title 3520,Movie,1996,2023-12-29,TV-14,118.0,0.0,Action,United States,Korean,4.7,3.2,1,3204379,60.0,1085609,29,1990,0,1.5-2.5 hours,0.7206581718099725
3520,3521,Title 3521,Movie,1982,2017-08-12,TV-Y7,104.0,6.0,Thriller,United Kingdom,Spanish,6.2,4.5,0,2597052,89.1,1432199,43,1980,1,1.5-2.5 hours,0.745958871286896
3521,3522,Title 3522,Movie,2010,2019-03-08,PG,180.0,0.0,Drama,Germany,French,7.1,3.5,1,3801741,67.1,976798,15,2010,1,> 2.5 hours,0.8386627182224751
3522,3523,Title 3523,TV Show,1980,2022-03-27,TV-PG,0.0,4.0,Drama,Japan,German,7.1,3.6,1,2531229,65.5,1965716,45,1980,1,N/A,0.6416853941348339
3523,3524,Title 3524,TV Show,1991,2023-06-22,TV-PG,137.0,5.0,Sci-Fi,South Korea,Hindi,4.7,4.2,1,3182984,28.2,123036,34,1990,1,1.5-2.5 hours,0.5902489129845107
3524,3525,Title 3525,Movie,2018,2018-02-15,PG,118.0,1.0,Thriller,Japan,German,4.2,4.8,0,2537785,26.0,1541598,7,2010,1,1.5-2.5 hours,0.4846687968391913
3525,3526,Title 3526,Movie,1983,2022-05-13,TV-Y7,105.0,5.0,Action,India,Spanish,8.4,4.2,1,3802467,29.7,1580150,42,1980,1,1.5-2.5 hours,0.689171618521951
3526,3527,Title 3527,TV Show,2021,2023-07-12,TV-Y,157.0,8.0,Horror,United States,Korean,8.0,4.3,1,707337,27.2,521627,4,2020,1,> 2.5 hours,0.2149008417773149
3527,3528,Title 3528,TV Show,1992,2023-12-02,R,127.0,8.0,Thriller,Spain,French,4.5,4.6,1,1997149,63.2,1159666,33,1990,0,1.5-2.5 hours,0.5523731738262281
3528,3529,Title 3529,TV Show,2013,2017-11-10,R,111.0,5.0,Sci-Fi,Australia,Korean,4.7,3.5,1,2355229,53.9,1642903,12,2010,0,1.5-2.5 hours,0.5688853215346342
3529,3530,Title 3530,TV Show,2021,2018-01-20,TV-Y7,0.0,6.0,Crime,France,Spanish,8.9,4.7,1,96828,20.4,1778393,4,2020,1,N/A,0.09612423994165985
3530,3531,Title 3531,TV Show,2000,2017-05-30,TV-MA,0.0,5.0,Drama,South Korea,German,8.2,3.8,0,3248644,46.3,1163825,25,2000,0,N/A,0.6724979400693352
3531,3532,Title 3532,TV Show,2001,2016-06-20,R,0.0,3.0,Mystery,Australia,French,9.5,3.4,1,908045,29.6,12759,24,2000,0,N/A,0.25460712456959256
3532,3533,Title 3533,TV Show,1983,2019-12-26,G,83.0,5.0,Drama,Germany,Hindi,5.4,3.7,0,3645964,94.1,332837,42,1980,1,1-1.5 hours,0.923296103964286
3533,3534,Title 3534,TV Show,1997,2021-03-22,R,0.0,5.0,Adventure,South Korea,English,6.7,3.5,1,627015,54.5,742977,28,1990,0,N/A,0.3120525086443988
3534,3535,Title 3535,TV Show,1984,2016-05-09,G,0.0,5.0,Sci-Fi,India,Japanese,5.3,3.5,0,177634,52.0,1525147,41,1980,1,N/A,0.23464517327422652
3535,3536,Title 3536,Movie,1998,2019-12-27,PG,118.0,0.0,Drama,United States,Korean,7.4,3.6,1,573091,68.3,1825642,27,1990,1,1.5-2.5 hours,0.3591638864006876
3536,3537,Title 3537,Movie,1981,2023-09-24,TV-Y,99.0,0.0,Drama,Spain,Spanish,4.6,3.4,1,3511673,46.8,1134025,44,1980,1,1-1.5 hours,0.7139523985690961
3537,3538,Title 3538,Movie,1991,2018-04-04,TV-Y,178.0,0.0,Thriller,Australia,French,4.7,4.3,1,2452731,73.7,497442,34,1990,1,> 2.5 hours,0.6627106617543199
3538,3539,Title 3539,TV Show,1996,2018-08-23,R,174.0,7.0,Thriller,Germany,German,4.4,4.2,1,122150,87.9,1432714,29,1990,0,> 2.5 hours,0.3699225503870136
3539,3540,Title 3540,Movie,1989,2023-04-14,R,85.0,0.0,Mystery,United States,Hindi,7.8,4.3,1,507569,57.4,373279,36,1980,0,1-1.5 hours,0.3057355593727883
3540,3541,Title 3541,TV Show,2013,2015-01-21,TV-Y7,0.0,5.0,Romance,Germany,German,6.7,3.7,0,3048784,48.7,1867904,12,2010,1,N/A,0.6521188576268584
3541,3542,Title 3542,TV Show,1985,2018-08-15,R,136.0,8.0,Adventure,Spain,Hindi,7.4,4.5,1,1555603,59.1,511416,40,1980,0,1.5-2.5 hours,0.46974109168800215
3542,3543,Title 3543,Movie,1987,2016-06-20,TV-14,172.0,0.0,Mystery,Australia,French,8.8,3.3,1,412087,65.3,280793,38,1980,0,> 2.5 hours,0.323013219986355
3543,3544,Title 3544,TV Show,1990,2023-04-06,TV-14,0.0,5.0,Crime,Germany,English,8.1,4.1,1,2548814,83.6,859938,35,1990,0,N/A,0.7167231513886664
3544,3545,Title 3545,Movie,1991,2020-07-18,TV-MA,78.0,1.0,Adventure,United States,English,6.5,3.6,1,1725984,49.6,1903628,34,1990,0,1-1.5 hours,0.4572983119703579
3545,3546,Title 3546,Movie,1988,2019-03-22,PG,118.0,3.0,Thriller,Germany,Japanese,9.4,4.1,0,694825,23.9,1918075,37,1980,1,1.5-2.5 hours,0.1998240366161007
3546,3547,Title 3547,Movie,1981,2017-03-08,G,118.0,8.0,Drama,Australia,Spanish,6.5,3.6,1,3018141,67.3,97232,44,1980,1,1.5-2.5 hours,0.7219223949865862
3547,3548,Title 3548,TV Show,1987,2019-08-22,TV-Y,0.0,5.0,Horror,United States,Spanish,4.6,4.6,1,297725,94.0,754725,38,1980,1,N/A,0.42065887281190023
3548,3549,Title 3549,Movie,1990,2021-12-12,PG,118.0,0.0,Drama,India,Hindi,9.5,4.8,0,3244930,84.1,875936,35,1990,1,1.5-2.5 hours,0.823140838537306
3549,3550,Title 3550,TV Show,2015,2017-12-05,G,0.0,1.0,Action,United Kingdom,Hindi,4.1,4.5,0,3851887,76.9,574258,10,2010,1,N/A,0.8853846389077571
3550,3551,Title 3551,Movie,1989,2021-04-05,G,179.0,0.0,Mystery,United States,Hindi,7.0,3.4,1,2597811,33.2,1055158,36,1980,1,> 2.5 hours,0.5224727215999844
3551,3552,Title 3552,Movie,2000,2015-03-24,PG-13,118.0,0.0,Adventure,South Korea,Hindi,5.7,3.5,0,846371,76.1,1954819,25,2000,0,1.5-2.5 hours,0.4313559991289976
3552,3553,Title 3553,Movie,1999,2020-09-13,R,123.0,0.0,Horror,United Kingdom,Japanese,6.8,4.8,1,3419423,26.1,339288,26,1990,0,1.5-2.5 hours,0.6173148605158664
3553,3554,Title 3554,TV Show,1987,2020-10-21,TV-MA,0.0,7.0,Action,Germany,French,7.1,3.9,1,220482,57.0,1488454,38,1980,0,N/A,0.2610723909490751
3554,3555,Title 3555,TV Show,2015,2020-10-24,R,0.0,1.0,Crime,Australia,French,5.3,4.9,1,2080482,47.8,246164,10,2010,0,N/A,0.503273158201185
3555,3556,Title 3556,TV Show,2008,2020-09-25,TV-MA,106.0,5.0,Drama,United States,English,7.1,3.8,1,3212348,87.9,584536,17,2000,0,1.5-2.5 hours,0.8334535250971941
3556,3557,Title 3557,Movie,2021,2022-10-25,PG,118.0,0.0,Romance,Australia,Spanish,8.2,4.9,1,3195510,32.0,321922,4,2020,1,1.5-2.5 hours,0.6073278181514998
3557,3558,Title 3558,Movie,1991,2022-06-08,TV-Y7,95.0,3.0,Sci-Fi,United States,Japanese,5.5,4.9,0,1017127,79.2,1043482,34,1990,1,1-1.5 hours,0.4693694695660413
3558,3559,Title 3559,TV Show,1993,2022-12-02,TV-Y7,0.0,5.0,Action,Australia,Spanish,6.1,4.3,1,1554653,23.6,1221725,32,1990,1,N/A,0.3275985912961261
3559,3560,Title 3560,TV Show,2000,2023-04-13,PG,0.0,5.0,Drama,South Korea,Korean,5.5,3.0,1,2767993,72.6,981373,25,2000,1,N/A,0.7056000918002524
3560,3561,Title 3561,TV Show,2001,2015-12-27,TV-14,83.0,4.0,Drama,France,Spanish,8.5,3.8,0,3071837,42.0,1874871,24,2000,0,1-1.5 hours,0.6287768171362471
3561,3562,Title 3562,TV Show,2000,2023-01-16,G,146.0,5.0,Adventure,United Kingdom,Spanish,8.0,4.8,1,2120643,93.2,956903,25,2000,1,> 2.5 hours,0.6908973247676431
3562,3563,Title 3563,TV Show,2023,2015-07-15,TV-MA,0.0,6.0,Adventure,United Kingdom,German,8.8,4.8,1,1926106,70.4,619619,2,2020,0,N/A,0.5705166945209099
3563,3564,Title 3564,TV Show,2009,2017-06-30,TV-PG,87.0,2.0,Romance,United States,German,4.9,3.4,0,3111834,43.2,995184,16,2000,1,1-1.5 hours,0.639576383635055
3564,3565,Title 3565,Movie,2018,2016-06-03,R,77.0,8.0,Action,Germany,Japanese,4.4,3.8,1,3911294,37.7,404115,7,2010,0,1-1.5 hours,0.7374957134132119
3565,3566,Title 3566,TV Show,1999,2017-12-01,PG,115.0,4.0,Thriller,Spain,Korean,4.7,4.7,1,1666919,67.9,1451662,26,1990,1,1.5-2.5 hours,0.5216385376059784
3566,3567,Title 3567,Movie,2003,2019-09-10,G,170.0,0.0,Adventure,Spain,Hindi,4.9,4.2,1,3216613,40.5,515423,22,2000,1,> 2.5 hours,0.6444932768565114
3567,3568,Title 3568,Movie,2002,2019-08-17,TV-MA,142.0,0.0,Sci-Fi,United Kingdom,Korean,6.9,4.7,1,2820608,34.0,1581544,23,2000,0,> 2.5 hours,0.5590923635039996
3568,3569,Title 3569,TV Show,1986,2015-10-30,TV-Y,0.0,5.0,Drama,France,Korean,9.3,4.7,1,1648390,68.6,731593,39,1980,1,N/A,0.5216591799627449
3569,3570,Title 3570,TV Show,1988,2022-08-13,R,158.0,5.0,Drama,Spain,English,6.0,4.8,1,3723812,74.3,392912,37,1980,0,> 2.5 hours,0.8557733360766742
3570,3571,Title 3571,Movie,1980,2021-05-27,TV-Y7,152.0,0.0,Crime,Canada,French,9.3,3.2,0,2788501,37.9,1668839,45,1980,1,> 2.5 hours,0.5698763002598257
3571,3572,Title 3572,TV Show,2005,2020-07-16,PG,0.0,5.0,Crime,Spain,Spanish,4.2,3.3,1,2926749,60.2,1753935,20,2000,1,N/A,0.6798135572872825
3572,3573,Title 3573,TV Show,2017,2021-05-25,TV-Y7,92.0,5.0,Romance,Japan,English,9.1,3.2,1,3544216,69.8,531794,8,2010,1,1-1.5 hours,0.8108338619931205
3573,3574,Title 3574,Movie,2017,2015-05-17,TV-MA,118.0,5.0,Action,Australia,Japanese,5.0,4.9,1,1063410,90.6,628591,8,2010,0,1.5-2.5 hours,0.5219119386578313
3574,3575,Title 3575,Movie,2023,2021-08-15,TV-Y7,118.0,0.0,Comedy,United Kingdom,French,9.0,4.0,1,104571,80.3,578865,2,2020,1,1.5-2.5 hours,0.3368856931356561
3575,3576,Title 3576,Movie,2001,2017-04-19,R,118.0,0.0,Horror,France,Japanese,4.3,3.1,0,264691,51.6,980096,24,2000,0,1.5-2.5 hours,0.24610375918533778
3576,3577,Title 3577,TV Show,2023,2016-01-14,TV-14,0.0,5.0,Adventure,Germany,Spanish,9.2,3.6,0,3402664,83.3,963688,2,2020,0,N/A,0.8436010036027599
3577,3578,Title 3578,Movie,1989,2020-12-20,G,118.0,8.0,Action,United States,Japanese,5.1,3.7,1,709470,53.1,479994,36,1980,1,1.5-2.5 hours,0.31882079265717983
3578,3579,Title 3579,TV Show,1985,2018-10-13,TV-14,113.0,5.0,Drama,India,Korean,5.7,4.6,1,3149948,29.8,1945801,40,1980,0,1.5-2.5 hours,0.5916934993571232
3579,3580,Title 3580,Movie,1996,2015-07-20,PG,118.0,5.0,Mystery,South Korea,Spanish,6.7,4.5,1,2926025,45.6,1589458,29,1990,1,1.5-2.5 hours,0.6213049569886318
3580,3581,Title 3581,Movie,2017,2017-09-24,TV-14,150.0,1.0,Crime,United Kingdom,Hindi,6.1,4.4,1,2326669,80.4,974486,8,2010,0,> 2.5 hours,0.6706013097536019
3581,3582,Title 3582,Movie,2003,2023-08-23,PG-13,179.0,5.0,Horror,France,Hindi,7.7,3.0,0,1796779,91.7,1064953,22,2000,0,> 2.5 hours,0.6363175911733757
3582,3583,Title 3583,TV Show,1989,2018-02-18,G,79.0,7.0,Adventure,United States,Korean,9.4,4.8,0,2178049,93.8,466354,36,1980,1,1-1.5 hours,0.7019082484476832
3583,3584,Title 3584,TV Show,1987,2016-05-24,TV-MA,0.0,5.0,Thriller,India,Japanese,7.3,3.4,0,1857821,67.9,531372,38,1980,0,N/A,0.5502739163532699
3584,3585,Title 3585,Movie,2000,2018-02-14,G,75.0,1.0,Thriller,Japan,German,8.0,4.3,1,1240156,55.9,261879,25,2000,1,1-1.5 hours,0.4096239115657568
3585,3586,Title 3586,Movie,1985,2018-04-23,PG-13,118.0,0.0,Crime,United Kingdom,Hindi,4.5,3.1,0,2992056,32.2,1862184,40,1980,0,1.5-2.5 hours,0.5776096342264941
3586,3587,Title 3587,Movie,2000,2017-11-28,TV-PG,118.0,0.0,Action,Germany,Korean,7.5,3.2,1,2439662,27.7,1740587,25,2000,1,1.5-2.5 hours,0.4767503063633425
3587,3588,Title 3588,TV Show,2018,2019-11-26,TV-14,0.0,2.0,Adventure,South Korea,English,6.5,3.0,1,2802004,58.9,136423,7,2010,0,N/A,0.6559017558298286
3588,3589,Title 3589,Movie,2003,2015-04-04,G,97.0,5.0,Horror,India,German,8.9,4.1,1,1674402,74.6,1508692,22,2000,1,1-1.5 hours,0.5495609906927243
3589,3590,Title 3590,TV Show,2012,2017-07-21,TV-Y7,0.0,5.0,Drama,Germany,Hindi,6.1,4.3,1,451799,44.3,1370794,13,2010,1,N/A,0.2449700363676
3590,3591,Title 3591,Movie,1997,2022-12-13,TV-MA,85.0,8.0,Action,Spain,Korean,7.7,3.1,1,1948636,70.6,273625,28,1990,0,1-1.5 hours,0.5746962038145604
3591,3592,Title 3592,Movie,2007,2018-08-06,TV-Y,118.0,6.0,Crime,United States,Korean,5.3,3.6,1,2933752,62.8,328283,18,2000,1,1.5-2.5 hours,0.691264010176028
3592,3593,Title 3593,Movie,2011,2017-03-03,PG,64.0,0.0,Romance,United Kingdom,English,5.4,4.7,1,1978208,90.6,443489,14,2010,1,1-1.5 hours,0.659132016013044
3593,3594,Title 3594,Movie,1991,2015-11-01,PG,118.0,0.0,Comedy,United States,English,6.1,3.2,1,1687919,35.7,1591797,34,1990,1,1.5-2.5 hours,0.3959885462685022
3594,3595,Title 3595,Movie,2021,2017-09-25,PG,141.0,3.0,Action,India,German,5.7,3.4,1,1151693,64.3,268951,4,2020,1,> 2.5 hours,0.42995442507466897
3595,3596,Title 3596,Movie,2006,2020-04-02,G,76.0,0.0,Sci-Fi,Canada,French,5.4,3.8,1,135128,51.0,749313,19,2000,1,1-1.5 hours,0.2242692557404533
3596,3597,Title 3597,TV Show,1989,2017-08-11,TV-14,172.0,5.0,Adventure,Canada,Hindi,4.3,4.7,1,767418,39.6,109749,36,1980,0,> 2.5 hours,0.2735130165607956
3597,3598,Title 3598,Movie,2021,2021-03-10,G,108.0,0.0,Thriller,South Korea,Korean,8.6,3.5,1,1599473,46.8,592006,4,2020,1,1.5-2.5 hours,0.4271216097844269
3598,3599,Title 3599,TV Show,2011,2022-01-20,R,79.0,5.0,Sci-Fi,Spain,German,4.4,5.0,1,1778492,42.1,15768,14,2010,0,1-1.5 hours,0.4351745336299675
3599,3600,Title 3600,Movie,2021,2017-11-14,TV-Y7,118.0,0.0,Action,Japan,Japanese,8.9,3.7,1,1341008,59.6,952703,4,2020,1,1.5-2.5 hours,0.4395517531673212
3600,3601,Title 3601,Movie,2005,2023-10-07,TV-Y,61.0,0.0,Action,France,German,4.7,3.8,1,2461175,61.9,868410,20,2000,1,1-1.5 hours,0.6167772652374794
3601,3602,Title 3602,TV Show,2004,2017-07-23,TV-Y,74.0,5.0,Sci-Fi,United Kingdom,Japanese,4.4,3.2,1,3980574,84.9,1395496,21,2000,1,1-1.5 hours,0.9366877419912905
3602,3603,Title 3603,Movie,1990,2020-12-15,TV-Y7,118.0,7.0,Romance,United Kingdom,English,7.1,4.4,1,1577221,78.6,534893,35,1990,1,1.5-2.5 hours,0.5509838006054517
3603,3604,Title 3604,TV Show,2002,2018-12-02,PG-13,179.0,8.0,Sci-Fi,India,Korean,6.8,3.5,0,1639023,42.7,1109841,23,2000,0,> 2.5 hours,0.4166541260988468
3604,3605,Title 3605,TV Show,2013,2015-04-18,R,140.0,7.0,Drama,Canada,Spanish,6.7,4.3,1,1512653,89.8,733472,12,2010,0,1.5-2.5 hours,0.5860985739710785
3605,3606,Title 3606,Movie,2019,2016-02-20,TV-MA,152.0,1.0,Horror,Australia,French,7.2,3.4,0,3323185,85.1,1850748,6,2010,0,> 2.5 hours,0.8388791208175823
3606,3607,Title 3607,TV Show,2002,2017-08-04,TV-Y,102.0,5.0,Sci-Fi,Japan,French,5.6,3.8,0,929970,66.9,195734,23,2000,1,1.5-2.5 hours,0.40709588361367993
3607,3608,Title 3608,TV Show,2008,2023-10-26,PG,0.0,5.0,Sci-Fi,India,English,7.6,4.7,1,2029636,21.4,583717,17,2000,1,N/A,0.3900462372271524
3608,3609,Title 3609,Movie,2010,2016-07-05,G,150.0,5.0,Adventure,Japan,Japanese,6.8,4.5,0,906688,35.7,814873,15,2010,1,> 2.5 hours,0.2788035740098285
3609,3610,Title 3610,TV Show,1986,2022-04-04,PG-13,0.0,5.0,Horror,Australia,Korean,5.8,3.3,0,2230785,79.2,1418345,39,1980,0,N/A,0.6514186702013431
3610,3611,Title 3611,Movie,2019,2023-02-13,TV-Y7,86.0,6.0,Comedy,Canada,German,8.5,4.2,0,181002,54.0,764828,6,2010,1,1-1.5 hours,0.24315037466353034
3611,3612,Title 3612,Movie,2012,2015-06-01,TV-PG,89.0,0.0,Sci-Fi,Germany,French,8.0,4.3,0,2530603,29.4,1693241,13,2010,1,1-1.5 hours,0.49719149387660816
3612,3613,Title 3613,Movie,2000,2017-12-20,TV-MA,118.0,0.0,Sci-Fi,Australia,German,6.2,3.2,1,85280,50.6,1283883,25,2000,0,1.5-2.5 hours,0.21519203517809676
3613,3614,Title 3614,Movie,1981,2023-01-07,PG,118.0,0.0,Drama,India,Hindi,8.7,3.9,0,2961421,35.9,670666,44,1980,1,1.5-2.5 hours,0.5878143715895219
3614,3615,Title 3615,TV Show,1997,2020-11-26,TV-Y,0.0,5.0,Thriller,France,Spanish,9.1,3.5,1,2856253,86.9,1140250,28,1990,1,N/A,0.7760391282076027
3615,3616,Title 3616,Movie,2012,2017-03-25,G,82.0,0.0,Drama,Japan,English,7.0,3.9,0,3799386,86.7,1458328,13,2010,1,1-1.5 hours,0.916709467251035
3616,3617,Title 3617,Movie,2016,2018-07-28,TV-Y7,92.0,1.0,Sci-Fi,Spain,Japanese,5.2,4.6,1,1006950,49.0,397791,9,2010,1,1-1.5 hours,0.34704291536801724
3617,3618,Title 3618,TV Show,2013,2017-01-10,TV-MA,97.0,5.0,Adventure,India,French,9.0,3.3,0,675270,30.3,88672,12,2010,0,1-1.5 hours,0.222490778549641
3618,3619,Title 3619,Movie,1999,2022-12-07,TV-PG,118.0,7.0,Drama,Germany,Hindi,5.0,3.2,0,607337,46.9,451654,26,1990,1,1.5-2.5 hours,0.2787008005272014
3619,3620,Title 3620,Movie,2014,2015-07-06,PG-13,118.0,0.0,Adventure,France,Hindi,4.3,3.5,0,263421,29.7,632852,11,2010,0,1.5-2.5 hours,0.15831325866146131
3620,3621,Title 3621,TV Show,1997,2021-07-16,TV-Y,150.0,5.0,Horror,Canada,Spanish,5.8,4.9,1,1764756,42.8,1090388,28,1990,1,> 2.5 hours,0.4359141279638519
3621,3622,Title 3622,TV Show,2003,2023-02-14,G,108.0,4.0,Adventure,South Korea,English,8.0,4.5,1,1291945,77.8,1087285,22,2000,1,1.5-2.5 hours,0.5049922829287781
3622,3623,Title 3623,TV Show,1987,2021-07-22,PG,0.0,5.0,Romance,United Kingdom,English,9.1,3.0,1,1376725,41.9,648942,38,1980,1,N/A,0.3741093179006242
3623,3624,Title 3624,TV Show,2009,2017-09-07,TV-Y7,139.0,5.0,Mystery,Australia,German,7.5,3.8,1,799820,60.8,473937,16,2000,1,1.5-2.5 hours,0.3631733299266573
3624,3625,Title 3625,TV Show,2023,2016-12-26,TV-Y7,127.0,4.0,Horror,United Kingdom,English,9.2,3.5,1,3675522,28.9,1514730,2,2020,1,1.5-2.5 hours,0.6669298161569944
3625,3626,Title 3626,TV Show,1989,2015-09-22,PG-13,0.0,5.0,Mystery,India,Hindi,4.5,4.3,1,3938170,46.1,1897725,36,1980,0,N/A,0.7751271244995923
3626,3627,Title 3627,TV Show,2002,2018-05-23,TV-14,154.0,5.0,Sci-Fi,Canada,German,4.3,3.9,0,3113265,23.0,1308154,23,2000,0,> 2.5 hours,0.558991034225344
3627,3628,Title 3628,Movie,1990,2015-04-28,TV-14,122.0,7.0,Sci-Fi,United States,English,7.3,4.9,1,1221369,61.1,293090,35,1990,0,1.5-2.5 hours,0.427605853816098
3628,3629,Title 3629,TV Show,1981,2018-07-12,PG,0.0,5.0,Romance,France,Japanese,9.3,3.4,0,1019868,46.1,32591,44,1980,1,N/A,0.33738062069670693
3629,3630,Title 3630,TV Show,2005,2019-01-03,TV-PG,161.0,8.0,Action,Spain,Japanese,6.8,4.2,1,3265896,85.4,1484200,20,2000,1,> 2.5 hours,0.8314857471858048
3630,3631,Title 3631,TV Show,2015,2021-05-07,TV-Y7,64.0,6.0,Mystery,United Kingdom,Spanish,4.3,4.4,0,3960529,49.4,1592259,10,2010,1,1-1.5 hours,0.7916809837227052
3631,3632,Title 3632,Movie,2012,2018-08-23,TV-Y7,118.0,8.0,Drama,Japan,Hindi,5.2,4.7,1,2255965,61.8,1073589,13,2010,1,1.5-2.5 hours,0.5855956805881216
3632,3633,Title 3633,Movie,1992,2017-07-31,TV-Y7,116.0,0.0,Romance,Germany,Korean,5.3,3.8,1,3109600,93.2,410204,33,1990,1,1.5-2.5 hours,0.8392412827135274
3633,3634,Title 3634,TV Show,2019,2017-08-09,PG-13,0.0,5.0,Horror,United Kingdom,Spanish,5.9,4.4,1,503992,68.2,1634028,6,2010,0,N/A,0.34839900789727174
3634,3635,Title 3635,TV Show,2004,2015-10-07,TV-14,138.0,5.0,Comedy,India,Spanish,4.2,3.6,1,2887095,57.5,331298,21,2000,0,1.5-2.5 hours,0.6630654409299626
3635,3636,Title 3636,TV Show,1983,2017-07-16,R,0.0,4.0,Drama,France,English,9.0,3.9,1,2582263,27.4,1638258,42,1980,0,N/A,0.49694051518641674
3636,3637,Title 3637,Movie,2021,2016-08-23,TV-MA,118.0,0.0,Adventure,France,German,6.8,4.8,0,2944118,81.6,1545512,4,2020,0,1.5-2.5 hours,0.7680189144520148
3637,3638,Title 3638,Movie,1998,2015-03-21,PG-13,118.0,5.0,Sci-Fi,Australia,German,7.7,4.9,1,903656,68.2,559167,27,1990,0,1.5-2.5 hours,0.4083487727591251
3638,3639,Title 3639,TV Show,1997,2022-10-24,TV-Y,0.0,7.0,Horror,United States,Japanese,4.4,4.4,1,2660650,28.1,420696,28,1990,1,N/A,0.5114985975211431
3639,3640,Title 3640,Movie,2016,2023-12-06,TV-PG,175.0,0.0,Romance,Australia,Hindi,4.3,3.7,0,2235007,38.4,1726156,9,2010,1,> 2.5 hours,0.48885197194292285
3640,3641,Title 3641,TV Show,2009,2022-02-04,TV-PG,0.0,6.0,Mystery,South Korea,English,7.2,4.6,1,3040962,60.3,21810,16,2000,1,N/A,0.6973455544002746
3641,3642,Title 3642,Movie,1998,2023-07-09,TV-MA,153.0,1.0,Mystery,Spain,German,8.9,3.1,0,1862951,23.4,596674,27,1990,0,> 2.5 hours,0.3730434184694008
3642,3643,Title 3643,Movie,2002,2015-11-02,TV-PG,118.0,0.0,Crime,Canada,Japanese,6.9,3.2,0,2147968,73.9,43934,23,2000,1,1.5-2.5 hours,0.6177960860392366
3643,3644,Title 3644,TV Show,1995,2021-08-19,TV-PG,0.0,5.0,Sci-Fi,India,French,8.8,4.3,1,831472,37.1,440293,30,1990,1,N/A,0.2731211429831432
3644,3645,Title 3645,TV Show,1980,2022-05-30,R,0.0,3.0,Drama,India,Korean,8.5,3.6,1,2642538,56.7,1869276,45,1980,0,N/A,0.6231817900499227
3645,3646,Title 3646,TV Show,1991,2023-12-17,TV-PG,130.0,5.0,Adventure,Canada,French,4.4,4.9,1,3840892,38.1,1044544,34,1990,1,1.5-2.5 hours,0.728535384372307
3646,3647,Title 3647,TV Show,2003,2019-07-12,TV-Y7,159.0,8.0,Adventure,Canada,English,5.1,3.9,1,1720974,56.7,834733,22,2000,1,> 2.5 hours,0.4849468099037273
3647,3648,Title 3648,Movie,2013,2022-11-06,PG-13,175.0,0.0,Sci-Fi,Canada,English,7.6,3.9,0,1525237,34.2,837284,12,2010,0,> 2.5 hours,0.36558617916199265
3648,3649,Title 3649,Movie,1987,2018-05-01,TV-14,98.0,0.0,Crime,United States,German,6.4,4.4,1,1240094,64.5,802280,38,1980,0,1-1.5 hours,0.44401461154018174
3649,3650,Title 3650,Movie,1997,2020-05-20,TV-PG,118.0,0.0,Crime,Canada,Spanish,5.6,4.5,0,981319,88.3,1099880,28,1990,1,1.5-2.5 hours,0.5003982547952007
3650,3651,Title 3651,TV Show,1984,2021-09-12,PG,0.0,8.0,Drama,Canada,English,6.3,4.0,1,929527,80.6,764407,41,1980,1,N/A,0.46182943343094196
3651,3652,Title 3652,Movie,2005,2018-11-09,PG,118.0,0.0,Crime,United Kingdom,Spanish,6.4,3.4,0,3706121,38.1,789861,20,2000,1,1.5-2.5 hours,0.7083196787791166
3652,3653,Title 3653,TV Show,2009,2018-08-20,PG,94.0,5.0,Romance,Japan,Hindi,9.0,4.5,0,941968,57.4,1454333,16,2000,1,1-1.5 hours,0.37089558856286853
3653,3654,Title 3654,Movie,1992,2022-05-28,TV-PG,118.0,0.0,Crime,France,Japanese,4.6,3.6,1,1698906,51.7,1146296,33,1990,1,1.5-2.5 hours,0.46163660080065216
3654,3655,Title 3655,TV Show,1998,2016-06-07,TV-Y,176.0,3.0,Mystery,Canada,Hindi,5.5,3.4,1,3722462,92.4,724626,27,1990,1,> 2.5 hours,0.9279708355197976
3655,3656,Title 3656,TV Show,2008,2020-01-15,TV-Y7,139.0,5.0,Thriller,United Kingdom,German,7.0,4.3,1,1755656,79.9,699276,17,2000,1,1.5-2.5 hours,0.5829491242100916
3656,3657,Title 3657,Movie,1982,2015-01-14,G,178.0,0.0,Action,South Korea,Hindi,7.8,3.2,0,1387199,28.1,1839704,43,1980,1,> 2.5 hours,0.32048042222116113
3657,3658,Title 3658,TV Show,2005,2020-06-06,TV-PG,0.0,5.0,Mystery,France,French,7.5,4.9,1,3654703,32.6,1695911,20,2000,1,N/A,0.6786069575691334
3658,3659,Title 3659,TV Show,2019,2018-05-01,TV-Y,95.0,3.0,Mystery,Spain,French,9.2,4.3,1,2487784,72.7,1629179,6,2010,1,1-1.5 hours,0.6639686262137221
3659,3660,Title 3660,Movie,1991,2021-02-24,G,126.0,0.0,Comedy,France,French,8.4,5.0,1,1459958,32.0,366206,34,1990,1,1.5-2.5 hours,0.34699430223433114
3660,3661,Title 3661,TV Show,1981,2022-07-07,TV-MA,131.0,5.0,Comedy,United States,German,7.1,3.7,0,108656,91.3,1827567,44,1980,0,1.5-2.5 hours,0.3814984448207232
3661,3662,Title 3662,TV Show,1990,2021-07-26,R,0.0,1.0,Sci-Fi,Canada,German,5.2,4.9,0,1919084,94.5,1493408,35,1990,0,N/A,0.665863391624327
3662,3663,Title 3663,TV Show,2023,2016-07-29,TV-Y7,125.0,6.0,Comedy,France,French,6.5,3.3,1,2717705,78.4,1259896,2,2020,1,1.5-2.5 hours,0.7212568710563954
3663,3664,Title 3664,Movie,2007,2021-06-15,TV-PG,118.0,0.0,Sci-Fi,South Korea,Spanish,7.8,3.1,0,3695665,22.0,1925223,18,2000,1,1.5-2.5 hours,0.6423512744660047
3664,3665,Title 3665,Movie,1997,2023-02-10,PG-13,118.0,1.0,Mystery,United States,French,8.6,3.1,1,1655831,56.2,551447,28,1990,0,1.5-2.5 hours,0.47317533303216586
3665,3666,Title 3666,TV Show,1992,2018-06-02,PG-13,0.0,5.0,Action,Canada,Spanish,9.3,3.9,1,3585351,50.5,1707413,33,1990,0,N/A,0.7398041289613546
3666,3667,Title 3667,Movie,2016,2017-02-20,PG-13,61.0,4.0,Drama,Australia,Hindi,7.3,3.2,1,2724698,80.0,1598744,9,2010,0,1-1.5 hours,0.7287058239410159
3667,3668,Title 3668,TV Show,2001,2021-03-23,TV-MA,123.0,4.0,Drama,France,Spanish,6.9,4.0,1,2797204,41.5,435486,24,2000,0,1.5-2.5 hours,0.585581753849823
3668,3669,Title 3669,TV Show,1991,2022-01-06,TV-MA,0.0,5.0,Thriller,Canada,English,4.1,3.7,1,98625,49.0,180047,34,1990,0,N/A,0.2107937906829244
3669,3670,Title 3670,TV Show,1981,2021-12-24,G,0.0,5.0,Horror,Australia,Korean,4.4,3.7,0,2283298,27.0,1330919,44,1980,1,N/A,0.45049564186301516
3670,3671,Title 3671,TV Show,2016,2017-07-05,TV-MA,0.0,5.0,Drama,United States,English,4.9,4.3,0,2927716,45.7,632257,9,2010,0,N/A,0.6219586076861712
3671,3672,Title 3672,TV Show,1986,2018-05-09,PG,120.0,6.0,Horror,Germany,English,4.3,3.3,1,1277778,93.0,1497349,39,1980,1,1.5-2.5 hours,0.5636672270848746
3672,3673,Title 3673,Movie,2005,2023-11-02,R,118.0,0.0,Crime,Japan,German,6.2,4.5,0,856809,90.7,1904011,20,2000,0,1.5-2.5 hours,0.49132170343468445
3673,3674,Title 3674,TV Show,2005,2018-12-27,PG,0.0,1.0,Adventure,Germany,Korean,5.9,4.2,0,2760432,76.3,1884954,20,2000,1,N/A,0.7192659386813314
3674,3675,Title 3675,Movie,2003,2018-04-22,TV-PG,150.0,3.0,Mystery,Australia,German,7.5,4.8,0,3248813,88.0,18798,22,2000,1,> 2.5 hours,0.8393232901390479
3675,3676,Title 3676,Movie,1991,2015-11-29,G,138.0,3.0,Action,India,Spanish,6.9,3.7,1,1662565,35.8,38279,34,1990,1,1.5-2.5 hours,0.3925854358099484
3676,3677,Title 3677,TV Show,1995,2020-06-09,TV-Y,0.0,8.0,Sci-Fi,Japan,French,7.3,5.0,1,1149325,66.6,764093,30,1990,1,N/A,0.4387992240978662
3677,3678,Title 3678,TV Show,2002,2022-06-27,G,0.0,5.0,Horror,Japan,Japanese,6.6,4.2,1,3572564,57.5,70716,23,2000,1,N/A,0.7658860736867026
3678,3679,Title 3679,Movie,2019,2019-12-29,TV-Y,98.0,0.0,Thriller,South Korea,Japanese,5.5,4.9,0,3703522,51.7,576252,6,2010,1,1-1.5 hours,0.7623298277070262
3679,3680,Title 3680,Movie,1988,2022-10-09,R,118.0,5.0,Drama,South Korea,Japanese,9.2,3.1,0,3718488,44.4,138245,37,1980,0,1.5-2.5 hours,0.7353747338805181
3680,3681,Title 3681,Movie,2011,2017-02-08,TV-MA,118.0,7.0,Romance,Canada,Spanish,4.5,4.5,0,3522953,85.0,1256796,14,2010,0,1.5-2.5 hours,0.8684444032221088
3681,3682,Title 3682,TV Show,1994,2022-05-03,TV-MA,91.0,3.0,Drama,France,Korean,9.2,4.6,0,2417767,56.3,1578861,31,1990,0,1-1.5 hours,0.5878660473316302
3682,3683,Title 3683,Movie,2016,2017-11-22,TV-PG,180.0,4.0,Comedy,Germany,Hindi,5.7,3.1,0,2842870,74.3,184394,9,2010,1,> 2.5 hours,0.7236316726870999
3683,3684,Title 3684,TV Show,1992,2022-05-15,PG-13,0.0,5.0,Mystery,Spain,Spanish,6.8,4.2,1,2019099,72.9,233384,33,1990,0,N/A,0.5944656828806278
3684,3685,Title 3685,TV Show,1984,2023-11-16,TV-14,68.0,1.0,Comedy,India,English,4.6,4.6,1,2250813,30.2,1055743,41,1980,0,1-1.5 hours,0.45842287846291574
3685,3686,Title 3686,TV Show,1990,2017-01-15,G,95.0,8.0,Drama,Spain,Korean,4.4,4.1,0,1510540,23.7,724891,35,1990,1,1-1.5 hours,0.3213816230994635
3686,3687,Title 3687,Movie,1989,2019-05-30,G,118.0,0.0,Romance,Canada,Korean,6.4,3.1,1,3834830,83.0,1215844,36,1980,1,1.5-2.5 hours,0.9072260818717253
3687,3688,Title 3688,TV Show,1992,2020-08-01,TV-PG,164.0,5.0,Comedy,Australia,Spanish,8.1,4.4,1,603263,56.8,604135,33,1990,1,> 2.5 hours,0.3176896988466718
3688,3689,Title 3689,TV Show,2020,2018-09-19,PG,91.0,2.0,Action,Japan,Spanish,5.5,3.1,1,3141180,80.8,1669249,5,2020,1,1-1.5 hours,0.7943782957403133
3689,3690,Title 3690,TV Show,1994,2018-09-03,TV-Y7,0.0,5.0,Comedy,India,German,7.1,4.6,0,742954,42.3,1379035,31,1990,1,N/A,0.2806434064693678
3690,3691,Title 3691,TV Show,2021,2018-10-02,TV-PG,152.0,5.0,Romance,Canada,German,5.5,3.1,1,839681,84.6,730164,4,2020,1,> 2.5 hours,0.46435249636936504
3691,3692,Title 3692,TV Show,1986,2022-05-25,TV-14,161.0,2.0,Comedy,India,English,6.1,3.3,1,168589,82.3,1601536,39,1980,0,> 2.5 hours,0.35448841954315374
3692,3693,Title 3693,Movie,2019,2017-03-06,TV-MA,142.0,0.0,Horror,United Kingdom,Korean,9.0,3.6,0,2209081,48.6,383716,6,2010,0,> 2.5 hours,0.5257630612484184
3693,3694,Title 3694,TV Show,2007,2022-11-08,TV-Y,0.0,1.0,Crime,Germany,Japanese,8.7,4.3,1,408036,50.9,691494,18,2000,1,N/A,0.2648055683153129
3694,3695,Title 3695,TV Show,2011,2021-01-20,PG,0.0,4.0,Sci-Fi,South Korea,Hindi,6.8,5.0,1,595829,46.3,864336,14,2010,1,N/A,0.27457459578013843
3695,3696,Title 3696,Movie,2014,2018-12-27,PG,75.0,6.0,Drama,Germany,Hindi,5.3,3.2,1,1798597,22.6,225084,11,2010,1,1-1.5 hours,0.36019029192330276
3696,3697,Title 3697,TV Show,1994,2022-05-26,R,142.0,5.0,Horror,Spain,Korean,5.1,3.3,1,1713458,71.6,296281,31,1990,0,> 2.5 hours,0.5434194068033686
3697,3698,Title 3698,Movie,2015,2022-10-16,TV-14,66.0,7.0,Sci-Fi,India,English,9.2,3.7,1,855855,40.5,648882,10,2010,0,1-1.5 hours,0.29037860304115837
3698,3699,Title 3699,TV Show,2000,2020-12-20,PG,0.0,5.0,Crime,United States,Japanese,5.1,4.7,1,3806346,86.3,940405,25,2000,1,N/A,0.9161534701220428
3699,3700,Title 3700,Movie,1985,2015-06-06,TV-14,118.0,0.0,Horror,South Korea,German,8.4,3.9,1,1681715,87.3,476863,40,1980,0,1.5-2.5 hours,0.6014579437093452
3700,3701,Title 3701,Movie,1980,2017-06-11,TV-PG,118.0,0.0,Thriller,Spain,German,6.0,3.6,0,3319546,74.2,1976363,45,1980,1,1.5-2.5 hours,0.7947332693164906
3701,3702,Title 3702,TV Show,1983,2023-02-17,TV-Y,0.0,5.0,Horror,United Kingdom,German,9.4,4.1,0,2212704,33.6,548496,42,1980,1,N/A,0.4663065127429101
3702,3703,Title 3703,TV Show,1990,2020-03-06,TV-Y,0.0,5.0,Action,United Kingdom,Hindi,6.0,3.5,0,3580564,26.7,315138,35,1990,1,N/A,0.6438860769867117
3703,3704,Title 3704,TV Show,2023,2022-05-12,G,133.0,1.0,Romance,United States,Hindi,5.9,3.8,1,2285307,81.2,464215,2,2020,1,1.5-2.5 hours,0.6675969926917299
3704,3705,Title 3705,Movie,2005,2021-03-02,TV-MA,118.0,0.0,Drama,Japan,English,7.5,3.7,0,3888931,87.0,1299768,20,2000,0,1.5-2.5 hours,0.9313412541884489
3705,3706,Title 3706,Movie,2016,2020-09-06,G,90.0,7.0,Mystery,India,Hindi,9.3,4.6,1,603406,46.4,495142,9,2010,1,1-1.5 hours,0.27611114890565946
3706,3707,Title 3707,Movie,2002,2016-10-24,PG,84.0,8.0,Sci-Fi,United Kingdom,Spanish,9.4,4.8,0,3503206,46.5,1498083,23,2000,1,1-1.5 hours,0.711482345076449
3707,3708,Title 3708,TV Show,2008,2023-08-09,R,121.0,5.0,Comedy,South Korea,Hindi,7.9,4.5,1,3962131,49.3,969135,17,2000,0,1.5-2.5 hours,0.7915212843835321
3708,3709,Title 3709,Movie,2000,2016-08-05,G,118.0,0.0,Drama,Spain,German,8.2,3.9,1,1275309,82.1,225126,25,2000,1,1.5-2.5 hours,0.5196968760664091
3709,3710,Title 3710,Movie,2024,2015-05-22,G,89.0,5.0,Mystery,United States,English,7.1,4.0,0,3392255,73.0,1770262,1,2020,1,1-1.5 hours,0.8008396493090355
3710,3711,Title 3711,TV Show,2024,2019-01-21,G,134.0,5.0,Crime,Japan,Korean,8.2,3.3,1,3291646,29.1,470234,1,2020,1,1.5-2.5 hours,0.610148257807709
3711,3712,Title 3712,Movie,2006,2018-05-01,TV-14,74.0,0.0,Horror,Japan,Korean,8.7,4.5,1,3715709,67.6,32710,19,2000,0,1-1.5 hours,0.8277578827341775
3712,3713,Title 3713,Movie,2018,2017-07-30,TV-PG,118.0,0.0,Mystery,Canada,English,6.7,4.2,0,2988908,20.7,924759,7,2010,1,1.5-2.5 hours,0.5311374329279406
3713,3714,Title 3714,TV Show,2019,2020-01-02,R,108.0,6.0,Thriller,Spain,Spanish,7.4,4.8,1,299377,73.3,1568826,6,2010,0,1.5-2.5 hours,0.3381066734933521
3714,3715,Title 3715,Movie,1992,2018-11-15,TV-Y,148.0,0.0,Drama,South Korea,Korean,7.0,3.4,1,1812313,77.3,704669,33,1990,1,> 2.5 hours,0.5810476975811684
3715,3716,Title 3716,TV Show,2002,2023-04-30,TV-14,88.0,1.0,Drama,United Kingdom,German,7.1,4.5,1,1010275,81.1,435997,23,2000,0,1-1.5 hours,0.4759416667395836
3716,3717,Title 3717,TV Show,1995,2023-07-08,PG,85.0,5.0,Drama,Canada,Korean,8.9,4.4,0,2763559,66.9,1851251,30,1990,1,1-1.5 hours,0.6821349899712223
3717,3718,Title 3718,TV Show,2009,2017-10-27,R,0.0,2.0,Romance,France,Korean,6.0,3.5,1,1556081,33.5,59907,16,2000,0,N/A,0.36741279188517767
3718,3719,Title 3719,TV Show,1983,2020-04-08,TV-Y,0.0,1.0,Crime,South Korea,German,5.1,4.3,1,3240884,79.5,1460152,42,1980,1,N/A,0.8041339368683265
3719,3720,Title 3720,TV Show,2019,2022-10-13,R,92.0,7.0,Romance,India,Hindi,6.5,4.8,1,2391516,87.5,651255,6,2010,0,1-1.5 hours,0.7087283865030629
3720,3721,Title 3721,Movie,1995,2022-02-25,TV-Y7,118.0,0.0,Drama,Spain,Spanish,5.1,4.8,1,2153382,67.5,519038,30,1990,1,1.5-2.5 hours,0.5930081882725178
3721,3722,Title 3722,Movie,2010,2018-01-01,TV-Y7,144.0,3.0,Thriller,United States,Japanese,6.7,4.4,1,1917657,40.6,1729642,15,2010,1,> 2.5 hours,0.45004934103568783
3722,3723,Title 3723,TV Show,2021,2015-10-13,G,144.0,5.0,Comedy,United Kingdom,German,9.0,3.1,0,2450725,33.5,1975395,4,2020,1,> 2.5 hours,0.5016097609268426
3723,3724,Title 3724,TV Show,2004,2016-05-29,G,99.0,5.0,Thriller,France,German,7.4,4.7,0,2639996,37.4,913781,21,2000,1,1-1.5 hours,0.5456004890013448
3724,3725,Title 3725,Movie,2023,2019-10-23,TV-Y7,118.0,0.0,Sci-Fi,India,French,8.7,4.3,0,3259855,21.3,1915368,2,2020,1,1.5-2.5 hours,0.5741795946938855
3725,3726,Title 3726,TV Show,1991,2021-12-26,TV-Y,176.0,5.0,Crime,United States,English,4.9,3.6,1,1527837,20.8,1107967,34,1990,1,> 2.5 hours,0.31237618023449565
3726,3727,Title 3727,TV Show,2005,2023-07-07,PG,129.0,5.0,Horror,United Kingdom,Spanish,9.0,3.4,0,3787176,42.3,700415,20,2000,1,1.5-2.5 hours,0.737277962214396
3727,3728,Title 3728,TV Show,2016,2022-05-08,TV-MA,0.0,4.0,Drama,Australia,Hindi,7.3,3.2,0,2482081,89.2,418284,9,2010,0,N/A,0.7291131738612282
3728,3729,Title 3729,Movie,2012,2016-09-27,TV-MA,118.0,7.0,Mystery,Australia,French,4.2,3.1,0,3221539,66.6,374813,13,2010,0,1.5-2.5 hours,0.7496321788884919
3729,3730,Title 3730,Movie,2007,2023-09-06,TV-14,118.0,8.0,Comedy,Japan,Japanese,7.5,4.5,1,2491334,49.0,1175851,18,2000,0,1.5-2.5 hours,0.5697011276781011
3730,3731,Title 3731,TV Show,1988,2022-12-09,PG,0.0,5.0,Horror,France,German,9.2,3.5,1,3254955,20.8,109613,37,1980,1,N/A,0.5714445926726298
3731,3732,Title 3732,TV Show,1991,2022-01-14,R,158.0,5.0,Adventure,France,Japanese,4.4,3.0,1,2449367,94.2,1278046,34,1990,0,> 2.5 hours,0.744206060366666
3732,3733,Title 3733,Movie,1984,2023-08-25,TV-MA,118.0,0.0,Thriller,Australia,Japanese,7.2,3.8,1,3760724,54.2,679237,41,1980,0,1.5-2.5 hours,0.7809101513029161
3733,3734,Title 3734,Movie,2007,2015-12-01,R,85.0,0.0,Comedy,Canada,Japanese,9.0,4.0,1,256804,94.4,1992906,18,2000,0,1-1.5 hours,0.41612070593194134
3734,3735,Title 3735,TV Show,2014,2016-03-29,R,0.0,2.0,Adventure,Canada,French,4.1,3.3,0,1680995,74.0,1755620,11,2010,0,N/A,0.5481499434123444
3735,3736,Title 3736,TV Show,1984,2017-07-08,R,0.0,5.0,Romance,Japan,Hindi,7.5,3.1,0,1072328,23.8,1993371,41,1980,0,N/A,0.25604964233651645
3736,3737,Title 3737,Movie,2013,2019-12-13,TV-MA,118.0,0.0,Adventure,United Kingdom,French,6.6,3.4,0,249083,84.4,519430,12,2010,0,1.5-2.5 hours,0.3749625527470201
3737,3738,Title 3738,Movie,2013,2016-07-17,TV-Y,118.0,2.0,Horror,Canada,French,5.9,4.4,1,3624479,59.8,299137,12,2010,1,1.5-2.5 hours,0.782873345101699
3738,3739,Title 3739,Movie,1992,2020-08-17,PG-13,118.0,0.0,Crime,Canada,French,7.5,3.2,1,3914889,54.0,330631,33,1990,0,1.5-2.5 hours,0.8032349648961534
3739,3740,Title 3740,TV Show,2018,2022-08-07,R,137.0,4.0,Thriller,Germany,German,4.3,4.1,0,1009891,76.8,690010,7,2010,0,1.5-2.5 hours,0.4586840665811831
3740,3741,Title 3741,Movie,2021,2023-06-11,PG,80.0,2.0,Comedy,Germany,German,8.1,3.3,0,3376194,78.1,1847478,4,2020,1,1-1.5 hours,0.8188304926838549
3741,3742,Title 3742,TV Show,2024,2015-10-18,TV-PG,0.0,4.0,Adventure,South Korea,English,4.0,3.4,1,1005352,79.7,1729106,1,2020,1,N/A,0.4696032147088405
3742,3743,Title 3743,Movie,1993,2021-09-18,G,118.0,8.0,Thriller,Germany,Korean,5.7,3.8,0,2585366,77.0,1145336,32,1990,1,1.5-2.5 hours,0.6958059664664078
3743,3744,Title 3744,Movie,1990,2020-03-01,PG,150.0,1.0,Comedy,United Kingdom,Spanish,6.8,3.2,1,891048,68.1,1097758,35,1990,1,> 2.5 hours,0.40605756755831074
3744,3745,Title 3745,Movie,2021,2015-05-14,TV-Y7,118.0,2.0,Comedy,United Kingdom,English,6.1,3.3,0,2572723,70.7,710385,4,2020,1,1.5-2.5 hours,0.668709511251156
3745,3746,Title 3746,Movie,2017,2018-05-10,TV-MA,118.0,0.0,Horror,Germany,Hindi,5.7,3.7,1,3806658,84.4,198547,8,2010,0,1.5-2.5 hours,0.9086002702507432
3746,3747,Title 3747,TV Show,1983,2017-05-21,TV-PG,144.0,8.0,Thriller,India,French,8.6,3.7,1,471705,71.8,232305,42,1980,1,> 2.5 hours,0.3579559445788476
3747,3748,Title 3748,TV Show,2012,2023-12-23,G,0.0,5.0,Horror,United States,German,9.1,4.5,1,3504375,27.6,153461,13,2010,1,N/A,0.6360576955586628
3748,3749,Title 3749,Movie,1986,2020-09-29,PG,118.0,0.0,Adventure,Japan,French,8.8,3.1,0,3072863,68.4,1803451,39,1980,1,1.5-2.5 hours,0.7345307175594733
3749,3750,Title 3750,TV Show,2020,2018-06-08,TV-PG,0.0,4.0,Sci-Fi,United Kingdom,German,6.9,4.7,0,2315603,32.7,1313718,5,2020,1,N/A,0.4781414051888643
3750,3751,Title 3751,Movie,1987,2022-07-22,PG-13,124.0,0.0,Crime,Australia,Japanese,8.9,4.6,1,2989145,21.1,1272696,38,1980,0,1.5-2.5 hours,0.5327729830257033
3751,3752,Title 3752,Movie,2016,2015-02-09,TV-MA,168.0,1.0,Sci-Fi,United Kingdom,Spanish,9.1,4.5,1,549634,36.1,253653,9,2010,0,> 2.5 hours,0.2268453267246485
3752,3753,Title 3753,Movie,1989,2019-05-13,TV-Y,118.0,0.0,Action,South Korea,English,6.3,3.6,1,1379886,31.6,1386853,36,1980,1,1.5-2.5 hours,0.3333834692045403
3753,3754,Title 3754,Movie,2022,2017-07-24,TV-14,68.0,7.0,Drama,United Kingdom,English,5.6,4.6,1,2596379,27.7,1183028,3,2020,0,1-1.5 hours,0.5002579210092827
3754,3755,Title 3755,TV Show,1994,2022-05-22,PG-13,150.0,1.0,Sci-Fi,France,Hindi,4.5,3.4,0,1497955,36.1,965833,31,1990,0,> 2.5 hours,0.36909386790813675
3755,3756,Title 3756,Movie,2017,2020-01-21,TV-Y7,118.0,0.0,Romance,Australia,Japanese,6.6,3.2,1,3115631,62.3,1460655,8,2010,1,1.5-2.5 hours,0.7165459352013217
3756,3757,Title 3757,Movie,1994,2020-03-12,TV-Y,78.0,0.0,Crime,United States,English,9.2,3.1,1,3441169,31.4,194954,31,1990,1,1-1.5 hours,0.6417767694861162
3757,3758,Title 3758,TV Show,1984,2022-01-08,PG-13,94.0,6.0,Drama,United Kingdom,English,7.1,4.9,1,2610827,41.0,1145515,41,1980,0,1-1.5 hours,0.5556251269690992
3758,3759,Title 3759,Movie,2008,2016-08-15,G,118.0,0.0,Adventure,Germany,Korean,7.7,3.6,1,1270618,83.7,1490665,17,2000,1,1.5-2.5 hours,0.5253932241313664
3759,3760,Title 3760,Movie,1998,2019-02-27,TV-PG,118.0,0.0,Horror,United Kingdom,Spanish,4.6,4.8,0,661347,86.6,1471891,27,1990,1,1.5-2.5 hours,0.4456023228063878
3760,3761,Title 3761,Movie,1989,2016-12-19,TV-MA,75.0,8.0,Romance,Japan,French,4.8,3.5,1,3794022,45.0,1274905,36,1980,0,1-1.5 hours,0.7491048650383788
3761,3762,Title 3762,TV Show,1991,2023-01-12,TV-PG,0.0,5.0,Drama,South Korea,English,6.6,4.8,1,683726,87.4,1185322,34,1990,1,N/A,0.4521591820377507
3762,3763,Title 3763,Movie,1983,2015-03-15,R,158.0,6.0,Drama,Japan,Hindi,9.2,4.8,0,1504412,63.9,12899,42,1980,0,> 2.5 hours,0.4812624205716566
3763,3764,Title 3764,TV Show,2010,2020-04-04,PG,0.0,5.0,Comedy,United States,French,6.0,4.8,0,1841522,37.0,1032371,15,2010,1,N/A,0.424229059629914
3764,3765,Title 3765,Movie,1997,2022-07-04,TV-Y7,118.0,0.0,Action,United States,German,8.8,4.0,1,2545888,76.6,1241108,28,1990,1,1.5-2.5 hours,0.6882842501816879
3765,3766,Title 3766,Movie,1995,2018-10-20,R,118.0,5.0,Horror,United States,Japanese,4.7,4.7,0,3284569,89.2,1470639,30,1990,0,1.5-2.5 hours,0.8494867048884385
3766,3767,Title 3767,TV Show,2019,2019-03-04,R,0.0,5.0,Adventure,South Korea,Japanese,7.4,4.9,1,3255863,69.4,1539186,6,2010,0,N/A,0.7659807930471809
3767,3768,Title 3768,Movie,2015,2018-09-18,TV-Y7,118.0,6.0,Thriller,Japan,English,7.3,3.6,0,2771829,35.1,1423014,10,2010,1,1.5-2.5 hours,0.5561754933826069
3768,3769,Title 3769,Movie,2004,2018-03-29,PG,76.0,3.0,Sci-Fi,Canada,English,8.7,3.8,1,1677085,26.4,1234140,21,2000,1,1-1.5 hours,0.35716344179946496
3769,3770,Title 3770,TV Show,2002,2020-09-12,G,142.0,5.0,Crime,France,French,4.0,4.4,0,526242,37.2,45516,23,2000,1,> 2.5 hours,0.22773651707542197
3770,3771,Title 3771,TV Show,1991,2019-05-07,PG,81.0,5.0,Action,United States,German,5.0,3.6,0,2614127,45.4,1752208,34,1990,1,1-1.5 hours,0.5737201283303529
3771,3772,Title 3772,TV Show,2013,2020-02-02,TV-MA,137.0,5.0,Comedy,India,Korean,5.2,4.5,1,129863,45.0,1921326,12,2010,0,1.5-2.5 hours,0.19947950356863484
3772,3773,Title 3773,TV Show,2015,2015-08-11,TV-PG,136.0,8.0,Comedy,Japan,Spanish,9.2,3.1,1,3649413,57.4,1596450,10,2010,1,1.5-2.5 hours,0.7770134553870023
3773,3774,Title 3774,TV Show,2016,2020-06-30,G,0.0,7.0,Drama,Japan,Korean,4.8,4.0,0,1517104,57.9,1069798,9,2010,1,N/A,0.45916622580712096
3774,3775,Title 3775,Movie,1982,2018-08-25,TV-14,116.0,0.0,Mystery,Germany,Hindi,4.2,3.2,0,166536,55.4,1414213,43,1980,0,1.5-2.5 hours,0.2465804686962889
3775,3776,Title 3776,TV Show,1988,2021-02-25,TV-PG,0.0,6.0,Sci-Fi,Spain,French,6.9,3.6,1,2604474,45.8,106127,37,1980,1,N/A,0.5738721743484795
3776,3777,Title 3777,Movie,1997,2022-08-08,G,66.0,1.0,Action,Spain,English,6.9,3.5,1,3232104,28.0,459441,28,1990,1,1-1.5 hours,0.5968169332465664
3777,3778,Title 3778,Movie,2022,2021-08-06,PG,118.0,6.0,Drama,Australia,Korean,8.6,4.7,1,3798749,51.4,1450899,3,2020,1,1.5-2.5 hours,0.7754139169882717
3778,3779,Title 3779,Movie,2014,2023-10-12,TV-Y7,161.0,6.0,Action,South Korea,Spanish,9.2,3.4,1,2192252,93.9,1609151,11,2010,1,> 2.5 hours,0.7044387043064368
3779,3780,Title 3780,TV Show,2013,2022-03-24,PG,0.0,5.0,Romance,United States,Hindi,7.0,4.6,0,2892539,69.0,268096,12,2010,1,N/A,0.7098820431756188
3780,3781,Title 3781,TV Show,2020,2023-05-26,TV-14,61.0,7.0,Horror,Germany,Japanese,9.1,4.6,1,1658309,53.0,1530059,5,2020,0,1-1.5 hours,0.46074703405434364
3781,3782,Title 3782,Movie,1993,2022-04-21,G,168.0,2.0,Crime,United States,Korean,8.0,4.0,1,1426549,26.3,1712772,32,1990,1,> 2.5 hours,0.31918293845308077
3782,3783,Title 3783,TV Show,1983,2023-03-05,TV-MA,0.0,5.0,Sci-Fi,United States,English,5.5,3.5,1,692172,36.0,985019,42,1980,0,N/A,0.24782608552173518
3783,3784,Title 3784,TV Show,2008,2016-03-14,PG,160.0,5.0,Comedy,Germany,Spanish,9.1,3.5,1,2066803,63.1,432817,17,2000,1,> 2.5 hours,0.562421302558582
3784,3785,Title 3785,TV Show,2020,2023-05-10,G,71.0,5.0,Mystery,Germany,English,7.7,3.9,1,1195175,57.3,234221,5,2020,1,1-1.5 hours,0.40847674301104325
3785,3786,Title 3786,TV Show,2024,2022-10-21,TV-PG,0.0,5.0,Adventure,France,English,6.3,3.0,1,2731832,21.4,685145,1,2020,1,N/A,0.4953759268837989
3786,3787,Title 3787,Movie,1994,2021-01-23,TV-14,118.0,0.0,Thriller,United Kingdom,Hindi,7.7,4.1,1,1191627,26.5,636693,31,1990,0,1.5-2.5 hours,0.28474454154748924
3787,3788,Title 3788,Movie,2007,2016-07-15,TV-MA,144.0,1.0,Horror,Spain,Spanish,6.2,4.9,1,3185910,46.7,66907,18,2000,0,> 2.5 hours,0.6646878141914889
3788,3789,Title 3789,TV Show,2021,2022-03-13,G,134.0,5.0,Sci-Fi,United Kingdom,German,4.6,3.3,1,2159606,30.6,240603,4,2020,1,1.5-2.5 hours,0.44634179083992476
3789,3790,Title 3790,Movie,1995,2019-10-14,PG-13,123.0,5.0,Romance,Australia,Japanese,8.0,4.1,1,1933329,91.8,356480,30,1990,0,1.5-2.5 hours,0.6572001475004056
3790,3791,Title 3791,TV Show,1991,2018-03-26,PG,64.0,5.0,Sci-Fi,Germany,English,8.5,4.9,1,3677937,22.6,746125,34,1990,1,1-1.5 hours,0.6420920671531847
3791,3792,Title 3792,TV Show,1984,2021-02-21,TV-14,143.0,6.0,Adventure,South Korea,Spanish,8.0,4.7,0,862155,93.1,993761,41,1980,0,> 2.5 hours,0.5017236056399155
3792,3793,Title 3793,Movie,2013,2016-11-11,TV-MA,118.0,0.0,Crime,Australia,English,5.3,4.7,1,3444830,69.2,791859,12,2010,0,1.5-2.5 hours,0.7935259209962827
3793,3794,Title 3794,Movie,2021,2018-05-24,TV-MA,118.0,4.0,Crime,Germany,Korean,9.3,4.6,1,1922953,50.5,1829554,4,2020,0,1.5-2.5 hours,0.4904437432202939
3794,3795,Title 3795,Movie,1980,2019-05-25,R,82.0,0.0,Action,United Kingdom,Korean,4.1,3.6,1,1033919,60.5,1200168,45,1980,0,1-1.5 hours,0.39708827649276035
3795,3796,Title 3796,TV Show,2018,2018-03-21,TV-14,0.0,6.0,Drama,Canada,Spanish,5.8,4.8,0,2589578,50.8,566720,7,2010,0,N/A,0.5916377682038626
3796,3797,Title 3797,Movie,2011,2016-07-06,TV-MA,118.0,0.0,Crime,Canada,Japanese,5.4,4.9,0,1010961,63.0,1608518,14,2010,0,1.5-2.5 hours,0.40364456702255935
3797,3798,Title 3798,TV Show,2005,2022-05-17,G,0.0,5.0,Mystery,Spain,Hindi,4.3,4.0,0,938627,31.4,1178552,20,2000,1,N/A,0.26639443718470224
3798,3799,Title 3799,Movie,1996,2019-06-01,R,141.0,0.0,Thriller,India,German,6.2,3.7,0,2327592,29.0,103496,29,1990,0,> 2.5 hours,0.4651397601343404
3799,3800,Title 3800,Movie,2006,2022-03-24,TV-PG,156.0,6.0,Romance,South Korea,Korean,7.4,3.8,0,3627412,59.6,348837,19,2000,1,> 2.5 hours,0.7825132963115649
3800,3801,Title 3801,TV Show,2003,2020-08-05,G,135.0,5.0,Adventure,United States,Hindi,8.9,3.7,1,1892657,25.4,1201389,22,2000,1,1.5-2.5 hours,0.3854993307231595
3801,3802,Title 3802,TV Show,2014,2015-07-14,PG,150.0,5.0,Comedy,Japan,German,9.4,3.4,1,1612726,41.9,897211,11,2010,1,> 2.5 hours,0.40950956525130444
3802,3803,Title 3803,TV Show,2021,2015-12-07,TV-14,159.0,2.0,Crime,Australia,Korean,8.4,4.2,1,1537364,89.5,494863,4,2020,0,> 2.5 hours,0.5886052341643939
3803,3804,Title 3804,TV Show,2018,2022-03-19,PG,163.0,7.0,Comedy,Germany,German,6.6,4.1,0,565882,85.7,1460396,7,2010,1,> 2.5 hours,0.42768253342696694
3804,3805,Title 3805,TV Show,2005,2018-06-27,TV-Y,0.0,5.0,Crime,Canada,French,8.0,3.9,1,1338455,82.4,649814,20,2000,1,N/A,0.5303688021142059
3805,3806,Title 3806,TV Show,2017,2016-08-06,TV-Y,0.0,5.0,Mystery,India,English,8.6,3.2,1,3857472,58.0,1810239,8,2010,1,N/A,0.8106223912115758
3806,3807,Title 3807,TV Show,2002,2023-10-22,TV-14,143.0,8.0,Comedy,South Korea,Spanish,6.6,4.6,0,2407069,22.1,669047,23,2000,0,> 2.5 hours,0.449461342918693
3807,3808,Title 3808,TV Show,2001,2023-05-22,TV-PG,154.0,5.0,Drama,South Korea,Korean,8.3,3.3,0,3872428,29.1,568082,24,2000,1,> 2.5 hours,0.6972657973809429
3808,3809,Title 3809,Movie,1983,2019-10-22,R,180.0,8.0,Romance,Canada,Korean,6.7,3.2,1,2328109,89.0,1807716,42,1980,0,> 2.5 hours,0.7052173103476035
3809,3810,Title 3810,TV Show,1988,2022-10-14,PG-13,119.0,5.0,Thriller,Japan,English,6.1,4.2,1,596622,82.7,514492,37,1980,0,1.5-2.5 hours,0.42029354610725184
3810,3811,Title 3811,TV Show,1983,2020-06-02,TV-MA,134.0,3.0,Mystery,India,Korean,6.9,3.8,1,3561524,48.2,684579,42,1980,0,1.5-2.5 hours,0.7270300691326901
3811,3812,Title 3812,Movie,1986,2022-03-22,PG-13,118.0,0.0,Drama,France,Korean,7.7,3.1,0,1693971,74.7,1835096,39,1980,0,1.5-2.5 hours,0.5528963487649592
3812,3813,Title 3813,TV Show,2002,2023-07-17,TV-Y,0.0,6.0,Thriller,Japan,French,8.0,3.7,1,1924850,84.1,1572856,23,2000,1,N/A,0.6251282940028084
3813,3814,Title 3814,Movie,1981,2018-06-14,TV-Y,118.0,4.0,Drama,United Kingdom,Korean,6.0,4.5,0,1109270,66.5,1916339,44,1980,1,1.5-2.5 hours,0.43239095757513335
3814,3815,Title 3815,Movie,2003,2020-12-07,TV-PG,118.0,2.0,Drama,South Korea,Korean,7.1,4.2,1,1701231,84.0,509771,22,2000,1,1.5-2.5 hours,0.5911853517597173
3815,3816,Title 3816,TV Show,2019,2019-10-22,PG-13,0.0,5.0,Drama,India,Korean,9.0,3.7,1,1065786,38.4,1485149,6,2010,0,N/A,0.313468339637934
3816,3817,Title 3817,Movie,2010,2022-12-16,PG-13,71.0,7.0,Action,Canada,Hindi,9.4,3.4,0,261808,54.7,1593633,15,2010,0,1-1.5 hours,0.258071307996097
3817,3818,Title 3818,TV Show,2010,2021-04-27,R,89.0,2.0,Thriller,South Korea,Korean,5.2,4.3,0,2854085,63.4,1602416,15,2010,0,1-1.5 hours,0.6817139273133002
3818,3819,Title 3819,Movie,2019,2022-12-22,TV-PG,118.0,2.0,Drama,Japan,English,5.1,4.8,0,2015079,67.3,1109762,6,2010,1,1.5-2.5 hours,0.5714626812223733
3819,3820,Title 3820,Movie,2022,2021-12-23,TV-PG,118.0,0.0,Horror,United States,French,7.7,4.3,0,430209,94.0,1243985,3,2020,1,1.5-2.5 hours,0.44053152746170054
3820,3821,Title 3821,Movie,2013,2021-01-20,TV-14,118.0,0.0,Horror,United States,Korean,6.3,4.6,0,1778885,83.4,1637166,12,2010,0,1.5-2.5 hours,0.6004334837920805
3821,3822,Title 3822,TV Show,2003,2023-03-19,PG,71.0,4.0,Crime,South Korea,German,4.1,4.0,1,1998858,24.1,277221,22,2000,1,1-1.5 hours,0.3962295245311924
3822,3823,Title 3823,TV Show,2005,2021-09-04,TV-PG,168.0,8.0,Romance,India,French,5.9,4.4,1,3628816,32.7,515581,20,2000,1,> 2.5 hours,0.6751238968907165
3823,3824,Title 3824,Movie,1995,2018-07-23,TV-PG,172.0,0.0,Comedy,India,French,8.4,4.8,1,1180460,69.3,682520,30,1990,1,> 2.5 hours,0.4542694869410891
3824,3825,Title 3825,Movie,1992,2016-02-04,G,119.0,0.0,Crime,Australia,German,8.4,4.5,1,3474367,38.0,1607587,33,1990,1,1.5-2.5 hours,0.6731564831803287
3825,3826,Title 3826,TV Show,1994,2018-06-20,TV-Y7,100.0,2.0,Action,United Kingdom,English,6.7,4.8,1,3534140,31.9,1598883,31,1990,1,1-1.5 hours,0.6577224578367591
3826,3827,Title 3827,TV Show,2006,2020-02-27,PG-13,0.0,2.0,Horror,Australia,Hindi,6.6,3.9,1,959605,70.0,575294,19,2000,0,N/A,0.423941145838151
3827,3828,Title 3828,Movie,1983,2019-03-25,TV-MA,118.0,5.0,Thriller,Australia,Japanese,7.2,4.8,0,1461493,60.2,1641475,42,1980,0,1.5-2.5 hours,0.4600245528675204
3828,3829,Title 3829,Movie,1995,2022-08-30,PG-13,118.0,1.0,Romance,United Kingdom,Japanese,5.2,4.2,1,1194980,80.4,1401872,30,1990,0,1.5-2.5 hours,0.5008474929306056
3829,3830,Title 3830,TV Show,2009,2022-11-07,TV-14,0.0,5.0,Romance,Canada,English,6.9,4.7,0,3050470,44.0,1469677,16,2000,0,N/A,0.6335717583223354
3830,3831,Title 3831,TV Show,2023,2020-07-21,TV-14,64.0,6.0,Comedy,United States,Hindi,4.1,3.1,0,858109,44.7,200034,2,2020,0,1-1.5 hours,0.3075167039709359
3831,3832,Title 3832,TV Show,2009,2023-10-02,TV-14,0.0,5.0,Thriller,Canada,Spanish,6.6,4.3,1,2289684,31.3,1294451,16,2000,0,N/A,0.4686535444972474
3832,3833,Title 3833,TV Show,2015,2018-07-09,PG,0.0,2.0,Adventure,Australia,German,5.8,4.7,1,3833934,68.9,139677,10,2010,1,N/A,0.8506916815021242
3833,3834,Title 3834,TV Show,1982,2017-10-10,TV-MA,68.0,5.0,Comedy,India,French,7.7,3.3,1,663789,73.2,1125776,43,1980,0,1-1.5 hours,0.3923686238137155
3834,3835,Title 3835,Movie,2001,2016-11-29,R,126.0,4.0,Romance,United Kingdom,French,7.5,4.3,1,1811447,30.4,1196244,24,2000,0,1.5-2.5 hours,0.39331779722394233
3835,3836,Title 3836,TV Show,2001,2016-01-08,PG,0.0,1.0,Action,Japan,French,6.1,4.6,0,3010465,39.1,1442073,24,2000,1,N/A,0.6079709918202275
3836,3837,Title 3837,Movie,1991,2015-09-10,TV-14,166.0,6.0,Mystery,Germany,German,4.0,3.6,1,2048917,31.6,284376,34,1990,0,> 2.5 hours,0.43373839518058677
3837,3838,Title 3838,TV Show,2000,2019-02-20,PG,130.0,5.0,Mystery,Germany,German,5.4,3.8,0,613012,76.1,245696,25,2000,1,1.5-2.5 hours,0.3963520528681454
3838,3839,Title 3839,Movie,1983,2020-09-02,R,118.0,0.0,Horror,Spain,Japanese,7.5,4.1,0,1768697,35.7,1681053,42,1980,0,1.5-2.5 hours,0.4081052795895188
3839,3840,Title 3840,TV Show,2010,2022-06-05,TV-Y7,100.0,5.0,Romance,South Korea,Japanese,4.4,4.0,0,125153,31.4,316107,15,2010,1,1-1.5 hours,0.14437300162575448
3840,3841,Title 3841,TV Show,2023,2015-12-30,TV-MA,0.0,6.0,Action,France,Japanese,4.6,3.1,1,2906890,25.2,1601270,2,2020,0,N/A,0.5368346990954225
3841,3842,Title 3842,Movie,2010,2023-05-03,PG,79.0,5.0,Comedy,France,Hindi,7.6,3.2,1,2215260,82.3,656185,15,2010,1,1-1.5 hours,0.661489913797263
3842,3843,Title 3843,Movie,2002,2017-11-03,TV-MA,118.0,3.0,Action,Japan,French,8.2,3.2,1,1067462,29.3,754571,23,2000,0,1.5-2.5 hours,0.2773197403292859
3843,3844,Title 3844,TV Show,1999,2018-04-06,R,179.0,6.0,Sci-Fi,Spain,English,5.8,3.5,1,1412131,22.2,1447882,26,1990,0,> 2.5 hours,0.3006202325056394
3844,3845,Title 3845,TV Show,1994,2018-07-08,TV-Y7,0.0,5.0,Comedy,United States,Hindi,6.7,3.5,1,295861,24.8,1330099,31,1990,1,N/A,0.14357927204299814
3845,3846,Title 3846,TV Show,2002,2020-02-16,TV-MA,0.0,5.0,Drama,Japan,French,9.2,4.5,1,2366052,47.5,951918,23,2000,0,N/A,0.544908775999134
3846,3847,Title 3847,TV Show,2007,2015-02-02,TV-14,157.0,3.0,Comedy,Australia,German,9.2,4.1,1,190995,64.7,275197,18,2000,0,> 2.5 hours,0.2874493287856542
3847,3848,Title 3848,TV Show,1995,2016-08-23,TV-MA,116.0,3.0,Horror,Japan,German,5.7,4.5,1,3561884,49.9,517938,30,1990,0,1.5-2.5 hours,0.7338840692811905
3848,3849,Title 3849,Movie,2016,2023-01-06,TV-PG,118.0,1.0,Mystery,Germany,German,8.5,3.1,1,2574497,54.2,372491,9,2010,1,1.5-2.5 hours,0.6029756119829329
3849,3850,Title 3850,Movie,2000,2020-02-27,TV-14,118.0,0.0,Comedy,France,French,7.3,4.0,1,2204828,88.9,1149964,25,2000,0,1.5-2.5 hours,0.6863251094940512
3850,3851,Title 3851,TV Show,1994,2022-09-19,TV-MA,72.0,5.0,Drama,United States,Japanese,9.4,3.6,0,3615772,76.9,973034,31,1990,0,1-1.5 hours,0.8499672915100516
3851,3852,Title 3852,Movie,1996,2021-05-07,G,99.0,0.0,Sci-Fi,South Korea,German,6.6,4.7,1,604470,45.6,162310,29,1990,1,1-1.5 hours,0.2730707493445607
3852,3853,Title 3853,Movie,2016,2023-04-23,G,78.0,0.0,Action,Australia,Spanish,8.3,4.4,1,2651188,31.6,1972453,9,2010,1,1-1.5 hours,0.5240792936180574
3853,3854,Title 3854,Movie,1992,2016-03-28,TV-14,146.0,0.0,Thriller,South Korea,German,8.2,4.7,1,2068492,76.2,1602202,33,1990,0,> 2.5 hours,0.6150746532552964
3854,3855,Title 3855,TV Show,1998,2021-01-20,TV-MA,0.0,8.0,Mystery,Germany,French,6.7,3.1,1,133042,63.0,1777945,27,1990,0,N/A,0.27195635487997594
3855,3856,Title 3856,Movie,2009,2015-01-18,PG-13,118.0,0.0,Action,Spain,Japanese,8.4,4.4,1,2411253,92.2,542743,16,2000,0,1.5-2.5 hours,0.7304889446445978
3856,3857,Title 3857,TV Show,2024,2018-09-06,PG,0.0,2.0,Sci-Fi,South Korea,Hindi,5.4,4.1,0,1075959,88.1,881643,1,2020,1,N/A,0.5137942938343081
3857,3858,Title 3858,Movie,1997,2019-02-13,G,131.0,8.0,Thriller,Spain,German,4.7,4.7,0,801002,62.3,137742,28,1990,1,1.5-2.5 hours,0.36935063041423366
3858,3859,Title 3859,TV Show,1993,2021-01-29,PG-13,0.0,5.0,Romance,Australia,Japanese,6.3,4.0,1,358153,25.2,364949,32,1990,0,N/A,0.15452309773851877
3859,3860,Title 3860,Movie,2015,2015-10-29,TV-Y,118.0,0.0,Crime,France,Japanese,9.2,4.1,0,1030697,22.3,297949,10,2010,1,1.5-2.5 hours,0.2438049751636817
3860,3861,Title 3861,TV Show,2015,2021-03-13,PG,0.0,7.0,Horror,India,Korean,6.8,3.1,1,3515675,82.8,1048971,10,2010,1,N/A,0.8585527002199256
3861,3862,Title 3862,TV Show,1999,2017-10-28,TV-14,0.0,5.0,Action,Japan,Spanish,7.5,4.3,1,3352593,72.4,187367,26,1990,0,N/A,0.7924903329484156
3862,3863,Title 3863,Movie,1998,2021-06-25,G,136.0,0.0,Adventure,Canada,French,7.4,3.5,0,138618,62.0,1503055,27,1990,1,1.5-2.5 hours,0.2687927571800822
3863,3864,Title 3864,TV Show,2024,2016-03-09,TV-Y7,0.0,7.0,Thriller,United States,German,4.7,3.0,0,3512009,71.7,651992,1,2020,1,N/A,0.8136027987076965
3864,3865,Title 3865,TV Show,2023,2018-08-21,G,117.0,3.0,Romance,United Kingdom,Korean,6.1,3.1,1,3251659,60.5,1901117,2,2020,1,1.5-2.5 hours,0.7297501913130261
3865,3866,Title 3866,TV Show,1986,2021-08-16,R,0.0,5.0,Adventure,United Kingdom,French,7.9,4.9,1,1083122,63.4,1575543,39,1980,0,N/A,0.4160687467890537
3866,3867,Title 3867,TV Show,2023,2015-12-08,G,0.0,5.0,Crime,Australia,Hindi,9.3,3.7,0,3581062,36.9,1668917,2,2020,1,N/A,0.6847607771921373
3867,3868,Title 3868,TV Show,1983,2023-04-03,TV-Y7,69.0,5.0,Crime,Japan,Spanish,4.9,4.7,1,2576025,54.2,1079720,42,1980,1,1-1.5 hours,0.6032048126132347
3868,3869,Title 3869,TV Show,2013,2016-01-27,TV-Y7,155.0,5.0,Mystery,Japan,Japanese,6.3,4.9,1,2038423,20.8,188149,12,2010,1,> 2.5 hours,0.38896429085179984
3869,3870,Title 3870,TV Show,1981,2015-09-13,TV-14,116.0,8.0,Adventure,Japan,German,4.5,4.9,0,3636727,70.2,1841133,44,1980,0,1.5-2.5 hours,0.826310550154013
3870,3871,Title 3871,TV Show,1984,2023-11-04,TV-Y7,0.0,5.0,Mystery,United States,Hindi,5.3,4.8,0,3242365,44.9,171109,41,1980,1,N/A,0.6659560874792405
3871,3872,Title 3872,Movie,1989,2015-11-03,G,118.0,8.0,Mystery,France,French,6.1,4.8,0,1531699,69.2,1341969,36,1980,1,1.5-2.5 hours,0.506555481827575
3872,3873,Title 3873,Movie,2011,2020-01-08,TV-14,131.0,1.0,Mystery,India,Korean,7.0,3.6,1,3983918,89.5,649448,14,2010,0,1.5-2.5 hours,0.9555893433706943
3873,3874,Title 3874,TV Show,2021,2023-03-01,TV-MA,135.0,7.0,Mystery,Japan,French,5.3,3.3,1,2735006,64.4,1393959,4,2020,0,1.5-2.5 hours,0.6678520281930775
3874,3875,Title 3875,TV Show,2020,2020-01-11,G,0.0,5.0,Romance,Canada,French,5.3,4.3,1,2441209,44.6,827508,5,2020,1,N/A,0.5445823570014818
3875,3876,Title 3876,Movie,1992,2015-06-05,TV-PG,149.0,8.0,Horror,India,Spanish,8.3,4.0,1,418529,35.5,906505,33,1990,1,> 2.5 hours,0.20477952264368726
3876,3877,Title 3877,Movie,2018,2017-07-12,PG,109.0,7.0,Comedy,United States,German,9.3,3.2,0,2905157,38.9,80210,7,2010,1,1.5-2.5 hours,0.591374748380558
3877,3878,Title 3878,Movie,1984,2019-06-27,TV-Y7,118.0,0.0,Romance,Japan,Hindi,5.8,4.4,0,3128926,94.0,456200,41,1980,1,1.5-2.5 hours,0.8453401906855244
3878,3879,Title 3879,TV Show,1989,2020-06-26,TV-Y,63.0,7.0,Sci-Fi,Australia,Spanish,7.8,4.1,0,1598242,66.2,571386,36,1980,1,1-1.5 hours,0.504536959276638
3879,3880,Title 3880,Movie,1989,2023-12-15,R,118.0,1.0,Mystery,United States,Korean,5.4,4.7,0,1262887,53.0,1302889,36,1980,0,1.5-2.5 hours,0.40143357094232013
3880,3881,Title 3881,TV Show,2017,2022-09-25,TV-PG,0.0,5.0,Thriller,India,Japanese,9.1,4.2,1,2080690,37.3,1634157,8,2010,1,N/A,0.4613043582869853
3881,3882,Title 3882,TV Show,2006,2015-04-14,TV-Y7,175.0,2.0,Thriller,Spain,German,7.7,4.1,1,103569,78.0,471660,19,2000,1,> 2.5 hours,0.32753539272233007
3882,3883,Title 3883,Movie,2000,2019-03-13,G,116.0,0.0,Adventure,Spain,Japanese,8.4,3.9,0,2110428,49.1,1118806,25,2000,1,1.5-2.5 hours,0.512965070553944
3883,3884,Title 3884,TV Show,1987,2015-10-13,TV-14,80.0,5.0,Adventure,Australia,Spanish,4.3,3.9,0,2117564,42.6,147404,38,1980,0,1-1.5 hours,0.4880354734975521
3884,3885,Title 3885,TV Show,1980,2020-01-19,TV-PG,175.0,5.0,Sci-Fi,South Korea,Korean,7.3,4.9,0,1043592,36.7,367000,45,1980,1,> 2.5 hours,0.3033392304828838
3885,3886,Title 3886,TV Show,2007,2017-01-13,TV-Y,156.0,5.0,Romance,United Kingdom,Korean,6.9,3.3,1,90584,33.9,1367484,18,2000,1,> 2.5 hours,0.14918763736600277
3886,3887,Title 3887,TV Show,2018,2016-02-17,PG,172.0,5.0,Thriller,Australia,Hindi,5.6,3.9,1,1542088,40.5,1648365,7,2010,1,> 2.5 hours,0.3933138361130494
3887,3888,Title 3888,Movie,1993,2015-03-10,TV-14,118.0,8.0,Drama,Spain,French,5.4,4.3,1,3474354,67.0,1079071,32,1990,0,1.5-2.5 hours,0.7891545331749662
3888,3889,Title 3889,Movie,2000,2020-12-11,R,157.0,0.0,Drama,Australia,Korean,7.2,3.9,0,1741201,38.0,978054,25,2000,0,> 2.5 hours,0.4131808682473877
3889,3890,Title 3890,TV Show,2009,2016-03-19,PG-13,169.0,5.0,Comedy,Germany,Korean,7.9,3.6,1,1557821,24.5,1083515,16,2000,0,> 2.5 hours,0.3316737926029296
3890,3891,Title 3891,TV Show,2000,2017-12-30,R,121.0,5.0,Drama,Spain,French,4.2,3.6,0,1062879,46.9,521373,25,2000,0,1.5-2.5 hours,0.3470322884387932
3891,3892,Title 3892,Movie,1988,2021-08-10,TV-PG,118.0,3.0,Action,France,English,7.1,3.5,1,183229,63.9,389289,37,1980,1,1.5-2.5 hours,0.28308442558217034
3892,3893,Title 3893,TV Show,1996,2018-12-27,TV-Y7,0.0,5.0,Mystery,Japan,Korean,4.9,3.7,1,1332531,24.5,32701,29,1990,1,N/A,0.29788019967054913
3893,3894,Title 3894,Movie,1984,2020-02-27,TV-MA,118.0,5.0,Sci-Fi,France,German,4.8,4.7,1,3443665,53.9,1029492,41,1980,0,1.5-2.5 hours,0.732151170515719
3894,3895,Title 3895,TV Show,2010,2016-08-09,TV-Y7,170.0,5.0,Adventure,South Korea,Japanese,7.4,4.0,1,3827935,23.9,356297,15,2010,1,> 2.5 hours,0.6697918290275298
3895,3896,Title 3896,TV Show,2019,2022-04-06,PG,0.0,2.0,Action,Australia,Japanese,5.7,3.5,1,3106121,77.6,1316569,6,2010,1,N/A,0.7763194312784361
3896,3897,Title 3897,Movie,2017,2016-01-19,TV-PG,155.0,0.0,Horror,Germany,Spanish,6.4,3.8,0,892496,85.4,910125,8,2010,1,> 2.5 hours,0.4754747681556125
3897,3898,Title 3898,Movie,2022,2016-03-15,TV-MA,171.0,0.0,Mystery,Spain,French,6.0,3.2,0,259105,92.3,993509,3,2020,0,> 2.5 hours,0.4080658568811064
3898,3899,Title 3899,Movie,1998,2015-03-09,TV-14,118.0,0.0,Thriller,Japan,French,7.6,4.8,1,3914309,71.8,1260683,27,1990,0,1.5-2.5 hours,0.8743479646569028
3899,3900,Title 3900,Movie,2015,2018-09-15,TV-MA,118.0,2.0,Mystery,Germany,French,6.6,3.8,0,3531960,67.4,526407,10,2010,0,1.5-2.5 hours,0.7993954569375066
3900,3901,Title 3901,TV Show,2012,2020-10-25,PG,0.0,5.0,Adventure,Germany,German,9.3,5.0,0,1598441,72.1,460397,13,2010,1,N/A,0.5281668093587257
3901,3902,Title 3902,Movie,1992,2020-03-20,G,118.0,5.0,Crime,France,French,5.9,3.7,1,991995,84.1,1774127,33,1990,1,1.5-2.5 hours,0.4851996591990628
3902,3903,Title 3903,TV Show,1993,2020-05-03,TV-Y,107.0,5.0,Crime,United Kingdom,German,8.1,4.7,1,786900,80.5,398173,32,1990,1,1.5-2.5 hours,0.4400353245971427
3903,3904,Title 3904,Movie,2012,2021-04-21,TV-Y7,118.0,7.0,Action,India,Japanese,5.4,3.5,1,1967460,52.9,170278,13,2010,1,1.5-2.5 hours,0.5067198115794819
3904,3905,Title 3905,Movie,2008,2019-06-15,TV-PG,118.0,8.0,Romance,United Kingdom,Hindi,6.8,3.2,0,366962,68.8,1212704,17,2000,1,1.5-2.5 hours,0.3302444513722413
3905,3906,Title 3906,TV Show,2022,2022-02-20,PG,0.0,5.0,Thriller,Australia,English,7.0,3.1,0,131255,32.1,53129,3,2020,1,N/A,0.1480883041428364
3906,3907,Title 3907,Movie,2015,2023-11-20,PG-13,118.0,0.0,Adventure,Australia,French,5.8,4.2,1,3894059,72.1,669683,10,2010,0,1.5-2.5 hours,0.8725104563037548
3907,3908,Title 3908,Movie,2023,2016-01-17,TV-Y,168.0,3.0,Adventure,United Kingdom,Japanese,6.6,3.6,1,478341,74.8,469740,2,2020,1,> 2.5 hours,0.37095134731620516
3908,3909,Title 3909,Movie,1989,2019-03-08,PG,118.0,0.0,Adventure,India,English,5.5,3.9,1,408873,80.1,978087,36,1980,1,1.5-2.5 hours,0.38173111866057635
3909,3910,Title 3910,Movie,2010,2016-05-13,PG-13,100.0,6.0,Drama,Spain,Japanese,4.0,4.6,1,3698223,81.3,1940414,15,2010,0,1-1.5 hours,0.8799349755211827
3910,3911,Title 3911,TV Show,1985,2017-08-22,PG-13,116.0,3.0,Adventure,Germany,French,5.2,3.5,1,3317195,53.0,876186,40,1980,0,1.5-2.5 hours,0.7095806183467004
3911,3912,Title 3912,TV Show,1980,2022-07-13,PG-13,0.0,5.0,Crime,Germany,German,7.9,3.6,0,752191,87.8,1032504,45,1980,0,N/A,0.4640289602796408
3912,3913,Title 3913,Movie,1986,2020-01-29,G,126.0,8.0,Horror,United Kingdom,Japanese,8.2,4.7,0,3984129,93.6,1988382,39,1980,1,1.5-2.5 hours,0.972020993457732
3913,3914,Title 3914,Movie,2006,2020-09-26,TV-MA,125.0,6.0,Sci-Fi,United Kingdom,Spanish,5.5,4.0,0,1928315,93.4,1304549,19,2000,0,1.5-2.5 hours,0.6628480454321249
3914,3915,Title 3915,Movie,2000,2017-05-30,R,152.0,1.0,Mystery,United States,English,6.2,4.7,1,2421924,63.9,874858,25,2000,0,> 2.5 hours,0.6188895990463974
3915,3916,Title 3916,TV Show,2007,2020-11-20,TV-Y7,0.0,5.0,Sci-Fi,India,English,4.2,3.7,0,2269011,62.0,448323,18,2000,1,N/A,0.5883525859696114
3916,3917,Title 3917,TV Show,1995,2023-03-23,PG-13,0.0,5.0,Crime,France,German,5.3,3.8,1,3278282,54.3,1440433,30,1990,0,N/A,0.7089436522950437
3917,3918,Title 3918,TV Show,2002,2018-03-27,PG,87.0,5.0,Crime,Germany,English,8.3,3.3,1,2805113,42.5,345163,23,2000,1,1-1.5 hours,0.5907681071122945
3918,3919,Title 3919,TV Show,1999,2019-03-17,TV-14,0.0,5.0,Horror,France,Hindi,7.3,4.8,0,952312,45.0,923464,26,1990,0,N/A,0.3228471928297803
3919,3920,Title 3920,Movie,2017,2022-01-04,TV-14,118.0,3.0,Comedy,Japan,German,5.1,4.8,1,3585267,36.2,265264,8,2010,0,1.5-2.5 hours,0.6825915289267046
3920,3921,Title 3921,Movie,2004,2023-08-06,TV-PG,100.0,4.0,Action,Spain,English,5.4,5.0,1,3735655,91.7,684964,21,2000,1,1-1.5 hours,0.9271497909619251
3921,3922,Title 3922,Movie,2007,2020-03-12,PG-13,159.0,0.0,Drama,United Kingdom,English,8.5,3.8,1,3352112,66.5,594087,18,2000,0,> 2.5 hours,0.7688181827500026
3922,3923,Title 3923,TV Show,1984,2015-10-07,PG,0.0,2.0,Romance,United States,English,5.1,4.6,1,3516424,90.1,96547,41,1980,1,N/A,0.887865050528889
3923,3924,Title 3924,Movie,2000,2018-01-26,PG-13,175.0,0.0,Adventure,United States,German,5.8,3.8,0,2472082,49.0,799872,25,2000,0,> 2.5 hours,0.5668133197366292
3924,3925,Title 3925,TV Show,1997,2022-12-02,G,136.0,5.0,Adventure,Australia,Spanish,7.7,3.9,0,1289050,42.4,533587,28,1990,1,1.5-2.5 hours,0.3629580317345873
3925,3926,Title 3926,TV Show,1985,2019-07-25,PG-13,0.0,5.0,Horror,Japan,Korean,7.1,4.7,0,2136572,30.0,1391988,40,1980,0,N/A,0.4404866813383737
3926,3927,Title 3927,Movie,2008,2023-09-16,TV-Y7,139.0,0.0,Comedy,Spain,Japanese,6.5,3.4,1,148911,42.5,1011828,17,2000,1,1.5-2.5 hours,0.19233671142595643
3927,3928,Title 3928,Movie,1998,2020-07-01,TV-14,118.0,3.0,Adventure,Spain,French,8.9,3.4,1,2776165,86.8,1325872,27,1990,0,1.5-2.5 hours,0.7636258951712117
3928,3929,Title 3929,Movie,2012,2017-01-22,PG-13,102.0,3.0,Drama,South Korea,Japanese,5.2,3.6,1,776154,63.7,1183022,13,2010,0,1.5-2.5 hours,0.37122342016440546
3929,3930,Title 3930,TV Show,1980,2015-02-26,TV-Y7,0.0,4.0,Action,United Kingdom,English,8.1,4.6,0,3231561,53.9,563633,45,1980,1,N/A,0.7003354830225783
3930,3931,Title 3931,TV Show,2024,2020-11-30,TV-Y7,115.0,5.0,Drama,Australia,Japanese,4.9,3.7,1,3256821,62.6,655993,1,2020,1,1.5-2.5 hours,0.7389244934423569
3931,3932,Title 3932,Movie,1982,2023-04-01,TV-MA,97.0,3.0,Comedy,India,Korean,7.4,3.7,1,1958410,87.0,281645,43,1980,0,1-1.5 hours,0.6417623078463466
3932,3933,Title 3933,Movie,2021,2022-05-02,TV-Y7,95.0,2.0,Crime,India,Korean,8.8,5.0,1,1793957,34.5,1292564,4,2020,1,1-1.5 hours,0.40709429000929753
3933,3934,Title 3934,TV Show,2000,2016-04-09,TV-14,0.0,5.0,Drama,Canada,English,6.5,3.8,0,3750611,92.4,1010104,25,2000,0,N/A,0.9321931971312921
3934,3935,Title 3935,Movie,2014,2015-03-21,TV-PG,118.0,2.0,Sci-Fi,Spain,English,8.0,3.5,1,1938486,70.0,953788,11,2010,1,1.5-2.5 hours,0.570773699627674
3935,3936,Title 3936,TV Show,2020,2015-03-25,G,0.0,5.0,Drama,France,French,8.5,4.2,0,2545938,84.2,1210854,5,2020,1,N/A,0.7186917502023131
3936,3937,Title 3937,TV Show,2019,2019-09-08,TV-14,0.0,5.0,Crime,Japan,Korean,4.7,4.6,0,3509061,59.4,1488460,6,2010,0,N/A,0.7639605974916431
3937,3938,Title 3938,Movie,1982,2016-09-02,PG,118.0,3.0,Adventure,United States,Spanish,7.9,3.1,0,2690009,37.7,135044,43,1980,1,1.5-2.5 hours,0.5543024596317639
3938,3939,Title 3939,Movie,2004,2023-11-25,TV-PG,118.0,2.0,Mystery,United Kingdom,Korean,9.1,4.2,0,3614516,62.6,188942,21,2000,1,1.5-2.5 hours,0.7925788909919502
3939,3940,Title 3940,Movie,2024,2020-01-21,TV-Y7,118.0,5.0,Mystery,Japan,Spanish,7.2,3.1,1,712865,25.1,1226780,1,2020,1,1.5-2.5 hours,0.20733004405762118
3940,3941,Title 3941,Movie,2017,2021-06-08,PG-13,118.0,7.0,Mystery,Germany,Japanese,5.0,4.1,0,2934763,83.9,1105675,8,2010,0,1.5-2.5 hours,0.7758156605930666
3941,3942,Title 3942,TV Show,2024,2018-09-09,TV-MA,0.0,6.0,Adventure,South Korea,Hindi,4.7,3.5,1,1447342,68.7,1928715,1,2020,0,N/A,0.49190189703021686
3942,3943,Title 3943,TV Show,1999,2015-07-18,TV-PG,0.0,2.0,Horror,United States,Spanish,5.4,3.6,0,1326944,41.2,1239517,26,1990,1,N/A,0.36384214736590526
3943,3944,Title 3944,TV Show,2023,2018-04-27,PG,0.0,5.0,Action,Japan,French,4.6,3.9,0,1810023,40.6,1182176,2,2020,1,N/A,0.4339041966365408
3944,3945,Title 3945,Movie,2024,2015-03-20,PG,118.0,0.0,Action,Japan,German,6.8,4.9,0,3402448,87.7,234418,1,2020,1,1.5-2.5 hours,0.8611686035136596
3945,3946,Title 3946,TV Show,2013,2021-06-06,TV-PG,113.0,5.0,Adventure,South Korea,Japanese,4.4,4.4,0,571476,83.1,1062433,12,2010,1,1.5-2.5 hours,0.4181216357344983
3946,3947,Title 3947,Movie,2000,2018-05-05,TV-MA,108.0,0.0,Drama,Japan,English,5.2,4.9,0,2437103,77.2,1541774,25,2000,0,1.5-2.5 hours,0.6743664553077522
3947,3948,Title 3948,Movie,2002,2015-06-17,TV-Y7,118.0,0.0,Romance,Australia,Hindi,6.4,4.3,1,2123908,51.1,1879963,23,2000,1,1.5-2.5 hours,0.5229870761144593
3948,3949,Title 3949,Movie,1985,2017-07-31,PG,118.0,0.0,Action,United States,Korean,6.6,3.0,1,2423712,85.4,1897912,40,1980,1,1.5-2.5 hours,0.7051577997839494
3949,3950,Title 3950,Movie,1992,2016-09-26,TV-Y7,78.0,6.0,Sci-Fi,Germany,Spanish,7.1,3.5,0,1248776,38.5,350111,33,1990,1,1-1.5 hours,0.34131691512151663
3950,3951,Title 3951,Movie,2002,2016-03-06,PG,118.0,0.0,Sci-Fi,United States,Hindi,7.9,4.8,0,3591204,21.8,741357,23,2000,1,1.5-2.5 hours,0.6258820813757238
3951,3952,Title 3952,Movie,1988,2016-06-16,TV-PG,118.0,0.0,Thriller,South Korea,Japanese,4.3,4.3,0,1399608,52.5,272924,37,1980,1,1.5-2.5 hours,0.4199417773398877
3952,3953,Title 3953,TV Show,1996,2021-09-25,PG-13,0.0,5.0,Sci-Fi,Germany,German,4.4,5.0,1,1691898,89.0,1743499,29,1990,0,N/A,0.6097853979098443
3953,3954,Title 3954,Movie,1981,2023-02-15,TV-14,118.0,8.0,Action,India,Spanish,4.3,3.3,1,2003109,62.8,1992353,44,1980,0,1.5-2.5 hours,0.5516671762847348
3954,3955,Title 3955,TV Show,1998,2023-03-16,G,0.0,4.0,Romance,United Kingdom,French,6.3,3.6,1,1235126,37.2,1712475,27,1990,1,N/A,0.33406940949087616
3955,3956,Title 3956,TV Show,1998,2023-10-27,PG,178.0,5.0,Crime,Spain,Korean,4.2,3.7,0,2284022,68.8,27013,27,1990,1,> 2.5 hours,0.6178042421616659
3956,3957,Title 3957,Movie,1986,2020-02-20,TV-Y,172.0,0.0,Mystery,India,Korean,8.1,3.7,0,1434353,75.9,1424753,39,1980,1,> 2.5 hours,0.5187535416722396
3957,3958,Title 3958,Movie,2021,2018-08-07,R,118.0,6.0,Drama,Australia,Spanish,5.2,3.5,0,230429,61.3,1423554,4,2020,0,1.5-2.5 hours,0.27976444505222386
3958,3959,Title 3959,Movie,2021,2016-01-28,PG-13,118.0,2.0,Crime,United States,German,9.2,3.9,1,1179807,83.2,1064240,4,2020,0,1.5-2.5 hours,0.5097715366717259
3959,3960,Title 3960,TV Show,1999,2021-05-04,TV-Y,178.0,5.0,Romance,Germany,English,6.7,4.3,0,3594324,64.4,771285,26,1990,1,> 2.5 hours,0.7967500826627272
3960,3961,Title 3961,Movie,1988,2023-05-21,TV-Y7,70.0,0.0,Horror,United Kingdom,English,6.5,3.6,1,2886241,27.2,1439329,37,1980,1,1-1.5 hours,0.5417373405776866
3961,3962,Title 3962,TV Show,1996,2016-01-06,G,0.0,8.0,Mystery,United Kingdom,Korean,8.3,3.2,1,1517267,80.7,1868626,29,1990,1,N/A,0.5503906758743586
3962,3963,Title 3963,Movie,2006,2021-05-23,TV-MA,140.0,4.0,Thriller,South Korea,Japanese,7.9,4.4,1,353851,31.0,943685,19,2000,0,1.5-2.5 hours,0.1770777959639389
3963,3964,Title 3964,Movie,1981,2022-01-26,TV-MA,118.0,0.0,Horror,South Korea,Japanese,7.3,3.9,0,1392706,86.2,774933,44,1980,0,1.5-2.5 hours,0.5537064744928049
3964,3965,Title 3965,TV Show,2015,2020-08-25,G,0.0,5.0,Action,South Korea,German,9.1,4.1,1,1851947,59.1,108083,10,2010,1,N/A,0.5141928139302383
3965,3966,Title 3966,TV Show,1998,2023-01-04,PG-13,175.0,5.0,Romance,France,Korean,6.3,3.9,0,2815676,74.9,1659718,27,1990,0,> 2.5 hours,0.7219525614695441
3966,3967,Title 3967,Movie,1996,2016-12-29,PG-13,118.0,4.0,Mystery,United States,English,8.4,4.8,1,443050,92.9,225422,29,1990,0,1.5-2.5 hours,0.4380576827586276
3967,3968,Title 3968,TV Show,1984,2015-11-25,G,73.0,6.0,Thriller,Canada,Korean,6.1,4.1,0,994709,52.4,1900737,41,1980,1,1-1.5 hours,0.3588067603185909
3968,3969,Title 3969,TV Show,2018,2022-06-02,PG-13,0.0,5.0,Drama,Australia,Spanish,8.6,4.8,0,3697882,54.5,1053925,7,2010,0,N/A,0.7726838253805197
3969,3970,Title 3970,TV Show,1997,2020-01-24,G,126.0,1.0,Drama,Japan,Japanese,5.4,4.0,0,96804,81.9,1626966,28,1990,1,1.5-2.5 hours,0.3421206399317599
3970,3971,Title 3971,TV Show,1986,2020-12-11,PG,0.0,5.0,Adventure,Australia,Japanese,5.6,3.6,1,3224736,28.3,1985901,39,1980,1,N/A,0.5969117302072581
3971,3972,Title 3972,TV Show,1996,2022-05-24,R,0.0,5.0,Action,Spain,French,7.7,3.7,0,564846,22.1,1895633,29,1990,0,N/A,0.17312713299961574
3972,3973,Title 3973,Movie,2018,2022-02-24,TV-Y7,118.0,3.0,Sci-Fi,South Korea,Spanish,5.2,4.0,1,2583089,65.3,1149167,7,2010,1,1.5-2.5 hours,0.6486644155271427
3973,3974,Title 3974,Movie,2015,2016-05-12,TV-14,109.0,6.0,Romance,Spain,French,5.3,4.1,0,2717276,32.6,1940382,10,2010,0,1.5-2.5 hours,0.5379925208794324
3974,3975,Title 3975,TV Show,2019,2016-05-18,TV-PG,0.0,1.0,Thriller,Australia,German,5.7,4.4,0,652390,39.2,519973,6,2010,1,N/A,0.2546587691116151
3975,3976,Title 3976,Movie,2024,2022-06-02,R,98.0,3.0,Thriller,France,English,7.7,3.4,1,2395208,93.2,289088,1,2020,0,1-1.5 hours,0.7320821880260171
3976,3977,Title 3977,Movie,1983,2021-12-10,TV-14,118.0,0.0,Sci-Fi,Spain,German,8.9,4.3,0,874128,69.0,1123509,42,1980,0,1.5-2.5 hours,0.40711956057879156
3977,3978,Title 3978,TV Show,2017,2015-12-07,TV-PG,63.0,5.0,Sci-Fi,United States,German,7.7,4.6,1,2206227,84.2,1454487,8,2010,1,1-1.5 hours,0.6677349600711402
3978,3979,Title 3979,Movie,2004,2019-10-13,TV-MA,119.0,0.0,Horror,Germany,English,8.6,4.4,1,2955117,87.3,728215,21,2000,0,1.5-2.5 hours,0.7924687689891148
3979,3980,Title 3980,TV Show,1984,2016-08-11,R,0.0,1.0,Mystery,Canada,Hindi,7.0,4.0,1,1497726,29.1,1983990,41,1980,0,N/A,0.341059517813674
3980,3981,Title 3981,TV Show,2009,2019-11-13,TV-Y,0.0,5.0,Horror,Canada,Hindi,4.4,5.0,0,3780319,89.6,479603,16,2000,1,N/A,0.9254494093858758
3981,3982,Title 3982,Movie,1991,2021-01-01,R,94.0,6.0,Comedy,Australia,Korean,4.6,3.8,1,2098938,85.0,1859811,34,1990,0,1-1.5 hours,0.654841565814306
3982,3983,Title 3983,TV Show,1983,2021-04-25,PG-13,0.0,4.0,Comedy,Japan,Hindi,7.0,3.2,1,3676114,23.4,869428,42,1980,0,N/A,0.6450186164011951
3983,3984,Title 3984,TV Show,2003,2022-05-14,TV-14,136.0,4.0,Action,South Korea,Spanish,5.8,4.6,1,2585947,93.3,741847,22,2000,0,1.5-2.5 hours,0.7610931167060708
3984,3985,Title 3985,TV Show,2008,2019-07-25,PG-13,0.0,5.0,Adventure,Australia,Japanese,5.2,3.4,0,415003,54.4,1286749,17,2000,0,N/A,0.2798506211892083
3985,3986,Title 3986,TV Show,1988,2021-12-22,TV-MA,0.0,7.0,Romance,Spain,French,6.6,4.4,1,3514719,93.1,1421027,37,1980,0,N/A,0.8996092998255745
3986,3987,Title 3987,TV Show,1983,2020-04-25,TV-Y7,113.0,5.0,Thriller,France,Japanese,7.7,3.4,1,1400044,81.8,1726344,42,1980,1,1.5-2.5 hours,0.5372071775197381
3987,3988,Title 3988,Movie,2003,2018-10-01,TV-MA,114.0,0.0,Mystery,Germany,German,6.1,3.0,1,2984900,53.0,1029800,22,2000,0,1.5-2.5 hours,0.659736231274636
3988,3989,Title 3989,Movie,1993,2018-06-20,PG-13,125.0,0.0,Drama,Canada,Japanese,8.4,3.3,1,1578980,58.4,1418977,32,1990,0,1.5-2.5 hours,0.47044765133104116
3989,3990,Title 3990,TV Show,1984,2023-02-07,PG-13,131.0,5.0,Drama,India,Korean,8.1,3.8,1,3677116,40.6,568517,41,1980,0,1.5-2.5 hours,0.7139689168145212
3990,3991,Title 3991,TV Show,1997,2021-07-09,TV-14,0.0,5.0,Crime,Canada,German,8.0,3.2,0,277563,56.5,1825278,28,1990,0,N/A,0.26763456449505235
3991,3992,Title 3992,Movie,2021,2019-09-29,PG,118.0,5.0,Sci-Fi,Germany,English,9.4,3.4,0,1150601,28.1,1350180,4,2020,1,1.5-2.5 hours,0.28499062462421776
3992,3993,Title 3993,TV Show,1998,2020-01-02,PG-13,0.0,2.0,Action,United States,Japanese,5.6,4.5,0,870650,88.1,39796,27,1990,0,N/A,0.48299785914411264
3993,3994,Title 3994,Movie,1991,2023-06-22,PG-13,179.0,0.0,Crime,Spain,Hindi,7.5,4.5,0,2348865,73.5,1534606,34,1990,0,> 2.5 hours,0.6463307189094769
3994,3995,Title 3995,TV Show,1997,2021-05-01,TV-Y7,0.0,5.0,Crime,United Kingdom,English,8.7,4.6,1,678228,80.4,1886974,28,1990,1,N/A,0.4233344797698194
3995,3996,Title 3996,TV Show,1996,2020-07-05,R,0.0,5.0,Adventure,France,Korean,7.2,4.7,1,3295235,59.8,1431498,29,1990,0,N/A,0.7334866092881756
3996,3997,Title 3997,TV Show,2009,2020-02-08,R,100.0,5.0,Romance,Japan,French,8.3,3.8,1,3497692,29.4,867246,16,2000,0,1-1.5 hours,0.6422552428019177
3997,3998,Title 3998,TV Show,2003,2020-10-29,PG-13,74.0,1.0,Thriller,India,Spanish,6.3,4.7,1,2763424,60.3,993557,22,2000,0,1-1.5 hours,0.6557147399155348
3998,3999,Title 3999,TV Show,1990,2020-04-27,TV-MA,61.0,5.0,Mystery,Australia,Hindi,7.2,4.1,0,2659547,44.7,1589689,35,1990,0,1-1.5 hours,0.5777331470661544
3999,4000,Title 4000,TV Show,2014,2015-06-17,TV-Y7,0.0,6.0,Drama,South Korea,English,4.3,3.9,0,3247904,20.8,575110,11,2010,1,N/A,0.5703869397640844
4000,4001,Title 4001,TV Show,2002,2021-08-31,TV-MA,112.0,5.0,Drama,South Korea,French,9.4,4.4,1,596816,66.1,1915843,23,2000,0,1.5-2.5 hours,0.353922646187277
4001,4002,Title 4002,Movie,1996,2023-04-09,TV-PG,118.0,0.0,Drama,South Korea,Japanese,8.4,3.4,1,3509079,84.0,386238,29,1990,1,1.5-2.5 hours,0.862363297499068
4002,4003,Title 4003,Movie,1980,2019-04-30,PG,173.0,2.0,Comedy,India,Hindi,8.8,4.6,1,576479,73.3,1426403,45,1980,1,> 2.5 hours,0.37967208779824146
4003,4004,Title 4004,Movie,1994,2018-10-22,R,129.0,7.0,Romance,Germany,German,7.8,3.9,1,3877342,36.8,188075,31,1990,0,1.5-2.5 hours,0.7288028994079733
4004,4005,Title 4005,TV Show,2011,2019-11-11,R,82.0,1.0,Action,Japan,Spanish,5.0,3.3,0,2194530,81.4,371448,14,2010,0,1-1.5 hours,0.6547804052461145
4005,4006,Title 4006,TV Show,1988,2016-03-07,TV-Y7,0.0,8.0,Drama,Canada,Japanese,4.2,3.2,1,3547624,43.2,947635,37,1980,1,N/A,0.7049450633989244
4006,4007,Title 4007,TV Show,1994,2020-01-13,G,0.0,5.0,Adventure,Australia,French,8.8,3.3,1,1078382,36.4,1526159,31,1990,1,N/A,0.3073577448337983
4007,4008,Title 4008,TV Show,2007,2021-01-07,TV-MA,0.0,5.0,Drama,United Kingdom,Hindi,6.2,4.8,0,1993169,92.1,1826359,18,2000,0,N/A,0.6673761721844735
4008,4009,Title 4009,TV Show,2003,2019-05-24,TV-Y7,0.0,5.0,Action,Japan,Japanese,5.5,5.0,0,3511752,21.2,1911273,22,2000,1,N/A,0.6115642486016837
4009,4010,Title 4010,TV Show,2014,2021-09-09,TV-14,0.0,7.0,Comedy,Australia,Spanish,7.1,3.7,1,1726858,32.6,1284508,11,2010,0,N/A,0.3894294123308839
4010,4011,Title 4011,TV Show,2001,2022-02-28,G,0.0,5.0,Adventure,United Kingdom,French,6.3,3.6,1,3413544,55.0,952512,24,2000,1,N/A,0.7320330080907722
4011,4012,Title 4012,Movie,2006,2022-08-30,TV-Y,118.0,0.0,Crime,France,German,7.6,3.4,0,3388270,32.5,229779,19,2000,1,1.5-2.5 hours,0.6382418976652185
4012,4013,Title 4013,TV Show,1998,2021-01-04,TV-MA,72.0,1.0,Action,Germany,German,6.7,4.6,1,1969939,32.5,423537,27,1990,0,1-1.5 hours,0.42549166260207216
4013,4014,Title 4014,Movie,2024,2017-12-25,G,114.0,5.0,Crime,France,English,7.8,3.4,1,2384147,67.6,1454602,1,2020,1,1.5-2.5 hours,0.628023033463342
4014,4015,Title 4015,Movie,1991,2019-09-07,TV-Y7,67.0,6.0,Sci-Fi,Germany,Korean,8.7,4.8,1,336963,81.4,963209,34,1990,1,1-1.5 hours,0.3761445889976198
4015,4016,Title 4016,TV Show,1999,2015-11-27,TV-14,146.0,2.0,Horror,Spain,English,5.1,4.3,1,3367899,69.6,49231,26,1990,0,> 2.5 hours,0.783586239262158
4016,4017,Title 4017,TV Show,1980,2019-12-28,PG,98.0,4.0,Drama,Canada,Spanish,5.8,4.8,1,1133792,27.6,945009,45,1980,1,1-1.5 hours,0.2804692676904862
4017,4018,Title 4018,Movie,2000,2018-09-06,G,164.0,5.0,Action,United States,English,6.4,4.1,1,2508324,87.2,1858143,25,2000,1,> 2.5 hours,0.7250496346864954
4018,4019,Title 4019,Movie,2024,2019-04-20,PG,92.0,7.0,Horror,United States,French,9.3,4.4,0,1452396,89.2,221641,1,2020,1,1-1.5 hours,0.5746599991149975
4019,4020,Title 4020,TV Show,1980,2023-10-12,PG-13,123.0,7.0,Mystery,Germany,Hindi,6.0,4.2,1,3784485,41.1,1248870,45,1980,0,1.5-2.5 hours,0.7320743111043555
4020,4021,Title 4021,TV Show,1989,2021-09-03,R,0.0,2.0,Adventure,United States,French,6.1,4.7,0,1405939,61.5,1612702,36,1980,0,N/A,0.45689142995143234
4021,4022,Title 4022,Movie,2011,2016-04-07,TV-PG,157.0,0.0,Romance,India,English,7.6,4.7,0,2950071,56.4,947304,14,2010,1,> 2.5 hours,0.6681118669076339
4022,4023,Title 4023,TV Show,2018,2021-09-01,R,0.0,5.0,Sci-Fi,Australia,Korean,6.3,4.2,1,3756831,70.1,65132,7,2010,0,N/A,0.8439261996970491
4023,4024,Title 4024,TV Show,2001,2018-06-08,TV-Y,81.0,2.0,Mystery,Japan,French,9.2,4.3,1,3654542,93.3,1204339,24,2000,1,1-1.5 hours,0.9213828075027206
4024,4025,Title 4025,TV Show,1997,2015-06-27,TV-14,150.0,1.0,Mystery,France,French,8.9,4.8,1,2050910,94.0,643726,28,1990,0,> 2.5 hours,0.6836373460027014
4025,4026,Title 4026,Movie,2011,2017-08-30,PG,67.0,1.0,Sci-Fi,Spain,French,6.8,4.9,0,1847917,58.2,1592670,14,2010,1,1-1.5 hours,0.5099883122678588
4026,4027,Title 4027,Movie,2006,2021-03-07,TV-Y7,118.0,4.0,Crime,Canada,Korean,7.5,4.3,1,1839421,26.9,828020,19,2000,1,1.5-2.5 hours,0.38351390876324903
4027,4028,Title 4028,Movie,2007,2020-02-12,PG,110.0,5.0,Action,Canada,French,4.3,3.0,0,3812354,45.1,1197170,18,2000,1,1.5-2.5 hours,0.7522546726003496
4028,4029,Title 4029,TV Show,1997,2015-01-22,TV-Y7,129.0,4.0,Thriller,Spain,Spanish,7.8,3.2,0,2926938,51.0,1382589,28,1990,1,1.5-2.5 hours,0.6430419073652454
4029,4030,Title 4030,TV Show,2018,2020-11-28,TV-Y7,0.0,5.0,Drama,South Korea,German,7.9,4.7,1,1924360,60.1,1633078,7,2010,1,N/A,0.5290547938006829
4030,4031,Title 4031,Movie,2008,2023-12-15,TV-Y,118.0,1.0,Adventure,South Korea,Korean,6.0,3.2,0,761180,92.0,1885246,17,2000,1,1.5-2.5 hours,0.48217731398761354
4031,4032,Title 4032,Movie,1997,2023-06-07,G,103.0,0.0,Comedy,South Korea,Spanish,5.2,3.4,1,3773990,39.7,1156404,28,1990,1,1.5-2.5 hours,0.7249000567751561
4032,4033,Title 4033,Movie,2023,2018-10-18,R,160.0,1.0,Action,Spain,Korean,9.0,3.5,1,3408183,60.3,790712,2,2020,0,> 2.5 hours,0.7524288558793536
4033,4034,Title 4034,TV Show,1987,2022-11-30,PG-13,128.0,5.0,Drama,United States,Korean,6.3,4.2,1,3144838,41.8,916587,38,1980,0,1.5-2.5 hours,0.6389269972492424
4034,4035,Title 4035,Movie,2010,2020-08-07,PG,136.0,0.0,Action,United Kingdom,German,7.6,4.2,0,455480,89.0,923836,15,2010,1,1.5-2.5 hours,0.4243221878860167
4035,4036,Title 4036,Movie,2013,2016-05-30,G,78.0,0.0,Mystery,Spain,Hindi,4.2,3.6,0,3069489,94.2,1465389,12,2010,1,1-1.5 hours,0.8372246161676945
4036,4037,Title 4037,TV Show,1986,2017-01-01,PG-13,0.0,7.0,Thriller,United States,Spanish,6.3,3.4,1,594318,85.3,473302,39,1980,0,N/A,0.43034794515684915
4037,4038,Title 4038,TV Show,2015,2016-11-28,TV-14,155.0,5.0,Comedy,Japan,Korean,8.5,4.5,1,1337934,45.4,1424467,10,2010,0,> 2.5 hours,0.3822906518992927
4038,4039,Title 4039,TV Show,1997,2018-10-24,TV-PG,123.0,5.0,Action,Spain,Japanese,6.1,4.9,1,2358051,40.8,1504368,28,1990,1,1.5-2.5 hours,0.5169086226987124
4039,4040,Title 4040,Movie,2017,2017-02-21,PG,163.0,5.0,Drama,France,Korean,7.3,3.1,0,787409,52.3,1719870,8,2010,1,> 2.5 hours,0.32731167480710577
4040,4041,Title 4041,TV Show,1988,2020-01-07,TV-Y,0.0,6.0,Comedy,United States,English,5.2,3.3,1,2117399,76.1,244798,37,1980,1,N/A,0.6220107234294894
4041,4042,Title 4042,TV Show,1988,2022-06-08,PG-13,0.0,4.0,Comedy,Canada,French,6.3,4.3,0,3408161,20.7,337889,37,1980,0,N/A,0.5940255558702786
4042,4043,Title 4043,Movie,1987,2019-12-02,TV-Y7,118.0,0.0,Romance,Germany,Hindi,9.1,4.6,1,834311,94.6,399710,38,1980,1,1.5-2.5 hours,0.5035469941542339
4043,4044,Title 4044,TV Show,2014,2021-01-16,G,121.0,5.0,Adventure,Germany,German,7.1,4.6,1,434501,86.3,531085,11,2010,1,1.5-2.5 hours,0.41037532923215536
4044,4045,Title 4045,Movie,1997,2019-05-29,R,118.0,0.0,Mystery,Spain,Japanese,9.0,4.4,0,1882198,21.8,625266,28,1990,0,1.5-2.5 hours,0.3695304764088101
4045,4046,Title 4046,Movie,1984,2019-10-19,TV-Y,118.0,6.0,Romance,France,Spanish,9.0,4.8,1,3987450,48.7,374388,41,1980,1,1.5-2.5 hours,0.7929191448276482
4046,4047,Title 4047,TV Show,1993,2021-09-30,PG,0.0,5.0,Drama,France,Korean,9.2,3.4,1,3966702,71.6,352459,32,1990,1,N/A,0.8814069362690747
4047,4048,Title 4048,TV Show,2007,2016-05-24,G,80.0,1.0,Drama,Germany,French,8.9,3.2,1,2116364,38.1,1966996,18,2000,1,1-1.5 hours,0.4698554730025508
4048,4049,Title 4049,TV Show,2009,2023-09-04,TV-Y,0.0,5.0,Crime,United States,Spanish,4.0,4.2,1,1857765,30.7,960447,16,2000,1,N/A,0.4014655163301699
4049,4050,Title 4050,TV Show,1983,2017-11-20,TV-PG,152.0,6.0,Action,Japan,German,9.1,4.6,1,2271757,67.2,213862,42,1980,1,> 2.5 hours,0.6095644871023396
4050,4051,Title 4051,TV Show,2018,2016-06-01,PG,140.0,5.0,Action,Spain,Hindi,4.8,4.2,1,1755755,87.8,1784328,7,2010,1,1.5-2.5 hours,0.6145639742509292
4051,4052,Title 4052,TV Show,1999,2016-07-08,TV-14,145.0,4.0,Crime,Japan,English,4.2,4.9,0,278376,91.7,1144025,26,1990,0,> 2.5 hours,0.4085565148304158
4052,4053,Title 4053,Movie,2004,2019-02-10,R,125.0,1.0,Horror,South Korea,Hindi,4.3,4.6,0,3528515,20.8,411624,21,2000,0,1.5-2.5 hours,0.6124787055164402
4053,4054,Title 4054,Movie,2007,2022-08-03,TV-14,118.0,0.0,Sci-Fi,United Kingdom,English,5.9,4.4,0,324880,85.6,1440933,18,2000,0,1.5-2.5 hours,0.39113213401336855
4054,4055,Title 4055,TV Show,1991,2019-03-01,PG-13,0.0,4.0,Action,India,Spanish,7.4,3.1,0,1256431,62.1,193134,34,1990,0,N/A,0.43686516827921273
4055,4056,Title 4056,Movie,1981,2021-10-21,PG-13,161.0,6.0,Sci-Fi,South Korea,Hindi,6.2,3.2,1,1896488,37.8,1760422,44,1980,0,> 2.5 hours,0.43567398230345133
4056,4057,Title 4057,TV Show,2022,2020-03-17,R,166.0,5.0,Action,Australia,Hindi,4.1,4.6,1,2446847,66.3,190827,3,2020,0,> 2.5 hours,0.6322280593271632
4057,4058,Title 4058,Movie,1993,2021-10-18,G,169.0,0.0,Adventure,Canada,Hindi,6.6,3.4,1,1789599,94.7,1105084,32,1990,1,> 2.5 hours,0.6472405882116177
4058,4059,Title 4059,Movie,2001,2017-10-13,PG-13,118.0,0.0,Horror,India,German,6.4,3.1,0,2951724,40.7,1314270,24,2000,0,1.5-2.5 hours,0.6055598175894984
4059,4060,Title 4060,Movie,2010,2017-08-28,TV-MA,118.0,8.0,Thriller,Canada,Spanish,8.2,4.8,1,3583289,40.8,185335,15,2010,0,1.5-2.5 hours,0.7006948281107773
4060,4061,Title 4061,TV Show,2002,2018-01-18,TV-MA,82.0,1.0,Horror,Spain,Japanese,5.5,4.8,1,920679,72.4,1813059,23,2000,0,1-1.5 hours,0.4277022297811319
4061,4062,Title 4062,Movie,1999,2015-03-16,TV-Y,156.0,0.0,Drama,South Korea,English,5.2,3.4,0,1731488,23.2,1990102,26,1990,1,> 2.5 hours,0.3525239142407641
4062,4063,Title 4063,TV Show,2017,2023-04-11,TV-Y,68.0,8.0,Crime,France,Hindi,5.4,4.6,1,3346380,81.5,1901757,8,2010,1,1-1.5 hours,0.8279583803855461
4063,4064,Title 4064,Movie,1983,2019-10-09,PG,118.0,7.0,Drama,Germany,Spanish,5.7,3.1,1,2042873,68.9,387893,42,1980,1,1.5-2.5 hours,0.5820317926874299
4064,4065,Title 4065,Movie,1994,2015-08-01,TV-Y,118.0,0.0,Thriller,Germany,Japanese,7.3,3.6,1,2838933,83.1,676023,31,1990,1,1.5-2.5 hours,0.7582411210630828
4065,4066,Title 4066,Movie,2003,2022-10-29,TV-PG,118.0,0.0,Romance,Japan,French,6.6,4.2,1,2458013,37.3,1594526,22,2000,1,1.5-2.5 hours,0.5179029639331507
4066,4067,Title 4067,Movie,2004,2017-01-03,TV-Y,157.0,3.0,Drama,India,German,5.9,4.5,1,3698601,83.5,90752,21,2000,1,> 2.5 hours,0.8887916756771082
4067,4068,Title 4068,Movie,1980,2021-03-17,TV-PG,109.0,5.0,Drama,Australia,German,6.1,3.0,1,2550987,53.6,209620,45,1980,1,1.5-2.5 hours,0.5970491022850313
4068,4069,Title 4069,TV Show,1986,2016-08-23,TV-Y,0.0,6.0,Drama,South Korea,French,6.0,3.7,0,3208875,30.0,258715,39,1980,1,N/A,0.6013325736645776
4069,4070,Title 4070,TV Show,2010,2020-07-27,TV-14,79.0,7.0,Comedy,Germany,Spanish,9.3,3.4,1,3759038,87.6,987474,15,2010,0,1-1.5 hours,0.9142572506074391
4070,4071,Title 4071,Movie,1991,2019-01-12,TV-Y7,76.0,0.0,Sci-Fi,United States,English,5.3,5.0,1,1197294,72.9,1910728,34,1990,1,1-1.5 hours,0.4711945938851332
4071,4072,Title 4072,Movie,2021,2020-11-14,TV-PG,118.0,1.0,Horror,France,Spanish,8.5,4.3,1,2962254,32.6,783496,4,2020,1,1.5-2.5 hours,0.5747393219331354
4072,4073,Title 4073,Movie,1984,2020-07-19,G,112.0,3.0,Romance,Canada,Spanish,7.9,3.8,0,769487,38.5,639010,41,1980,1,1.5-2.5 hours,0.26942336741426043
4073,4074,Title 4074,Movie,2023,2020-08-12,PG,158.0,0.0,Horror,Spain,Korean,4.0,3.2,1,930794,40.2,166249,2,2020,1,> 2.5 hours,0.30041948395358087
4074,4075,Title 4075,TV Show,2021,2020-10-10,R,0.0,5.0,Adventure,Japan,Japanese,9.5,4.2,1,3922961,92.3,158765,4,2020,0,N/A,0.9576457682258626
4075,4076,Title 4076,Movie,2017,2020-03-19,TV-PG,118.0,7.0,Sci-Fi,India,German,8.2,4.3,0,582434,86.5,1289323,8,2010,1,1.5-2.5 hours,0.4333653402546857
4076,4077,Title 4077,TV Show,1991,2023-06-05,PG-13,101.0,8.0,Romance,United Kingdom,English,7.8,4.6,1,2423083,46.0,891169,34,1990,0,1.5-2.5 hours,0.5474634495244862
4077,4078,Title 4078,Movie,2018,2018-10-13,TV-Y7,118.0,0.0,Adventure,Germany,Korean,6.2,3.6,1,3898876,55.0,1600260,7,2010,1,1.5-2.5 hours,0.8048330082907729
4078,4079,Title 4079,TV Show,1997,2022-02-05,TV-14,0.0,4.0,Mystery,Japan,French,7.1,5.0,1,2861691,41.4,1253891,28,1990,0,N/A,0.5948548304507837
4079,4080,Title 4080,Movie,1981,2016-03-08,TV-MA,121.0,8.0,Comedy,United States,Spanish,5.4,3.9,0,2965128,75.7,822862,44,1980,0,1.5-2.5 hours,0.7475704231186635
4080,4081,Title 4081,Movie,1989,2020-07-09,TV-14,118.0,3.0,Drama,United States,French,4.2,3.6,0,2714468,32.1,403222,36,1980,0,1.5-2.5 hours,0.5355713197211293
4081,4082,Title 4082,TV Show,1994,2022-06-15,TV-Y,104.0,8.0,Comedy,Australia,German,8.6,3.7,1,757382,45.4,1050571,31,1990,1,1.5-2.5 hours,0.29520761242093413
4082,4083,Title 4083,Movie,2009,2021-07-01,PG,118.0,0.0,Horror,India,Korean,8.9,4.0,1,75598,65.5,276189,16,2000,1,1.5-2.5 hours,0.27333973118426075
4083,4084,Title 4084,Movie,2023,2022-03-31,TV-Y7,118.0,0.0,Romance,Australia,Japanese,4.9,4.9,0,547772,85.8,1256807,2,2020,1,1.5-2.5 hours,0.42536602595657136
4084,4085,Title 4085,Movie,1996,2023-11-18,PG-13,171.0,0.0,Adventure,India,Korean,8.3,4.5,0,3163358,67.7,1706883,29,1990,0,> 2.5 hours,0.7453050048887635
4085,4086,Title 4086,TV Show,1983,2021-03-23,TV-PG,0.0,6.0,Thriller,Germany,English,8.1,4.2,0,2993847,90.5,876802,42,1980,1,N/A,0.8110782849652837
4086,4087,Title 4087,Movie,1986,2018-06-21,TV-14,118.0,0.0,Adventure,South Korea,Japanese,5.0,3.3,1,594642,89.8,411470,39,1980,0,1.5-2.5 hours,0.44839654529049955
4087,4088,Title 4088,Movie,2020,2019-12-10,TV-Y7,118.0,7.0,Comedy,Spain,Spanish,6.3,3.3,1,2646992,73.9,1771720,5,2020,1,1.5-2.5 hours,0.6926498918872027
4088,4089,Title 4089,TV Show,2010,2018-12-11,TV-PG,0.0,3.0,Drama,Canada,English,6.3,4.0,1,3483980,40.9,814183,15,2010,1,N/A,0.6861984371457021
4089,4090,Title 4090,TV Show,2018,2022-04-19,PG,142.0,8.0,Thriller,Canada,Korean,8.2,4.5,1,1096807,71.2,797018,7,2010,1,> 2.5 hours,0.4493215024341317
4090,4091,Title 4091,TV Show,2013,2021-04-07,R,118.0,5.0,Horror,South Korea,Japanese,8.6,4.5,1,400634,34.5,1697930,12,2010,0,1.5-2.5 hours,0.19809526526197946
4091,4092,Title 4092,Movie,1985,2018-08-26,TV-MA,175.0,3.0,Thriller,United States,Korean,4.5,3.5,1,3966826,45.0,876598,40,1980,0,> 2.5 hours,0.7750255363202249
4092,4093,Title 4093,Movie,2017,2018-11-06,PG,140.0,5.0,Sci-Fi,France,English,7.1,3.2,0,3886808,76.8,1383866,8,2010,1,1.5-2.5 hours,0.8902228033127091
4093,4094,Title 4094,Movie,2024,2019-03-20,TV-Y,118.0,0.0,Mystery,Spain,Korean,8.2,3.8,1,853159,83.8,347127,1,2020,1,1.5-2.5 hours,0.4631742019290553
4094,4095,Title 4095,TV Show,2013,2015-04-28,R,121.0,8.0,Drama,Germany,Japanese,8.3,4.8,1,1566944,51.3,487623,12,2010,0,1.5-2.5 hours,0.4402422463661775
4095,4096,Title 4096,Movie,2023,2020-04-19,TV-Y,118.0,5.0,Comedy,South Korea,Hindi,4.8,4.1,1,2901419,59.3,1626265,2,2020,1,1.5-2.5 hours,0.6724140468386288
4096,4097,Title 4097,Movie,1994,2018-06-07,TV-14,118.0,0.0,Romance,Spain,German,6.9,3.6,1,3602550,49.0,1369607,31,1990,0,1.5-2.5 hours,0.7363839860559616
4097,4098,Title 4098,TV Show,1993,2020-02-23,R,170.0,5.0,Crime,Canada,Spanish,8.7,3.6,0,1784851,55.9,1816186,32,1990,0,> 2.5 hours,0.4913283862530622
4098,4099,Title 4099,TV Show,1985,2017-06-02,TV-Y,148.0,7.0,Thriller,Spain,German,5.8,3.3,0,3104460,58.4,1518064,40,1980,1,> 2.5 hours,0.6992702805932716
4099,4100,Title 4100,TV Show,2016,2018-10-10,R,178.0,5.0,Action,India,Spanish,6.3,3.9,1,3167788,71.9,128035,9,2010,0,> 2.5 hours,0.7627695067161435
4100,4101,Title 4101,TV Show,2011,2019-04-13,PG,0.0,4.0,Crime,Japan,Japanese,8.4,4.6,0,3349116,76.3,1575545,14,2010,1,N/A,0.8075687815141491
4101,4102,Title 4102,TV Show,1982,2018-10-20,TV-Y7,131.0,7.0,Horror,India,Korean,4.5,4.9,0,496619,93.1,1317327,43,1980,1,1.5-2.5 hours,0.44689305485590086
4102,4103,Title 4103,Movie,1982,2021-02-07,TV-MA,78.0,0.0,Action,South Korea,Japanese,8.7,4.0,1,1236231,52.8,231141,43,1980,0,1-1.5 hours,0.39663515994668985
4103,4104,Title 4104,TV Show,2001,2020-05-07,TV-MA,0.0,5.0,Action,Germany,English,5.7,3.3,1,1035188,26.2,624498,24,2000,0,N/A,0.2600786270162243
4104,4105,Title 4105,Movie,2001,2015-08-30,TV-Y,118.0,4.0,Action,United Kingdom,English,4.0,4.4,0,1825516,71.6,25218,24,2000,1,1.5-2.5 hours,0.5602281530274208
4105,4106,Title 4106,Movie,1989,2019-01-24,TV-Y,98.0,1.0,Adventure,Australia,Korean,5.3,4.5,0,1672763,57.4,1724587,36,1980,1,1-1.5 hours,0.480515140016635
4106,4107,Title 4107,TV Show,1982,2022-10-31,R,133.0,3.0,Crime,Australia,Spanish,4.5,3.1,0,3384643,83.1,1496051,43,1980,0,1.5-2.5 hours,0.840097846169077
4107,4108,Title 4108,TV Show,1991,2021-08-19,TV-14,0.0,1.0,Horror,United Kingdom,Korean,4.5,4.7,1,2281580,31.0,1181869,34,1990,0,N/A,0.4662379411543382
4108,4109,Title 4109,TV Show,2008,2015-04-21,TV-Y,0.0,8.0,Comedy,Spain,Spanish,7.8,4.7,1,251796,68.4,1992777,17,2000,1,N/A,0.31136950386613566
4109,4110,Title 4110,Movie,1996,2020-08-30,R,118.0,0.0,Mystery,United Kingdom,Korean,5.2,3.9,0,2267738,54.4,1118293,29,1990,0,1.5-2.5 hours,0.5577616354444974
4110,4111,Title 4111,TV Show,1986,2019-10-05,G,129.0,5.0,Horror,Australia,Korean,9.1,4.1,1,378065,51.4,402253,39,1980,1,1.5-2.5 hours,0.26230990595224135
4111,4112,Title 4112,TV Show,1992,2023-05-14,TV-MA,0.0,7.0,Comedy,United States,Korean,6.8,4.4,0,327955,62.4,1048464,33,1990,0,N/A,0.29879338528180954
4112,4113,Title 4113,TV Show,1981,2022-05-13,TV-Y,0.0,5.0,Comedy,Canada,English,6.5,4.4,0,3265497,71.3,1117705,44,1980,1,N/A,0.7750258970212168
4113,4114,Title 4114,TV Show,1983,2016-12-02,PG,0.0,6.0,Action,Australia,Spanish,6.4,3.0,1,865351,83.8,509139,42,1980,1,N/A,0.4650030069582691
4114,4115,Title 4115,TV Show,1989,2023-03-02,PG-13,0.0,1.0,Drama,Australia,French,7.8,3.2,0,56246,37.6,339112,36,1980,0,N/A,0.1588369232015388
4115,4116,Title 4116,Movie,2018,2018-05-02,R,166.0,0.0,Crime,United States,Korean,6.5,3.3,1,1227195,42.0,1661110,7,2010,0,> 2.5 hours,0.35207975621932963
4116,4117,Title 4117,Movie,2003,2022-11-01,TV-MA,118.0,0.0,Comedy,Australia,German,4.7,4.5,1,1165847,61.1,1188250,22,2000,0,1.5-2.5 hours,0.41927753091320996
4117,4118,Title 4118,Movie,1996,2022-03-19,TV-Y,129.0,0.0,Crime,Spain,German,8.8,3.9,0,331085,46.0,1038325,29,1990,1,1.5-2.5 hours,0.2336628865729381
4118,4119,Title 4119,TV Show,1985,2017-11-16,TV-Y7,149.0,5.0,Sci-Fi,United States,Japanese,6.4,4.1,1,1964230,62.6,904522,40,1980,1,> 2.5 hours,0.5450353102471032
4119,4120,Title 4120,TV Show,1998,2021-12-25,R,0.0,5.0,Adventure,Canada,Japanese,4.4,4.5,1,742950,35.0,596404,27,1990,0,N/A,0.25144280646771777
4120,4121,Title 4121,TV Show,1984,2023-05-08,TV-14,60.0,5.0,Mystery,Germany,English,6.9,3.7,1,2508778,43.1,1168655,41,1980,0,1-1.5 hours,0.5487177348737708
4121,4122,Title 4122,Movie,2011,2018-07-05,TV-Y,118.0,0.0,Sci-Fi,India,Hindi,7.6,4.5,1,850854,44.4,1300955,14,2010,1,1.5-2.5 hours,0.3052284509782402
4122,4123,Title 4123,TV Show,1989,2015-04-22,R,114.0,5.0,Comedy,Germany,French,5.5,3.9,1,2770623,94.4,777900,36,1980,0,1.5-2.5 hours,0.7931945928851305
4123,4124,Title 4124,TV Show,1988,2016-09-05,TV-Y,0.0,5.0,Horror,United States,English,8.4,3.8,0,3279153,84.1,90481,37,1980,1,N/A,0.8282743026543322
4124,4125,Title 4125,TV Show,2006,2022-03-30,PG-13,0.0,5.0,Crime,United States,Hindi,7.7,3.7,1,2670322,82.8,1730657,19,2000,0,N/A,0.7317494015108541
4125,4126,Title 4126,Movie,1992,2021-12-22,TV-PG,85.0,4.0,Sci-Fi,South Korea,English,7.6,4.9,0,956448,58.5,1783813,33,1990,1,1-1.5 hours,0.37746759453588496
4126,4127,Title 4127,TV Show,1998,2022-07-23,TV-PG,138.0,5.0,Crime,Japan,Japanese,6.3,4.5,0,1083198,55.0,984472,27,1990,1,1.5-2.5 hours,0.38248014682040377
4127,4128,Title 4128,Movie,2000,2022-05-29,R,144.0,6.0,Adventure,Japan,German,9.3,3.0,1,3299329,25.3,1960253,25,2000,0,> 2.5 hours,0.5961007109769552
4128,4129,Title 4129,TV Show,2003,2021-12-17,TV-14,136.0,2.0,Horror,United States,Korean,5.5,4.9,0,3133849,34.8,1521627,22,2000,0,1.5-2.5 hours,0.6092786427162674
4129,4130,Title 4130,Movie,2017,2021-12-29,TV-Y,153.0,0.0,Sci-Fi,India,Spanish,7.2,4.6,0,2791237,87.2,885400,8,2010,1,> 2.5 hours,0.7674867013884288
4130,4131,Title 4131,Movie,1983,2020-05-28,R,118.0,6.0,Crime,South Korea,Japanese,5.7,3.3,1,1698897,59.4,928720,42,1980,0,1.5-2.5 hours,0.4924352507969397
4131,4132,Title 4132,Movie,2003,2021-05-18,TV-Y7,118.0,0.0,Horror,United Kingdom,Korean,8.1,3.2,1,1770592,94.1,1496662,22,2000,1,1.5-2.5 hours,0.6419895303712084
4132,4133,Title 4133,TV Show,2014,2018-05-25,TV-14,0.0,3.0,Action,France,German,4.3,3.6,0,2014894,64.4,554102,11,2010,0,N/A,0.5598349311460606
4133,4134,Title 4134,TV Show,1982,2020-04-01,TV-Y7,141.0,2.0,Thriller,India,Spanish,4.3,4.2,0,1330847,48.3,884025,43,1980,1,> 2.5 hours,0.3928275989758972
4134,4135,Title 4135,Movie,1983,2019-06-01,PG,118.0,8.0,Action,United States,Hindi,8.5,4.2,0,2117479,40.6,1889293,42,1980,1,1.5-2.5 hours,0.48002272346248953
4135,4136,Title 4136,Movie,2016,2019-09-05,TV-PG,117.0,0.0,Mystery,United States,Hindi,6.4,3.6,0,3387016,88.9,413739,9,2010,1,1.5-2.5 hours,0.8636537971479421
4136,4137,Title 4137,TV Show,2019,2023-07-20,TV-PG,169.0,4.0,Comedy,India,German,5.9,3.9,1,1706390,47.8,258025,6,2010,1,> 2.5 hours,0.4471592038878107
4137,4138,Title 4138,TV Show,2014,2015-10-24,TV-Y,112.0,5.0,Drama,Spain,Spanish,7.3,3.4,1,636322,31.0,1875315,11,2010,1,1.5-2.5 hours,0.21944856248354683
4138,4139,Title 4139,Movie,2010,2017-09-30,PG-13,149.0,0.0,Thriller,South Korea,Korean,7.9,3.1,1,875696,40.9,1325388,15,2010,0,> 2.5 hours,0.2949547612255934
4139,4140,Title 4140,TV Show,2023,2019-01-11,R,148.0,3.0,Comedy,United States,German,5.1,4.0,1,1977971,68.4,1611063,2,2020,0,> 2.5 hours,0.5702964659152813
4140,4141,Title 4141,TV Show,2004,2016-10-28,R,0.0,1.0,Sci-Fi,France,Hindi,5.0,3.7,1,1886332,30.0,903109,21,2000,0,N/A,0.4029505781140898
4141,4142,Title 4142,TV Show,2019,2022-09-14,PG,86.0,5.0,Mystery,United Kingdom,German,9.3,4.1,1,3402585,26.9,1146186,6,2010,1,1-1.5 hours,0.6179891535701724
4142,4143,Title 4143,TV Show,1992,2019-08-13,G,77.0,3.0,Adventure,Germany,Korean,7.2,4.9,1,3216014,54.3,260829,33,1990,1,1-1.5 hours,0.6996034266094231
4143,4144,Title 4144,Movie,1983,2017-03-22,PG-13,118.0,0.0,Mystery,Canada,English,6.1,3.3,1,1056634,26.3,1809084,42,1980,0,1.5-2.5 hours,0.26369553586272365
4144,4145,Title 4145,TV Show,1993,2016-09-16,R,110.0,7.0,Crime,France,French,8.4,3.0,1,1773442,49.5,105454,32,1990,0,1.5-2.5 hours,0.46401703154683677
4145,4146,Title 4146,TV Show,1992,2023-05-14,PG-13,133.0,7.0,Mystery,Canada,French,6.9,3.2,1,3059230,44.2,1796063,33,1990,0,1.5-2.5 hours,0.6356857619358454
4146,4147,Title 4147,Movie,2006,2016-08-15,TV-14,120.0,8.0,Sci-Fi,Australia,Japanese,5.3,3.9,1,1649594,49.4,1289145,19,2000,0,1.5-2.5 hours,0.44503978045939624
4147,4148,Title 4148,Movie,1985,2022-10-16,TV-Y,118.0,0.0,Adventure,Spain,French,5.1,4.4,1,3184210,56.6,1488794,40,1980,1,1.5-2.5 hours,0.7040328134902372
4148,4149,Title 4149,TV Show,1996,2018-05-05,TV-MA,170.0,5.0,Adventure,France,English,6.2,4.2,0,2099729,33.9,1253338,29,1990,0,> 2.5 hours,0.4505602161405944
4149,4150,Title 4150,TV Show,2015,2019-12-01,TV-14,170.0,5.0,Romance,Japan,Korean,8.7,4.0,1,809018,53.2,399373,10,2010,0,> 2.5 hours,0.3341530337208427
4150,4151,Title 4151,TV Show,2019,2023-11-05,TV-Y7,107.0,5.0,Mystery,Spain,Japanese,4.3,3.7,1,890169,47.1,191413,6,2010,1,1.5-2.5 hours,0.32192571719572227
4151,4152,Title 4152,TV Show,2014,2018-05-26,TV-PG,141.0,5.0,Action,Japan,Spanish,5.2,3.6,1,3050994,79.7,784712,11,2010,1,> 2.5 hours,0.776450358538486
4152,4153,Title 4153,Movie,1996,2018-12-05,TV-MA,118.0,0.0,Romance,United Kingdom,German,8.9,3.8,1,242986,72.1,1420682,29,1990,0,1.5-2.5 hours,0.3248480002320006
4153,4154,Title 4154,Movie,2020,2021-04-19,PG,118.0,6.0,Romance,United Kingdom,Korean,4.7,4.2,1,497044,85.4,623771,5,2020,1,1.5-2.5 hours,0.4161568050312139
4154,4155,Title 4155,Movie,1981,2018-07-07,G,89.0,0.0,Sci-Fi,United Kingdom,English,7.5,3.3,0,3460766,70.2,682169,44,1980,1,1-1.5 hours,0.7999163275699008
4155,4156,Title 4156,TV Show,1992,2015-06-12,PG,151.0,5.0,Thriller,Spain,Japanese,5.2,4.5,1,1781875,29.1,550094,33,1990,1,> 2.5 hours,0.3836819850254588
4156,4157,Title 4157,TV Show,1981,2016-09-12,R,0.0,5.0,Action,United Kingdom,Hindi,7.3,4.2,0,2337408,58.0,1185033,44,1980,0,N/A,0.5826121641834515
4157,4158,Title 4158,TV Show,2007,2015-09-27,TV-MA,0.0,5.0,Adventure,India,French,6.1,3.5,1,2793776,75.7,527525,18,2000,0,N/A,0.7218675524357692
4158,4159,Title 4159,TV Show,2022,2016-04-21,TV-PG,0.0,5.0,Mystery,Canada,French,4.6,4.0,0,3506768,83.1,539317,3,2020,1,N/A,0.858416646545778
4159,4160,Title 4160,Movie,2005,2015-11-27,TV-Y,118.0,8.0,Romance,Canada,Korean,7.2,4.9,0,1146139,33.6,1850072,20,2000,1,1.5-2.5 hours,0.30632132278363766
4160,4161,Title 4161,Movie,2001,2021-10-16,G,118.0,0.0,Comedy,South Korea,French,7.8,3.0,0,740089,36.8,948745,24,2000,1,1.5-2.5 hours,0.258213655287552
4161,4162,Title 4162,TV Show,2022,2015-12-18,PG-13,0.0,5.0,Comedy,Japan,French,7.7,3.4,1,3054840,84.7,108872,3,2020,0,N/A,0.7970272601249653
4162,4163,Title 4163,Movie,1982,2023-07-11,R,61.0,2.0,Romance,Canada,Korean,7.5,3.9,0,1523720,56.4,921938,43,1980,0,1-1.5 hours,0.45415862853622846
4163,4164,Title 4164,TV Show,2014,2019-10-26,PG,102.0,2.0,Crime,United States,Korean,6.8,4.3,0,1332814,53.9,583670,11,2010,1,1.5-2.5 hours,0.4155226497872869
4164,4165,Title 4165,TV Show,1991,2021-02-04,TV-MA,0.0,8.0,Mystery,Canada,Japanese,6.9,3.4,0,701769,57.1,174834,34,1990,0,N/A,0.33366563948050865
4165,4166,Title 4166,Movie,2003,2021-01-04,PG,105.0,1.0,Sci-Fi,United States,English,7.5,4.9,0,2493891,33.0,1188867,22,2000,1,1.5-2.5 hours,0.5060846787328666
4166,4167,Title 4167,TV Show,1984,2023-07-05,TV-MA,0.0,5.0,Adventure,South Korea,English,7.8,4.3,0,2427619,67.1,1417261,41,1980,0,N/A,0.6325438513955912
4167,4168,Title 4168,TV Show,1999,2022-10-30,TV-Y,0.0,7.0,Romance,Australia,French,7.6,4.8,0,1717549,80.6,1297800,26,1990,1,N/A,0.5800330584909108
4168,4169,Title 4169,Movie,2018,2019-05-26,TV-PG,143.0,3.0,Action,Spain,Japanese,7.2,3.7,1,99165,82.8,1188521,7,2010,1,> 2.5 hours,0.346074790905675
4169,4170,Title 4170,TV Show,2018,2021-03-13,PG-13,80.0,5.0,Romance,France,Korean,4.9,4.7,1,1670857,22.3,472791,7,2010,0,1-1.5 hours,0.33982923923040786
4170,4171,Title 4171,TV Show,1992,2018-11-22,TV-Y,0.0,4.0,Horror,Australia,Korean,5.2,3.8,1,685606,73.6,1040197,33,1990,1,N/A,0.3972411828132527
4171,4172,Title 4172,Movie,2020,2018-12-23,TV-14,61.0,5.0,Adventure,South Korea,French,5.4,3.5,1,966572,26.8,1359407,5,2020,0,1-1.5 hours,0.2521861987120465
4172,4173,Title 4173,TV Show,2024,2015-09-08,TV-PG,100.0,5.0,Thriller,Canada,Spanish,9.1,4.8,1,2666306,92.5,334999,1,2020,1,1-1.5 hours,0.7699469998542496
4173,4174,Title 4174,Movie,1991,2020-02-03,TV-Y,118.0,2.0,Adventure,Canada,Hindi,8.2,3.2,1,165433,56.2,466556,34,1990,1,1.5-2.5 hours,0.2496150182413002
4174,4175,Title 4175,TV Show,1992,2022-06-06,G,63.0,5.0,Action,Japan,German,7.0,4.9,0,1680178,78.2,586065,33,1990,1,1-1.5 hours,0.5648273930753309
4175,4176,Title 4176,Movie,1989,2017-09-25,PG,118.0,6.0,Horror,Spain,German,5.4,3.9,1,2915331,66.6,516244,36,1980,1,1.5-2.5 hours,0.7037008525773445
4176,4177,Title 4177,Movie,2012,2023-02-06,TV-PG,118.0,0.0,Thriller,South Korea,French,4.6,5.0,0,1338154,91.4,854812,13,2010,1,1.5-2.5 hours,0.566323651990043
4177,4178,Title 4178,Movie,2019,2020-08-26,G,156.0,6.0,Drama,United Kingdom,Japanese,8.9,4.1,1,1256837,93.0,915558,6,2010,1,> 2.5 hours,0.5605260684466883
4178,4179,Title 4179,TV Show,1995,2017-01-15,PG,0.0,5.0,Action,France,German,8.9,4.5,1,1375360,40.9,501131,30,1990,1,N/A,0.36990456733756016
4179,4180,Title 4180,Movie,2024,2015-11-08,TV-14,118.0,8.0,Comedy,Australia,English,4.6,3.0,0,1299754,56.2,355676,1,2020,0,1.5-2.5 hours,0.41976363614999945
4180,4181,Title 4181,Movie,2014,2018-02-22,TV-Y7,143.0,0.0,Crime,India,Japanese,8.4,4.0,1,2908525,57.8,1558626,11,2010,1,> 2.5 hours,0.6674799497698618
4181,4182,Title 4182,Movie,1982,2021-12-08,TV-PG,64.0,0.0,Adventure,India,Japanese,6.5,4.5,1,1265362,33.3,1253159,43,1980,1,1-1.5 hours,0.3230048219632604
4182,4183,Title 4183,Movie,1984,2017-09-02,G,118.0,5.0,Drama,India,English,5.8,4.6,0,161115,87.8,1000242,41,1980,1,1.5-2.5 hours,0.3753673164601203
4183,4184,Title 4184,Movie,2005,2023-01-24,PG,64.0,0.0,Horror,South Korea,Spanish,8.1,3.3,1,2445246,46.2,220893,20,2000,1,1-1.5 hours,0.5515879086667489
4184,4185,Title 4185,TV Show,1990,2019-08-29,PG,79.0,3.0,Drama,United Kingdom,French,7.4,3.8,1,3576046,26.6,1959507,35,1990,1,1-1.5 hours,0.6428083751230316
4185,4186,Title 4186,TV Show,1986,2018-07-20,TV-Y,69.0,5.0,Sci-Fi,Germany,English,8.3,3.8,0,3890420,31.6,16041,39,1980,1,1-1.5 hours,0.7099646048026631
4186,4187,Title 4187,TV Show,1989,2016-07-01,TV-MA,134.0,5.0,Mystery,India,French,4.4,3.2,0,3806442,58.5,829785,36,1980,0,1.5-2.5 hours,0.8049678701616428
4187,4188,Title 4188,TV Show,2021,2018-05-29,TV-Y,153.0,5.0,Adventure,Australia,French,5.8,3.9,1,2298686,86.1,457973,4,2020,1,> 2.5 hours,0.6892038482105827
4188,4189,Title 4189,TV Show,2013,2018-01-09,G,71.0,2.0,Mystery,Germany,Japanese,5.8,4.6,1,2968259,67.1,1583285,12,2010,1,1-1.5 hours,0.7136400744102046
4189,4190,Title 4190,TV Show,1982,2017-09-24,R,72.0,4.0,Comedy,France,Korean,5.8,3.6,0,3101415,36.1,1100849,43,1980,0,1-1.5 hours,0.6096135293372057
4190,4191,Title 4191,TV Show,1987,2023-09-28,TV-PG,82.0,5.0,Drama,Japan,Hindi,6.8,3.9,1,2394559,42.3,1666097,38,1980,1,1-1.5 hours,0.5283848377583038
4191,4192,Title 4192,Movie,2010,2016-02-22,TV-Y,98.0,4.0,Horror,United Kingdom,Hindi,5.6,4.9,0,2969015,93.2,596770,15,2010,1,1-1.5 hours,0.8181534747220555
4192,4193,Title 4193,TV Show,1990,2023-09-04,PG,81.0,5.0,Comedy,Japan,French,6.4,3.1,1,3990287,24.0,161298,35,1990,1,1-1.5 hours,0.694544695997914
4193,4194,Title 4194,Movie,2024,2017-09-04,PG,64.0,0.0,Mystery,Australia,Hindi,6.0,4.2,1,1555802,94.6,679299,1,2020,1,1-1.5 hours,0.6117709417700898
4194,4195,Title 4195,Movie,1986,2016-03-08,TV-Y7,118.0,1.0,Drama,Spain,Hindi,8.0,4.5,1,3689130,87.9,1360947,39,1980,1,1.5-2.5 hours,0.9049710217703099
4195,4196,Title 4196,TV Show,2024,2023-01-05,TV-PG,176.0,5.0,Comedy,Spain,German,7.3,4.5,1,2426008,70.9,509459,1,2020,1,> 2.5 hours,0.647502200731052
4196,4197,Title 4197,Movie,1981,2019-12-26,TV-Y7,118.0,3.0,Action,India,Japanese,7.6,4.4,0,2118751,90.7,1343625,44,1980,1,1.5-2.5 hours,0.6806135239871909
4197,4198,Title 4198,Movie,1985,2023-10-26,TV-14,81.0,6.0,Romance,Australia,German,5.2,4.5,0,1817437,31.4,469929,40,1980,0,1-1.5 hours,0.3982162996948242
4198,4199,Title 4199,Movie,2020,2018-12-11,TV-Y,96.0,5.0,Crime,Japan,Korean,5.8,3.1,1,1766398,90.7,1134042,5,2020,1,1-1.5 hours,0.6277604286411788
4199,4200,Title 4200,Movie,2011,2021-06-10,PG-13,118.0,0.0,Thriller,South Korea,Spanish,4.1,4.1,0,1371117,35.9,699794,14,2010,0,1.5-2.5 hours,0.34926811558731785
4200,4201,Title 4201,TV Show,1999,2019-07-13,G,0.0,7.0,Action,Germany,Japanese,4.6,4.6,1,3741117,61.0,661391,26,1990,1,N/A,0.8051690932150063
4201,4202,Title 4202,TV Show,2013,2019-07-13,G,66.0,5.0,Comedy,India,English,5.5,3.2,1,1485287,56.7,899264,12,2010,1,1-1.5 hours,0.4495936626825724
4202,4203,Title 4203,TV Show,1995,2019-07-01,TV-14,0.0,5.0,Horror,Germany,English,4.4,3.0,0,1094713,58.4,500248,30,1990,0,N/A,0.3978074015703543
4203,4204,Title 4204,TV Show,2004,2022-09-07,TV-PG,178.0,5.0,Sci-Fi,Canada,German,7.3,4.6,1,2716636,40.1,279101,21,2000,1,> 2.5 hours,0.5678965206154317
4204,4205,Title 4205,TV Show,1991,2016-11-05,TV-Y,0.0,5.0,Romance,Canada,French,9.5,4.4,0,252208,78.5,73425,34,1990,1,N/A,0.35183130403608615
4205,4206,Title 4206,TV Show,1986,2017-04-18,TV-MA,0.0,1.0,Thriller,Canada,Hindi,4.6,3.8,1,3378118,75.7,1958941,39,1980,0,N/A,0.8095190934775072
4206,4207,Title 4207,TV Show,2018,2022-04-11,TV-Y7,176.0,5.0,Action,Spain,Korean,8.5,4.9,0,2606285,91.5,1329426,7,2010,1,> 2.5 hours,0.756943825095519
4207,4208,Title 4208,TV Show,1996,2023-08-23,TV-14,0.0,5.0,Sci-Fi,United States,Spanish,4.7,4.5,0,2879832,58.0,1487889,29,1990,0,N/A,0.6639759879339668
4208,4209,Title 4209,TV Show,2024,2022-03-23,TV-MA,0.0,6.0,Sci-Fi,Australia,German,7.7,4.9,1,1179136,61.1,474213,1,2020,0,N/A,0.4212708863949376
4209,4210,Title 4210,TV Show,1990,2016-03-03,TV-Y7,71.0,5.0,Sci-Fi,Spain,French,7.5,4.9,1,2812137,87.8,997637,35,1990,1,1-1.5 hours,0.7730217100097025
4210,4211,Title 4211,Movie,1985,2016-09-09,TV-14,118.0,7.0,Romance,Australia,Korean,9.0,4.0,1,496512,89.0,1952492,40,1980,0,1.5-2.5 hours,0.43047700481176326
4211,4212,Title 4212,TV Show,2002,2021-02-07,G,0.0,5.0,Drama,France,French,4.6,4.5,1,1462905,68.7,1251504,23,2000,1,N/A,0.494236353449972
4212,4213,Title 4213,Movie,2006,2022-08-25,G,118.0,0.0,Action,Japan,Korean,5.7,4.3,1,877308,81.5,1871001,19,2000,1,1.5-2.5 hours,0.4575965618905452
4213,4214,Title 4214,Movie,1985,2019-03-04,PG,118.0,5.0,Drama,Canada,German,4.5,4.6,1,2240705,57.9,1505918,40,1980,1,1.5-2.5 hours,0.5677066742933543
4214,4215,Title 4215,Movie,2017,2016-02-23,TV-Y7,116.0,0.0,Adventure,Canada,Korean,6.2,4.6,0,3682460,49.1,1112900,8,2010,1,1.5-2.5 hours,0.7487705190189273
4215,4216,Title 4216,Movie,1981,2018-10-20,PG-13,122.0,8.0,Romance,France,Japanese,9.0,3.3,0,3273700,84.8,790965,44,1980,0,1.5-2.5 hours,0.8302563504049636
4216,4217,Title 4217,TV Show,2001,2022-06-21,R,0.0,8.0,Sci-Fi,United Kingdom,Hindi,8.3,3.5,0,3828716,78.3,249764,24,2000,0,N/A,0.8875089793496931
4217,4218,Title 4218,Movie,1999,2021-04-07,TV-PG,118.0,0.0,Sci-Fi,United States,Korean,8.0,3.5,0,3202475,38.2,1109742,26,1990,1,1.5-2.5 hours,0.6331725710245703
4218,4219,Title 4219,TV Show,2004,2020-10-03,TV-PG,108.0,5.0,Romance,United Kingdom,Spanish,6.9,4.6,0,855015,23.6,508338,21,2000,1,1.5-2.5 hours,0.22265260269465742
4219,4220,Title 4220,TV Show,1994,2021-05-18,TV-Y7,114.0,6.0,Adventure,Spain,Korean,8.9,4.6,0,3936540,62.4,1951954,31,1990,1,1.5-2.5 hours,0.8400826238272155
4220,4221,Title 4221,Movie,2008,2018-02-13,TV-14,76.0,3.0,Crime,United Kingdom,Japanese,6.5,4.0,1,1520839,83.1,548194,17,2000,0,1-1.5 hours,0.5605264773478127
4221,4222,Title 4222,TV Show,1987,2018-07-26,TV-14,0.0,8.0,Horror,Australia,English,4.8,4.2,0,2182649,38.5,1542437,38,1980,0,N/A,0.4813982503451885
4222,4223,Title 4223,Movie,2016,2015-12-11,R,118.0,5.0,Crime,South Korea,Japanese,8.6,4.7,1,124323,77.6,1348211,9,2010,0,1.5-2.5 hours,0.32904850128337854
4223,4224,Title 4224,Movie,2012,2019-05-05,TV-Y,154.0,0.0,Drama,Australia,Korean,5.5,3.6,1,3596982,51.1,1833442,13,2010,1,> 2.5 hours,0.7439487837591554
4224,4225,Title 4225,TV Show,2001,2022-06-20,TV-Y,0.0,5.0,Romance,India,French,4.3,3.1,1,53910,45.2,744573,24,2000,1,N/A,0.18888652223793617
4225,4226,Title 4226,TV Show,1984,2015-08-04,R,94.0,5.0,Horror,Spain,German,4.7,4.0,0,151800,33.0,1907795,41,1980,0,1-1.5 hours,0.1547700626176722
4226,4227,Title 4227,Movie,2018,2022-07-28,TV-Y,160.0,0.0,Crime,Canada,English,7.3,4.8,1,3633023,90.1,1088111,7,2010,1,> 2.5 hours,0.9053549486261088
4227,4228,Title 4228,TV Show,1997,2016-05-08,PG-13,139.0,5.0,Drama,Spain,German,7.3,4.6,1,2314792,36.9,388375,28,1990,0,1.5-2.5 hours,0.49481975485432583
4228,4229,Title 4229,TV Show,2017,2020-09-02,PG,0.0,3.0,Comedy,United Kingdom,French,5.4,3.7,1,713522,40.9,199234,8,2010,1,N/A,0.2706285943286344
4229,4230,Title 4230,TV Show,2016,2019-06-18,TV-Y,142.0,5.0,Mystery,Germany,Spanish,8.0,3.1,0,298396,44.9,765353,9,2010,1,> 2.5 hours,0.2243595230886885
4230,4231,Title 4231,Movie,2009,2019-10-21,G,109.0,2.0,Horror,Spain,Hindi,8.3,4.3,0,2223950,41.3,1228098,16,2000,1,1.5-2.5 hours,0.4987934173818978
4231,4232,Title 4232,Movie,2010,2023-09-14,PG-13,118.0,0.0,Thriller,Japan,Spanish,9.1,4.7,0,1261946,32.2,1994757,15,2010,0,1.5-2.5 hours,0.31809242055415654
4232,4233,Title 4233,TV Show,1989,2018-11-19,TV-Y,0.0,5.0,Horror,Spain,English,7.2,4.3,0,3100247,46.6,1264848,36,1980,1,N/A,0.6514383288554044
4233,4234,Title 4234,TV Show,1994,2023-07-26,G,0.0,5.0,Drama,Australia,French,8.3,3.9,1,936228,55.4,970665,31,1990,1,N/A,0.36203458619511203
4234,4235,Title 4235,TV Show,2021,2015-04-01,R,172.0,5.0,Sci-Fi,Germany,French,8.1,3.2,1,3225998,61.4,968709,4,2020,0,> 2.5 hours,0.7295010307278345
4235,4236,Title 4236,TV Show,2023,2022-07-12,R,88.0,6.0,Drama,United States,Hindi,5.4,4.8,0,790596,31.7,969278,2,2020,0,1-1.5 hours,0.2453897261217468
4236,4237,Title 4237,TV Show,1997,2020-03-23,TV-Y7,146.0,5.0,Action,Australia,Korean,5.7,3.6,0,1088967,78.5,848698,28,1990,1,> 2.5 hours,0.4773454992001228
4237,4238,Title 4238,Movie,2002,2022-11-01,TV-PG,157.0,4.0,Sci-Fi,Germany,English,6.6,3.4,0,627342,43.4,1411224,23,2000,1,> 2.5 hours,0.26770155877928664
4238,4239,Title 4239,TV Show,2012,2021-07-18,TV-MA,107.0,5.0,Drama,Germany,Hindi,4.1,4.6,0,2387029,88.8,79794,13,2010,0,1.5-2.5 hours,0.7132553346521703
4239,4240,Title 4240,Movie,1995,2015-10-18,G,118.0,0.0,Crime,Spain,Japanese,5.6,5.0,1,2774681,44.7,1644769,30,1990,1,1.5-2.5 hours,0.59500329455906
4240,4241,Title 4241,TV Show,2017,2022-06-07,TV-Y7,0.0,2.0,Mystery,France,Japanese,6.6,4.3,1,1646665,84.7,227599,8,2010,1,N/A,0.5858004292511805
4241,4242,Title 4242,Movie,2014,2021-10-17,PG-13,118.0,8.0,Drama,South Korea,German,4.6,4.2,0,2490688,46.4,805794,11,2010,0,1.5-2.5 hours,0.5592042274116253
4242,4243,Title 4243,TV Show,2013,2020-11-24,TV-Y,0.0,7.0,Crime,France,Hindi,4.7,3.6,0,2357123,57.9,1728191,12,2010,1,N/A,0.5851694223159114
4243,4244,Title 4244,Movie,2007,2015-01-05,TV-14,83.0,5.0,Thriller,Germany,German,6.5,3.0,1,529720,47.9,367199,18,2000,0,1-1.5 hours,0.2710582185101009
4244,4245,Title 4245,TV Show,1981,2019-11-01,G,136.0,5.0,Action,Spain,Japanese,8.0,3.4,0,1962596,49.0,1299371,44,1980,1,1.5-2.5 hours,0.49039020957307633
4245,4246,Title 4246,Movie,2009,2022-04-09,TV-MA,118.0,3.0,Comedy,South Korea,Japanese,8.6,4.2,1,3485661,66.4,823570,16,2000,0,1.5-2.5 hours,0.7884505878391166
4246,4247,Title 4247,Movie,1992,2015-06-28,TV-14,68.0,3.0,Action,Canada,German,7.0,3.3,1,63683,72.0,1372065,33,1990,0,1-1.5 hours,0.2975524762693097
4247,4248,Title 4248,Movie,2020,2023-09-17,PG,118.0,0.0,Sci-Fi,Japan,French,6.6,4.8,1,2186314,85.3,1201423,5,2020,1,1.5-2.5 hours,0.6691480018570051
4248,4249,Title 4249,Movie,1995,2022-10-29,TV-MA,118.0,3.0,Mystery,United Kingdom,Hindi,6.1,3.4,0,3597116,62.7,660508,30,1990,0,1.5-2.5 hours,0.7903688838144305
4249,4250,Title 4250,Movie,1984,2020-01-18,TV-Y7,76.0,0.0,Action,South Korea,French,5.1,4.0,0,89225,36.3,1442986,41,1980,1,1-1.5 hours,0.1585837868054137
4250,4251,Title 4251,Movie,2007,2018-10-07,TV-MA,118.0,5.0,Horror,Canada,Japanese,4.8,4.0,1,2445360,94.2,1999875,18,2000,0,1.5-2.5 hours,0.743605008713774
4251,4252,Title 4252,TV Show,2018,2015-06-12,TV-Y,135.0,4.0,Comedy,Canada,French,8.4,4.2,0,1186280,71.3,1396791,7,2010,1,1.5-2.5 hours,0.46314248934184565
4252,4253,Title 4253,Movie,2024,2023-01-21,PG-13,118.0,6.0,Sci-Fi,Japan,Spanish,6.6,3.7,0,1531783,48.1,1065526,1,2020,0,1.5-2.5 hours,0.4221680818622251
4253,4254,Title 4254,TV Show,1999,2016-09-17,TV-14,0.0,1.0,Horror,India,Spanish,8.3,4.7,1,1638562,92.6,430153,26,1990,0,N/A,0.6161849759086837
4254,4255,Title 4255,TV Show,2003,2022-10-15,TV-MA,0.0,5.0,Sci-Fi,United States,French,7.9,3.9,1,389464,91.9,995656,22,2000,0,N/A,0.42601976065434183
4255,4256,Title 4256,TV Show,2006,2015-01-27,TV-Y,134.0,5.0,Horror,Japan,French,5.1,4.4,1,736832,26.0,647207,19,2000,1,1.5-2.5 hours,0.21452510394403584
4256,4257,Title 4257,TV Show,2009,2023-01-27,R,143.0,3.0,Adventure,United States,German,6.8,4.3,0,2047806,21.5,594156,16,2000,0,> 2.5 hours,0.393171744722298
4257,4258,Title 4258,TV Show,2024,2023-07-20,TV-MA,142.0,5.0,Mystery,India,French,6.4,3.2,1,305475,23.3,265094,1,2020,0,> 2.5 hours,0.13902137600878403
4258,4259,Title 4259,Movie,2006,2021-02-25,TV-MA,118.0,0.0,Crime,India,English,6.3,4.2,0,2302772,71.4,332069,19,2000,0,1.5-2.5 hours,0.6310167498960622
4259,4260,Title 4260,Movie,2005,2020-05-04,TV-PG,110.0,0.0,Action,Japan,Hindi,7.0,4.1,0,2240819,73.3,546114,20,2000,1,1.5-2.5 hours,0.6293237743403794
4260,4261,Title 4261,Movie,1986,2018-02-21,TV-14,140.0,1.0,Thriller,United States,English,9.4,4.8,1,3798003,74.3,719081,39,1980,0,1.5-2.5 hours,0.8669020166805459
4261,4262,Title 4262,TV Show,2021,2021-01-09,TV-PG,0.0,3.0,Horror,France,Spanish,8.5,4.8,0,3234056,67.3,647139,4,2020,1,N/A,0.7543097340517686
4262,4263,Title 4263,Movie,2017,2021-12-06,TV-PG,138.0,5.0,Adventure,United Kingdom,English,9.0,3.3,0,591646,41.4,1784295,8,2010,1,1.5-2.5 hours,0.25434714405464615
4263,4264,Title 4264,Movie,1984,2021-05-03,TV-Y,153.0,0.0,Mystery,France,Korean,4.2,3.2,0,3988436,32.5,1288539,41,1980,1,> 2.5 hours,0.7282670452343744
4264,4265,Title 4265,Movie,2002,2023-03-04,TV-PG,126.0,0.0,Thriller,United States,Korean,4.8,3.6,1,2415520,89.6,1481953,23,2000,1,1.5-2.5 hours,0.7207289964047401
4265,4266,Title 4266,Movie,2007,2023-08-14,TV-MA,108.0,1.0,Action,Australia,Spanish,4.5,5.0,1,1285293,88.5,1599230,18,2000,0,1.5-2.5 hours,0.5467944801848206
4266,4267,Title 4267,Movie,2013,2019-01-11,TV-Y7,118.0,0.0,Adventure,Australia,English,5.4,3.0,1,2197974,38.2,124379,12,2010,1,1.5-2.5 hours,0.4824970066667683
4267,4268,Title 4268,TV Show,1994,2018-03-31,TV-Y7,0.0,5.0,Thriller,Canada,Hindi,6.4,4.3,1,3716053,32.6,781237,31,1990,1,N/A,0.6878094828760779
4268,4269,Title 4269,Movie,2011,2017-01-31,R,118.0,0.0,Comedy,Australia,Spanish,7.5,4.2,1,155422,48.2,1988847,14,2010,0,1.5-2.5 hours,0.21611336411175133
4269,4270,Title 4270,TV Show,2005,2023-05-08,TV-Y7,100.0,7.0,Romance,Australia,Korean,6.8,4.3,1,254792,23.6,1383566,20,2000,1,1-1.5 hours,0.13261890510198904
4270,4271,Title 4271,TV Show,2010,2021-09-01,R,121.0,5.0,Sci-Fi,United Kingdom,Spanish,9.0,3.4,0,3741571,32.2,378700,15,2010,0,1.5-2.5 hours,0.6900371934022819
4271,4272,Title 4272,TV Show,1998,2017-11-15,TV-Y7,0.0,5.0,Sci-Fi,India,English,9.2,3.5,0,1547581,48.5,1019456,27,1990,1,N/A,0.426137788378918
4272,4273,Title 4273,TV Show,1988,2016-02-08,PG,0.0,4.0,Drama,Canada,English,4.9,3.9,1,2735129,37.9,1575974,37,1980,1,N/A,0.5618704782438152
4273,4274,Title 4274,TV Show,2008,2017-02-27,R,104.0,5.0,Comedy,India,English,8.7,3.2,0,2184725,75.3,1262099,17,2000,0,1.5-2.5 hours,0.6289096512015409
4274,4275,Title 4275,Movie,2018,2016-04-12,G,118.0,0.0,Romance,United States,German,6.6,3.1,0,3644857,87.9,1481051,7,2010,1,1.5-2.5 hours,0.8983300535076472
4275,4276,Title 4276,Movie,1983,2017-08-19,TV-14,130.0,5.0,Drama,Japan,English,6.5,3.2,1,2994822,88.2,1857504,42,1980,0,1.5-2.5 hours,0.8020245353674722
4276,4277,Title 4277,Movie,1982,2019-09-01,TV-14,89.0,3.0,Thriller,Canada,French,8.3,4.1,1,2133571,65.3,878308,43,1980,0,1-1.5 hours,0.5812365301004578
4277,4278,Title 4278,TV Show,2008,2019-10-13,TV-14,109.0,8.0,Drama,South Korea,Korean,4.5,3.8,1,1124683,72.8,42804,17,2000,0,1.5-2.5 hours,0.4599029139330133
4278,4279,Title 4279,Movie,1990,2021-08-25,TV-Y,118.0,3.0,Horror,Canada,Japanese,8.9,3.6,1,332344,57.1,1854357,35,1990,1,1.5-2.5 hours,0.278251737092277
4279,4280,Title 4280,Movie,2012,2015-04-25,PG-13,118.0,5.0,Comedy,Germany,Korean,7.7,3.6,1,1900316,31.0,1394174,13,2010,0,1.5-2.5 hours,0.4090481838825057
4280,4281,Title 4281,TV Show,2017,2021-07-11,R,136.0,5.0,Adventure,India,German,8.8,3.4,1,644957,67.6,467115,8,2010,0,1.5-2.5 hours,0.36714381604549406
4281,4282,Title 4282,TV Show,1990,2016-11-10,TV-Y7,127.0,5.0,Adventure,United States,Korean,9.5,3.8,0,3143888,46.2,74135,35,1990,1,1.5-2.5 hours,0.6563844968573664
4282,4283,Title 4283,TV Show,2006,2019-12-08,R,165.0,5.0,Romance,Australia,Korean,6.8,3.4,1,522800,20.4,1505774,19,2000,0,> 2.5 hours,0.16002021565559305
4283,4284,Title 4284,TV Show,2012,2018-02-03,TV-PG,96.0,8.0,Action,Germany,Spanish,4.5,4.4,0,901666,63.1,820131,13,2010,1,1-1.5 hours,0.38765027193824786
4284,4285,Title 4285,Movie,2000,2017-02-10,PG,70.0,3.0,Adventure,Spain,Japanese,4.9,3.2,0,3342360,34.9,1012383,25,2000,1,1-1.5 hours,0.6409553787272915
4285,4286,Title 4286,TV Show,2018,2020-04-28,TV-Y,0.0,8.0,Comedy,South Korea,Japanese,5.8,4.9,1,3599348,86.5,691356,7,2010,1,N/A,0.8859036847351331
4286,4287,Title 4287,TV Show,2010,2017-07-28,R,92.0,5.0,Mystery,France,English,4.6,3.2,0,1242496,90.0,791563,15,2010,0,1-1.5 hours,0.5463749125310096
4287,4288,Title 4288,Movie,2017,2015-12-11,PG-13,92.0,0.0,Sci-Fi,India,French,8.5,4.9,0,3183423,32.2,1416454,8,2010,0,1-1.5 hours,0.6063147631655987
4288,4289,Title 4289,Movie,1981,2016-01-13,TV-14,74.0,0.0,Mystery,France,French,5.6,4.7,1,1614555,22.2,1329418,44,1980,0,1-1.5 hours,0.33098391600576904
4289,4290,Title 4290,TV Show,2006,2023-12-04,TV-MA,0.0,2.0,Drama,United States,Spanish,9.4,4.4,0,2244564,20.3,1609054,19,2000,0,N/A,0.4178855258851962
4290,4291,Title 4291,Movie,2015,2015-05-28,G,125.0,0.0,Crime,France,French,7.9,4.8,1,648597,88.5,396291,10,2010,1,1.5-2.5 hours,0.45128981754699826
4291,4292,Title 4292,TV Show,1990,2017-07-08,TV-14,128.0,5.0,Horror,United States,Spanish,5.0,3.3,0,3015363,31.4,1628749,35,1990,0,1.5-2.5 hours,0.577905693840658
4292,4293,Title 4293,TV Show,1997,2019-07-03,TV-Y7,0.0,5.0,Crime,United States,Japanese,6.6,3.4,0,777158,52.6,273116,28,1990,1,N/A,0.3269740205785566
4293,4294,Title 4294,Movie,1980,2016-12-02,G,118.0,0.0,Comedy,United Kingdom,Japanese,6.6,3.5,1,1565146,24.3,1793150,45,1980,1,1.5-2.5 hours,0.3319725456245005
4294,4295,Title 4295,Movie,2014,2016-01-30,PG,118.0,0.0,Crime,United Kingdom,Japanese,6.7,3.5,1,1507906,48.0,231633,11,2010,1,1.5-2.5 hours,0.4181865220129355
4295,4296,Title 4296,TV Show,2014,2017-04-07,TV-14,0.0,5.0,Mystery,South Korea,French,6.9,3.6,1,130564,78.9,382855,11,2010,0,N/A,0.33518465385779816
4296,4297,Title 4297,TV Show,2010,2020-09-19,TV-PG,64.0,2.0,Action,United States,Korean,4.2,4.2,1,1970485,50.5,496708,15,2010,1,1-1.5 hours,0.49757356282729776
4297,4298,Title 4298,TV Show,2007,2022-05-02,TV-14,0.0,5.0,Comedy,South Korea,Japanese,7.8,3.1,1,827398,78.2,88457,18,2000,0,N/A,0.43691004130261357
4298,4299,Title 4299,Movie,2018,2016-04-01,PG,93.0,7.0,Sci-Fi,United Kingdom,Hindi,6.7,3.8,1,504089,71.7,1681379,7,2010,1,1-1.5 hours,0.36241355793728436
4299,4300,Title 4300,TV Show,1980,2018-08-16,TV-14,0.0,6.0,Romance,South Korea,English,8.4,3.5,0,2903198,58.8,946219,45,1980,0,N/A,0.6706808975724683
4300,4301,Title 4301,TV Show,2004,2023-01-09,TV-14,152.0,5.0,Comedy,South Korea,Hindi,8.5,4.2,0,1972609,75.3,1614870,21,2000,0,> 2.5 hours,0.5970921637034502
4301,4302,Title 4302,TV Show,2022,2023-09-01,TV-PG,0.0,5.0,Thriller,Japan,Korean,5.3,5.0,0,965124,85.9,1114148,3,2020,1,N/A,0.4883689981147449
4302,4303,Title 4303,TV Show,2017,2019-11-30,TV-Y,146.0,5.0,Sci-Fi,Japan,German,4.3,4.0,0,1813964,79.5,625464,8,2010,1,> 2.5 hours,0.5900953482622078
4303,4304,Title 4304,TV Show,1999,2020-01-06,PG,79.0,5.0,Comedy,United States,Spanish,7.9,3.9,0,1705014,71.9,552118,26,1990,1,1-1.5 hours,0.5433528033202091
4304,4305,Title 4305,Movie,1982,2021-10-24,TV-PG,118.0,0.0,Thriller,Germany,French,9.4,3.7,0,1727622,72.6,1700568,43,1980,1,1.5-2.5 hours,0.5495440126460347
4305,4306,Title 4306,TV Show,1981,2022-01-28,R,0.0,5.0,Sci-Fi,France,French,6.5,4.6,1,2689707,32.1,748812,44,1980,0,N/A,0.5318571595071886
4306,4307,Title 4307,TV Show,1997,2021-06-13,TV-14,152.0,5.0,Drama,South Korea,Korean,5.4,3.1,1,1028946,91.3,959611,28,1990,0,> 2.5 hours,0.5195423244413921
4307,4308,Title 4308,TV Show,2023,2021-03-01,PG-13,122.0,5.0,Adventure,Germany,French,4.9,4.9,0,2353863,35.4,1241753,2,2020,0,1.5-2.5 hours,0.49468042097115766
4308,4309,Title 4309,TV Show,1989,2020-06-07,TV-14,98.0,5.0,Horror,United Kingdom,Korean,5.6,3.8,1,907999,46.2,1646894,36,1980,0,1-1.5 hours,0.3210002245506175
4309,4310,Title 4310,Movie,1984,2022-08-03,PG,74.0,0.0,Adventure,India,Hindi,5.8,3.6,1,3384828,58.8,1388089,41,1980,1,1-1.5 hours,0.7429255962453896
4310,4311,Title 4311,Movie,1988,2019-04-23,G,118.0,8.0,Mystery,France,German,6.3,4.9,0,512928,29.5,1401052,37,1980,1,1.5-2.5 hours,0.19493941158338185
4311,4312,Title 4312,Movie,1981,2019-01-30,TV-PG,173.0,6.0,Romance,Australia,Spanish,7.6,4.9,1,2026227,64.5,524500,44,1980,1,> 2.5 hours,0.561934885820936
4312,4313,Title 4313,TV Show,2013,2015-10-07,PG-13,0.0,5.0,Adventure,France,French,5.5,4.3,0,1091682,33.7,492618,12,2010,0,N/A,0.29855275032006334
4313,4314,Title 4314,TV Show,2017,2020-04-08,R,68.0,5.0,Comedy,South Korea,German,4.3,3.0,1,1725651,89.3,1473925,8,2010,0,1-1.5 hours,0.616048361832995
4314,4315,Title 4315,Movie,2010,2023-03-24,TV-Y7,179.0,4.0,Drama,United States,German,6.1,4.5,0,3118730,86.7,1323127,15,2010,1,> 2.5 hours,0.8146107864796628
4315,4316,Title 4316,Movie,1989,2021-10-14,R,66.0,0.0,Crime,United States,German,8.7,3.7,1,1394856,60.8,1324025,36,1980,0,1-1.5 hours,0.4524289753796823
4316,4317,Title 4317,Movie,1991,2016-07-09,TV-PG,84.0,0.0,Mystery,South Korea,English,6.7,3.8,1,2346026,53.7,1614517,34,1990,1,1-1.5 hours,0.5667048677383862
4317,4318,Title 4318,TV Show,2015,2015-11-10,G,80.0,3.0,Adventure,South Korea,German,9.3,3.3,1,329179,27.7,998202,10,2010,1,1-1.5 hours,0.1601769857867109
4318,4319,Title 4319,TV Show,2000,2019-10-15,TV-PG,170.0,5.0,Action,Spain,Japanese,6.8,4.0,1,2247566,81.7,465907,25,2000,1,> 2.5 hours,0.6639358271235246
4319,4320,Title 4320,Movie,1985,2019-07-09,TV-MA,64.0,0.0,Romance,France,Korean,5.5,4.5,1,3472647,48.5,1345169,40,1980,0,1-1.5 hours,0.7148984824708269
4320,4321,Title 4321,Movie,1982,2017-09-09,PG-13,111.0,0.0,Crime,Japan,English,5.1,3.5,0,479082,38.5,1530261,43,1980,0,1.5-2.5 hours,0.2258624976218685
4321,4322,Title 4322,Movie,1989,2020-02-07,G,118.0,0.0,Horror,Japan,Japanese,7.8,4.9,1,708115,94.6,1223772,36,1980,1,1.5-2.5 hours,0.48461754209824076
4322,4323,Title 4323,TV Show,1984,2022-02-10,PG-13,0.0,5.0,Comedy,Australia,English,7.0,3.4,1,3629260,70.1,762284,41,1980,0,N/A,0.8247904970738669
4323,4324,Title 4324,TV Show,2005,2016-06-26,TV-PG,104.0,5.0,Drama,Germany,German,7.3,3.1,1,3518951,25.5,247035,20,2000,1,1.5-2.5 hours,0.6298441015712792
4324,4325,Title 4325,TV Show,2000,2023-12-08,TV-Y,0.0,5.0,Sci-Fi,Australia,French,8.2,4.3,1,791328,80.1,683997,25,2000,1,N/A,0.43909952642369765
4325,4326,Title 4326,Movie,2024,2021-04-08,PG-13,70.0,4.0,Adventure,India,French,8.0,4.7,0,3291723,76.3,87725,1,2020,0,1-1.5 hours,0.7989598078394715
4326,4327,Title 4327,Movie,2005,2019-09-22,TV-MA,118.0,0.0,Action,India,French,4.2,4.9,0,784455,50.1,1936055,20,2000,0,1.5-2.5 hours,0.3180685735885774
4327,4328,Title 4328,TV Show,2017,2019-05-28,G,0.0,5.0,Romance,Spain,French,8.4,4.5,1,1640425,29.3,1862514,8,2010,1,N/A,0.36326442667717335
4328,4329,Title 4329,Movie,2023,2016-01-23,TV-MA,69.0,0.0,Horror,United States,Korean,6.9,3.4,0,1092641,57.3,1278085,2,2020,0,1-1.5 hours,0.39309660071565194
4329,4330,Title 4330,TV Show,2005,2016-08-02,TV-MA,147.0,5.0,Adventure,France,French,6.2,5.0,0,1441637,77.2,1508502,20,2000,0,> 2.5 hours,0.5250461446768979
4330,4331,Title 4331,Movie,1987,2017-01-18,TV-Y7,118.0,0.0,Horror,India,Spanish,7.0,4.8,1,3105173,25.7,1025217,38,1980,1,1.5-2.5 hours,0.5685772308873849
4331,4332,Title 4332,Movie,1984,2017-03-02,TV-Y,118.0,0.0,Crime,Germany,German,7.4,3.3,0,2434914,32.3,158965,41,1980,1,1.5-2.5 hours,0.49443810440478714
4332,4333,Title 4333,Movie,1994,2018-01-21,TV-14,74.0,0.0,Crime,France,English,4.8,4.1,0,593228,66.4,1269409,31,1990,0,1-1.5 hours,0.35458444470722295
4333,4334,Title 4334,Movie,1995,2023-12-09,TV-Y,118.0,4.0,Mystery,France,Spanish,6.3,4.1,1,1896884,62.0,1810583,30,1990,1,1.5-2.5 hours,0.5325333824668017
4334,4335,Title 4335,TV Show,1980,2019-09-20,PG,157.0,5.0,Adventure,Japan,French,5.8,3.9,0,97777,87.9,395734,45,1980,1,> 2.5 hours,0.3662665903331234
4335,4336,Title 4336,Movie,1995,2023-09-22,TV-Y7,118.0,8.0,Drama,United States,Spanish,5.9,5.0,0,630234,81.1,1092337,30,1990,1,1.5-2.5 hours,0.41893535997223996
4336,4337,Title 4337,TV Show,2016,2022-10-10,TV-PG,99.0,5.0,Romance,India,English,4.5,3.1,0,2027207,88.9,121971,9,2010,1,1-1.5 hours,0.6596818862251872
4337,4338,Title 4338,TV Show,1982,2021-05-19,TV-PG,0.0,1.0,Sci-Fi,Japan,French,4.9,4.3,1,2582951,54.9,1484614,43,1980,1,N/A,0.6070437154702175
4338,4339,Title 4339,TV Show,2010,2023-07-25,R,0.0,5.0,Sci-Fi,Canada,Spanish,4.9,3.4,1,319740,79.1,1969528,15,2010,0,N/A,0.3643611318931127
4339,4340,Title 4340,Movie,1992,2018-07-23,TV-14,72.0,0.0,Comedy,United Kingdom,Korean,6.1,4.1,0,1903476,23.7,1450687,33,1990,0,1-1.5 hours,0.38032218518600924
4340,4341,Title 4341,TV Show,1995,2022-09-05,PG,0.0,5.0,Comedy,Canada,Korean,8.9,4.6,0,1354982,42.1,1270274,30,1990,1,N/A,0.37164785893161206
4341,4342,Title 4342,TV Show,2022,2021-10-11,PG-13,0.0,5.0,Romance,Canada,German,5.1,3.5,1,2952439,68.3,1737049,3,2020,0,N/A,0.7160670678844367
4342,4343,Title 4343,TV Show,2000,2016-05-14,TV-Y,158.0,5.0,Adventure,United Kingdom,German,6.3,3.8,0,2364922,77.3,86089,25,2000,1,> 2.5 hours,0.6639392755330078
4343,4344,Title 4344,Movie,1981,2018-06-21,G,64.0,0.0,Adventure,Canada,Japanese,5.7,4.9,1,1129043,62.8,1045367,44,1980,1,1-1.5 hours,0.4205569157315183
4344,4345,Title 4345,Movie,2006,2019-01-12,TV-MA,118.0,1.0,Crime,India,Spanish,8.3,4.5,1,527521,56.1,486892,19,2000,0,1.5-2.5 hours,0.30352836760301094
4345,4346,Title 4346,TV Show,2017,2020-03-12,PG-13,0.0,5.0,Action,France,English,4.3,4.1,0,1762093,37.5,1490719,8,2010,0,N/A,0.4143146768653614
4346,4347,Title 4347,Movie,2005,2022-12-01,R,176.0,5.0,Comedy,Japan,Korean,5.1,3.4,1,1730654,33.1,81064,20,2000,0,> 2.5 hours,0.39199881389673824
4347,4348,Title 4348,TV Show,2017,2015-12-12,TV-Y,178.0,5.0,Action,South Korea,Hindi,5.2,3.9,0,684852,85.7,625175,8,2010,1,> 2.5 hours,0.44552808250222686
4348,4349,Title 4349,TV Show,2004,2017-03-19,G,0.0,8.0,Adventure,Spain,German,9.5,4.5,0,1754854,30.7,376547,21,2000,1,N/A,0.3860288238792657
4349,4350,Title 4350,Movie,1990,2019-11-18,R,73.0,0.0,Comedy,Japan,Japanese,7.1,4.6,0,2096718,52.6,1266826,35,1990,0,1-1.5 hours,0.5249085648985534
4350,4351,Title 4351,TV Show,1987,2020-08-01,TV-MA,0.0,5.0,Sci-Fi,Germany,Korean,4.8,3.5,1,3724763,86.6,594374,38,1980,0,N/A,0.9051159864689627
4351,4352,Title 4352,Movie,1987,2016-09-30,TV-Y7,76.0,8.0,Horror,United States,Japanese,5.5,4.3,0,539027,31.1,452931,38,1980,1,1-1.5 hours,0.20525427234924898
4352,4353,Title 4353,Movie,2012,2015-04-21,TV-14,131.0,7.0,Comedy,India,French,4.9,3.2,0,1141139,29.6,581902,13,2010,0,1.5-2.5 hours,0.289571320721132
4353,4354,Title 4354,TV Show,1986,2021-09-07,TV-Y7,0.0,5.0,Adventure,Japan,Spanish,4.7,3.0,0,2633475,71.9,1405034,39,1980,1,N/A,0.6826223363114249
4354,4355,Title 4355,Movie,2017,2017-04-26,G,118.0,3.0,Adventure,India,Japanese,8.4,4.1,1,3785208,44.9,373340,8,2010,1,1.5-2.5 hours,0.7473827614025939
4355,4356,Title 4356,Movie,2000,2023-03-02,TV-Y7,118.0,0.0,Horror,Australia,Korean,6.7,3.4,0,2791864,52.7,1743529,25,2000,1,1.5-2.5 hours,0.6295807516470671
4356,4357,Title 4357,TV Show,1987,2022-11-06,G,180.0,5.0,Action,United Kingdom,Korean,7.5,3.2,0,1513757,66.9,1041785,38,1980,1,> 2.5 hours,0.49466417442647964
4357,4358,Title 4358,TV Show,2000,2019-09-15,PG,0.0,6.0,Romance,South Korea,Spanish,5.8,4.5,1,3518602,48.4,1357608,25,2000,1,N/A,0.7213917514273164
4358,4359,Title 4359,Movie,1999,2016-12-04,PG,115.0,0.0,Horror,Germany,German,7.0,4.0,1,1542025,80.0,544856,26,1990,1,1.5-2.5 hours,0.5513043860870618
4359,4360,Title 4360,Movie,1987,2015-01-31,TV-Y7,118.0,0.0,Sci-Fi,France,German,5.4,4.6,1,255175,92.7,1281321,38,1980,1,1.5-2.5 hours,0.409076355259977
4360,4361,Title 4361,TV Show,2010,2021-11-16,TV-PG,77.0,5.0,Adventure,France,Hindi,5.7,4.3,0,3039754,90.0,668379,15,2010,1,1-1.5 hours,0.8159643539019732
4361,4362,Title 4362,Movie,2008,2015-04-19,TV-Y7,132.0,0.0,Drama,Japan,Hindi,7.6,4.5,1,3088663,60.9,244073,17,2000,1,1.5-2.5 hours,0.7069007240769912
4362,4363,Title 4363,Movie,1988,2016-06-16,TV-Y7,173.0,0.0,Sci-Fi,Canada,German,4.8,3.6,1,3005670,46.6,1555902,37,1980,1,> 2.5 hours,0.6372517398422846
4363,4364,Title 4364,Movie,1994,2017-06-12,TV-PG,118.0,6.0,Action,United Kingdom,German,7.4,3.5,0,420048,52.5,1398885,31,1990,1,1.5-2.5 hours,0.2730073732702765
4364,4365,Title 4365,Movie,2009,2021-09-17,TV-14,118.0,1.0,Horror,Canada,Japanese,8.7,4.2,1,1969031,44.8,275088,16,2000,0,1.5-2.5 hours,0.4745554622275211
4365,4366,Title 4366,Movie,2005,2015-01-16,TV-Y,123.0,2.0,Adventure,Canada,German,4.7,3.4,1,2933018,53.1,449743,20,2000,1,1.5-2.5 hours,0.6523539098732521
4366,4367,Title 4367,Movie,1989,2022-11-11,TV-PG,118.0,0.0,Adventure,Germany,German,8.9,4.6,1,867626,21.0,884891,36,1980,1,1.5-2.5 hours,0.2141442578967092
4367,4368,Title 4368,Movie,2008,2016-04-13,G,118.0,3.0,Horror,India,Korean,4.4,4.0,1,1776236,24.1,456359,17,2000,1,1.5-2.5 hours,0.362836132699365
4368,4369,Title 4369,TV Show,1995,2017-02-08,TV-Y,124.0,5.0,Romance,Japan,Hindi,5.9,3.5,1,2433888,77.9,1870125,30,1990,1,1.5-2.5 hours,0.676684203981561
4369,4370,Title 4370,TV Show,2015,2021-09-23,TV-MA,0.0,5.0,Horror,France,Spanish,7.4,4.3,0,1459456,45.1,1249565,10,2010,0,N/A,0.39931900202725557
4370,4371,Title 4371,TV Show,1999,2015-06-23,TV-14,119.0,8.0,Comedy,United States,English,7.1,4.9,1,2462498,79.6,394501,26,1990,0,1.5-2.5 hours,0.6877757157832185
4371,4372,Title 4372,TV Show,2024,2021-05-13,TV-MA,156.0,2.0,Thriller,Canada,Spanish,4.5,3.2,0,2573372,56.0,1580198,1,2020,0,> 2.5 hours,0.6100068615188692
4372,4373,Title 4373,TV Show,2016,2016-01-03,PG-13,140.0,6.0,Romance,Australia,French,8.4,3.2,1,2081922,80.4,797585,9,2010,0,1.5-2.5 hours,0.6338891587951867
4373,4374,Title 4374,Movie,2001,2016-01-14,PG,118.0,6.0,Thriller,Germany,English,9.4,4.7,0,367177,69.8,762770,24,2000,1,1.5-2.5 hours,0.334276701460929
4374,4375,Title 4375,Movie,1986,2018-11-11,TV-MA,145.0,1.0,Action,Spain,Korean,5.0,3.2,0,3667200,35.1,1922325,39,1980,0,> 2.5 hours,0.6904815127241599
4375,4376,Title 4376,Movie,2002,2015-06-14,R,143.0,7.0,Crime,Japan,French,8.9,3.1,1,3425127,53.6,576994,23,2000,0,> 2.5 hours,0.7281704628687728
4376,4377,Title 4377,Movie,2020,2023-05-30,TV-Y7,118.0,0.0,Sci-Fi,Australia,Hindi,7.1,3.7,1,3717955,72.8,617380,5,2020,1,1.5-2.5 hours,0.8488947836606551
4377,4378,Title 4378,TV Show,2019,2022-03-12,G,0.0,5.0,Mystery,Canada,English,9.1,3.9,1,3119227,44.8,204540,6,2010,1,N/A,0.6470853366846758
4378,4379,Title 4379,Movie,2008,2023-09-19,TV-MA,127.0,0.0,Horror,India,German,5.0,4.1,1,1948099,34.5,68643,17,2000,0,1.5-2.5 hours,0.43021565359304736
4379,4380,Title 4380,Movie,1995,2015-04-16,TV-MA,123.0,7.0,Sci-Fi,Germany,French,8.4,4.0,0,1730373,60.5,161188,30,1990,0,1.5-2.5 hours,0.5015566637808253
4380,4381,Title 4381,TV Show,2017,2016-07-30,PG-13,156.0,5.0,Mystery,South Korea,Korean,4.3,4.8,1,1279480,40.5,1983799,8,2010,0,> 2.5 hours,0.35392252778695144
4381,4382,Title 4382,Movie,2007,2020-04-24,TV-Y7,118.0,0.0,Action,United States,English,8.9,4.5,1,1878664,64.6,1094611,18,2000,1,1.5-2.5 hours,0.5402003749510311
4382,4383,Title 4383,Movie,2017,2016-10-31,TV-Y7,118.0,0.0,Action,Germany,German,7.7,5.0,1,3885371,40.4,1145000,8,2010,1,1.5-2.5 hours,0.7444072527199449
4383,4384,Title 4384,TV Show,2010,2016-06-17,PG-13,158.0,5.0,Crime,Australia,French,6.0,4.0,1,3999495,88.0,301698,15,2010,0,> 2.5 hours,0.9519258997962246
4384,4385,Title 4385,Movie,1993,2018-07-13,TV-PG,118.0,6.0,Romance,France,Korean,5.0,3.2,0,186479,45.8,261515,32,1990,1,1.5-2.5 hours,0.21117192692279904
4385,4386,Title 4386,Movie,2012,2018-06-13,PG-13,118.0,0.0,Sci-Fi,United States,French,8.5,4.9,1,574702,88.1,1550166,13,2010,0,1.5-2.5 hours,0.4386055370652269
4386,4387,Title 4387,Movie,1988,2016-12-22,R,131.0,1.0,Sci-Fi,South Korea,English,7.3,3.0,1,3429952,41.0,1059798,37,1980,0,1.5-2.5 hours,0.6784942148590909
4387,4388,Title 4388,Movie,2006,2022-12-18,TV-Y,118.0,0.0,Horror,Spain,German,6.0,4.6,0,2762975,65.3,145712,19,2000,1,1.5-2.5 hours,0.6756473897303218
4388,4389,Title 4389,Movie,2003,2020-03-23,R,158.0,4.0,Action,Japan,Hindi,6.4,3.1,1,1086703,29.8,932418,22,2000,0,> 2.5 hours,0.2822058982662202
4389,4390,Title 4390,TV Show,1992,2020-02-21,PG-13,155.0,7.0,Mystery,Canada,Japanese,8.5,4.5,0,2479803,78.4,190825,33,1990,0,> 2.5 hours,0.6855714729215505
4390,4391,Title 4391,TV Show,2005,2016-12-02,PG,132.0,5.0,Drama,United Kingdom,Korean,5.9,4.9,1,327289,35.0,1436896,20,2000,1,1.5-2.5 hours,0.18909348500708376
4391,4392,Title 4392,TV Show,2008,2019-02-06,TV-PG,93.0,6.0,Crime,India,English,4.5,3.8,1,710345,84.8,1531607,17,2000,1,1-1.5 hours,0.4457520430181183
4392,4393,Title 4393,TV Show,2022,2019-07-20,PG,62.0,5.0,Romance,Australia,German,9.0,3.5,0,3023473,53.9,955241,3,2020,1,1-1.5 hours,0.6691221971860423
4393,4394,Title 4394,TV Show,2007,2016-05-15,R,0.0,2.0,Adventure,Germany,Hindi,6.1,3.5,0,3989810,27.1,1593950,18,2000,0,N/A,0.706873145801151
4394,4395,Title 4395,TV Show,2007,2015-10-05,TV-Y7,0.0,5.0,Drama,France,French,5.9,4.0,1,3151946,47.3,1338915,18,2000,1,N/A,0.6619932001813005
4395,4396,Title 4396,Movie,1987,2019-02-17,R,118.0,1.0,Comedy,India,German,5.1,3.3,1,521716,78.5,1499682,38,1980,0,1.5-2.5 hours,0.3922576152084419
4396,4397,Title 4397,TV Show,2002,2018-06-02,TV-14,0.0,7.0,Thriller,France,Japanese,8.9,4.3,1,2309796,25.7,1818070,23,2000,0,N/A,0.44927035279347016
4397,4398,Title 4398,TV Show,2008,2019-06-14,G,0.0,2.0,Crime,Germany,Hindi,5.2,3.7,0,3386332,66.9,1907399,17,2000,1,N/A,0.7755511968657913
4398,4399,Title 4399,Movie,1984,2022-02-27,TV-14,118.0,8.0,Mystery,Australia,English,7.5,3.6,0,1711305,58.0,933191,41,1980,0,1.5-2.5 hours,0.48869645591525374
4399,4400,Title 4400,Movie,2021,2022-01-29,PG-13,118.0,5.0,Drama,Spain,German,8.8,3.9,1,667591,43.2,1592828,4,2020,0,1.5-2.5 hours,0.27293892538204484
4400,4401,Title 4401,TV Show,1986,2022-11-28,TV-MA,65.0,5.0,Mystery,Spain,Japanese,4.2,4.1,0,263441,76.7,222992,39,1980,0,1-1.5 hours,0.3463162586697114
4401,4402,Title 4402,Movie,2021,2019-11-25,PG,118.0,0.0,Horror,South Korea,German,8.6,3.3,1,290503,23.9,449462,4,2020,1,1.5-2.5 hours,0.13917556983281704
4402,4403,Title 4403,TV Show,2015,2018-04-01,TV-Y,96.0,5.0,Crime,Canada,Spanish,6.3,4.4,0,1728496,57.3,1767732,10,2010,1,1-1.5 hours,0.48847511300656077
4403,4404,Title 4404,Movie,2020,2023-10-27,TV-14,118.0,1.0,Action,Japan,Korean,7.6,4.8,1,1781688,58.0,1490465,5,2020,0,1.5-2.5 hours,0.49925393494832104
4404,4405,Title 4405,TV Show,2006,2017-02-01,TV-PG,96.0,5.0,Romance,United Kingdom,German,6.0,3.6,0,2094753,26.5,580311,19,2000,1,1-1.5 hours,0.42021381408798875
4405,4406,Title 4406,Movie,1981,2018-06-22,PG,64.0,3.0,Mystery,Japan,Japanese,7.8,3.4,1,2139051,30.2,1155422,44,1980,1,1-1.5 hours,0.44165853236096403
4406,4407,Title 4407,Movie,2004,2015-09-04,TV-14,118.0,0.0,Sci-Fi,South Korea,Hindi,5.4,4.5,1,3349812,50.7,1981441,21,2000,0,1.5-2.5 hours,0.7052731818012499
4407,4408,Title 4408,TV Show,1988,2020-08-20,TV-Y7,0.0,2.0,Drama,Spain,Korean,4.1,3.4,1,3842290,60.2,1486741,37,1980,1,N/A,0.8171450849489836
4408,4409,Title 4409,TV Show,2006,2016-10-01,G,103.0,5.0,Sci-Fi,France,English,9.2,3.1,0,62708,24.0,1397771,19,2000,1,1.5-2.5 hours,0.10540622586712113
4409,4410,Title 4410,TV Show,1980,2020-07-07,R,133.0,6.0,Mystery,South Korea,Japanese,4.1,4.2,0,1244699,20.9,1948276,45,1980,0,1.5-2.5 hours,0.2703053634397494
4410,4411,Title 4411,TV Show,2002,2021-03-22,R,0.0,5.0,Drama,Canada,Korean,8.5,3.5,0,2690775,34.4,1172261,23,2000,0,N/A,0.5412173599477399
4411,4412,Title 4412,TV Show,1989,2018-12-18,TV-14,0.0,5.0,Action,Australia,Spanish,4.9,3.3,1,298885,56.6,89626,36,1980,0,N/A,0.2712328732904016
4412,4413,Title 4413,Movie,2021,2017-03-05,PG-13,91.0,0.0,Thriller,Canada,English,6.2,5.0,1,1547688,23.0,348649,4,2020,0,1-1.5 hours,0.3241538384230557
4413,4414,Title 4414,TV Show,2004,2016-12-03,TV-PG,0.0,3.0,Thriller,United States,German,8.5,3.6,1,3699158,75.0,80727,21,2000,1,N/A,0.8548752259068713
4414,4415,Title 4415,TV Show,1982,2020-02-04,PG-13,0.0,5.0,Horror,Canada,Japanese,5.1,4.8,0,2804049,31.4,637208,43,1980,0,N/A,0.5462085066733934
4415,4416,Title 4416,Movie,1985,2022-06-01,PG,118.0,0.0,Comedy,Australia,French,8.8,3.4,1,675760,77.9,821916,40,1980,1,1.5-2.5 hours,0.4129642787517666
4416,4417,Title 4417,Movie,1985,2015-09-26,G,118.0,0.0,Thriller,India,English,6.7,4.6,0,2021767,35.4,1519250,40,1980,1,1.5-2.5 hours,0.44486588398118093
4417,4418,Title 4418,TV Show,1981,2021-04-05,G,0.0,5.0,Comedy,Germany,Japanese,6.0,4.0,0,3736368,46.0,44754,44,1980,1,N/A,0.7444567412560386
4418,4419,Title 4419,Movie,1997,2022-02-14,R,118.0,0.0,Drama,Australia,English,7.6,3.2,1,3574455,55.9,918934,28,1990,0,1.5-2.5 hours,0.7597697244667423
4419,4420,Title 4420,Movie,2002,2020-07-25,G,138.0,8.0,Thriller,Canada,Spanish,5.9,4.5,0,2974155,46.0,1023442,23,2000,1,1.5-2.5 hours,0.6301244768423113
4420,4421,Title 4421,TV Show,1981,2022-04-30,PG-13,0.0,5.0,Mystery,Spain,Hindi,5.9,4.8,1,222216,21.8,1013466,44,1980,0,N/A,0.12053249166435206
4421,4422,Title 4422,Movie,1991,2022-10-11,TV-PG,118.0,2.0,Action,South Korea,English,8.0,3.3,1,1460480,88.1,1838653,34,1990,1,1.5-2.5 hours,0.5714726024496567
4422,4423,Title 4423,Movie,2001,2022-04-16,TV-PG,74.0,0.0,Mystery,South Korea,Japanese,5.7,4.5,1,2771238,41.5,1742153,24,2000,1,1-1.5 hours,0.5816868431388187
4423,4424,Title 4424,TV Show,2016,2023-12-28,R,79.0,4.0,Mystery,South Korea,Hindi,5.1,3.9,1,775956,30.2,1901099,9,2010,0,1-1.5 hours,0.23719372008273024
4424,4425,Title 4425,TV Show,1999,2019-06-07,TV-14,0.0,4.0,Comedy,Spain,Korean,8.4,4.5,0,763852,29.9,1976580,26,1990,0,N/A,0.2341781150898165
4425,4426,Title 4426,Movie,2018,2021-09-13,TV-PG,147.0,0.0,Adventure,France,French,8.4,4.4,1,3420317,93.1,1007353,7,2010,1,> 2.5 hours,0.8854489608846423
4426,4427,Title 4427,Movie,2003,2018-05-28,PG-13,118.0,7.0,Adventure,Germany,Spanish,6.7,3.1,0,1370199,29.2,52782,22,2000,0,1.5-2.5 hours,0.3223304152086418
4427,4428,Title 4428,TV Show,1999,2023-11-03,TV-MA,141.0,5.0,Romance,Australia,German,6.9,3.4,0,3684003,46.0,1281091,26,1990,0,> 2.5 hours,0.7366019696554166
4428,4429,Title 4429,Movie,1980,2023-10-28,TV-14,118.0,3.0,Thriller,Canada,Japanese,7.8,3.9,1,1387534,25.1,55306,45,1980,0,1.5-2.5 hours,0.308530672359349
4429,4430,Title 4430,Movie,1980,2020-05-27,TV-Y,75.0,0.0,Action,France,Japanese,6.8,4.9,1,1108641,75.2,1413784,45,1980,1,1-1.5 hours,0.46709660731567015
4430,4431,Title 4431,Movie,1996,2023-02-25,TV-Y7,118.0,7.0,Action,Canada,Japanese,6.3,3.7,0,1067558,64.8,1297770,29,1990,1,1.5-2.5 hours,0.41933414036888605
4431,4432,Title 4432,TV Show,1980,2017-06-13,G,123.0,8.0,Sci-Fi,South Korea,English,9.5,4.3,0,862252,60.0,682971,45,1980,1,1.5-2.5 hours,0.3693381556799281
4432,4433,Title 4433,Movie,2024,2018-12-18,G,118.0,3.0,Mystery,Canada,French,4.8,3.0,1,3599382,84.2,1322775,1,2020,1,1.5-2.5 hours,0.8767087847491581
4433,4434,Title 4434,Movie,2009,2019-04-18,TV-MA,118.0,4.0,Action,Spain,French,7.3,4.4,0,2170023,63.0,187896,16,2000,0,1.5-2.5 hours,0.577504345136949
4434,4435,Title 4435,TV Show,2020,2017-04-15,TV-14,117.0,5.0,Drama,India,Hindi,8.9,4.2,1,885757,91.7,413285,5,2020,0,1.5-2.5 hours,0.49966391537576726
4435,4436,Title 4436,Movie,1982,2023-09-16,R,167.0,6.0,Crime,Canada,English,7.8,4.4,0,2380840,66.7,1648161,43,1980,0,> 2.5 hours,0.6239269820992008
4436,4437,Title 4437,Movie,1990,2017-04-09,PG-13,118.0,3.0,Mystery,France,Japanese,8.8,4.8,0,331805,46.6,484743,35,1990,0,1.5-2.5 hours,0.2361708868699389
4437,4438,Title 4438,TV Show,2003,2022-10-18,TV-MA,0.0,5.0,Comedy,Australia,French,5.8,3.3,1,2100021,22.8,857837,22,2000,0,N/A,0.40620401626104474
4438,4439,Title 4439,TV Show,2001,2023-01-18,TV-Y7,138.0,5.0,Mystery,Germany,Japanese,5.5,3.5,1,1939858,74.4,315968,24,2000,1,1.5-2.5 hours,0.5885795001936256
4439,4440,Title 4440,TV Show,2023,2015-12-28,TV-PG,0.0,5.0,Action,South Korea,Japanese,8.7,5.0,1,3983556,48.0,1159450,2,2020,1,N/A,0.7895350432213688
4440,4441,Title 4441,TV Show,2024,2017-02-23,R,0.0,4.0,Horror,United States,Japanese,6.2,3.3,1,3720189,64.9,380036,1,2020,0,N/A,0.8176298845821826
4441,4442,Title 4442,Movie,2005,2018-07-16,TV-Y,173.0,7.0,Drama,Australia,Spanish,7.9,4.4,0,2005917,85.7,1767569,20,2000,1,> 2.5 hours,0.643688377443038
4442,4443,Title 4443,Movie,1992,2015-04-20,R,153.0,3.0,Drama,India,German,4.8,4.5,1,225426,20.6,1416876,33,1990,0,> 2.5 hours,0.11621399298848073
4443,4444,Title 4444,TV Show,1980,2023-05-28,TV-MA,0.0,5.0,Thriller,United Kingdom,Korean,8.2,4.4,0,2425209,77.0,1513414,45,1980,0,N/A,0.6717823504014637
4444,4445,Title 4445,TV Show,2003,2020-06-12,TV-MA,0.0,5.0,Adventure,Canada,Korean,7.0,3.5,1,3911055,52.6,83012,22,2000,0,N/A,0.7970598633146241
4445,4446,Title 4446,Movie,1989,2018-05-25,TV-MA,156.0,0.0,Comedy,Canada,Hindi,5.5,3.4,1,2891983,29.3,471721,36,1980,0,> 2.5 hours,0.5509986429462681
4446,4447,Title 4447,TV Show,2014,2023-07-12,TV-MA,135.0,5.0,Thriller,Germany,French,6.7,4.3,0,1699480,63.7,1006530,11,2010,0,1.5-2.5 hours,0.5097227010374279
4447,4448,Title 4448,Movie,2003,2022-01-27,R,118.0,3.0,Romance,Germany,Korean,7.8,3.4,0,2129156,59.9,1115613,22,2000,0,1.5-2.5 hours,0.5589742782792653
4448,4449,Title 4449,TV Show,2007,2015-06-26,TV-MA,163.0,5.0,Crime,South Korea,Hindi,4.1,4.3,1,3951638,83.2,1080070,18,2000,0,> 2.5 hours,0.9255473300551578
4449,4450,Title 4450,Movie,2015,2020-04-30,TV-14,118.0,0.0,Sci-Fi,United States,German,7.5,4.0,0,1482153,59.1,1981803,10,2010,0,1.5-2.5 hours,0.45872356138979387
4450,4451,Title 4451,TV Show,1995,2015-04-26,R,97.0,5.0,Drama,United States,Japanese,7.0,3.8,1,1183574,82.1,730098,30,1990,0,1-1.5 hours,0.5059365882256176
4451,4452,Title 4452,TV Show,2019,2018-10-26,TV-PG,0.0,5.0,Comedy,Spain,English,5.2,3.6,0,2734166,60.8,1488149,6,2010,1,N/A,0.6533260278465766
4452,4453,Title 4453,Movie,1995,2018-08-29,TV-14,118.0,0.0,Adventure,South Korea,Spanish,8.1,4.9,0,1871675,53.5,118387,30,1990,0,1.5-2.5 hours,0.4947520220680607
4453,4454,Title 4454,TV Show,1996,2022-02-18,TV-Y7,0.0,7.0,Comedy,South Korea,German,5.7,4.0,0,2594249,47.8,211739,29,1990,1,N/A,0.5803384201306554
4454,4455,Title 4455,Movie,1994,2023-07-06,TV-PG,118.0,7.0,Sci-Fi,India,German,5.5,4.1,0,2771443,33.0,158729,31,1990,1,1.5-2.5 hours,0.5477175932233813
4455,4456,Title 4456,Movie,1995,2018-06-21,TV-Y,118.0,8.0,Sci-Fi,Japan,Korean,6.6,4.9,1,1441219,63.8,926897,30,1990,1,1.5-2.5 hours,0.47138344450447245
4456,4457,Title 4457,Movie,1994,2020-10-03,G,118.0,2.0,Thriller,India,Korean,7.7,4.3,1,367964,60.8,115848,31,1990,1,1.5-2.5 hours,0.2983947517855674
4457,4458,Title 4458,Movie,2013,2017-05-11,R,118.0,0.0,Mystery,Canada,Spanish,9.1,4.9,1,3843858,93.2,1396693,12,2010,0,1.5-2.5 hours,0.9493802855957854
4458,4459,Title 4459,Movie,1990,2016-04-02,G,101.0,6.0,Romance,United Kingdom,English,4.8,3.2,0,2953059,50.9,603534,35,1990,1,1.5-2.5 hours,0.6465600681401874
4459,4460,Title 4460,TV Show,1980,2018-04-15,R,0.0,5.0,Romance,South Korea,German,6.2,4.7,1,2626072,51.6,132916,45,1980,0,N/A,0.600311883257679
4460,4461,Title 4461,TV Show,1994,2019-03-09,TV-PG,0.0,6.0,Action,United States,French,4.4,3.7,0,3656324,32.3,438924,31,1990,1,N/A,0.6776501082377976
4461,4462,Title 4462,Movie,2005,2021-10-05,TV-Y,118.0,0.0,Romance,Germany,Korean,8.2,4.6,1,1530957,64.8,993460,20,2000,1,1.5-2.5 hours,0.4888441815214992
4462,4463,Title 4463,TV Show,1983,2020-07-05,PG-13,0.0,5.0,Comedy,United Kingdom,German,6.5,4.7,0,1602981,83.6,45847,42,1980,0,N/A,0.574847811231481
4463,4464,Title 4464,Movie,2022,2021-08-10,PG-13,161.0,5.0,Romance,United States,English,7.9,3.5,1,1212988,38.6,1269684,3,2020,0,> 2.5 hours,0.336348700358926
4464,4465,Title 4465,TV Show,1984,2022-06-13,TV-14,113.0,4.0,Adventure,United States,Hindi,5.8,3.8,1,3039408,20.7,202631,41,1980,0,1.5-2.5 hours,0.5387124537592478
4465,4466,Title 4466,TV Show,2014,2017-10-29,TV-MA,63.0,5.0,Romance,United Kingdom,English,8.6,4.5,0,572812,71.9,981495,11,2010,0,1-1.5 hours,0.3735220362855998
4466,4467,Title 4467,TV Show,1992,2023-12-23,TV-MA,175.0,7.0,Drama,Germany,German,6.9,3.2,0,2705100,22.4,1185264,33,1990,0,> 2.5 hours,0.4953661158568186
4467,4468,Title 4468,TV Show,1989,2017-02-12,PG-13,130.0,4.0,Action,Japan,German,9.2,4.5,1,3466278,50.7,766083,36,1980,0,1.5-2.5 hours,0.722743129843607
4468,4469,Title 4469,Movie,1990,2015-08-20,TV-PG,88.0,5.0,Comedy,Spain,Spanish,4.4,3.2,0,1314997,66.0,126968,35,1990,1,1-1.5 hours,0.4612500924377542
4469,4470,Title 4470,Movie,1997,2022-04-09,TV-Y,103.0,8.0,Sci-Fi,South Korea,German,6.8,4.8,1,3864259,49.0,1514685,28,1990,1,1.5-2.5 hours,0.775640444011221
4470,4471,Title 4471,TV Show,2013,2020-08-28,TV-14,0.0,5.0,Thriller,India,Korean,8.2,3.6,1,531881,39.5,1503278,12,2010,0,N/A,0.23778236940151587
4471,4472,Title 4472,TV Show,2018,2021-01-15,TV-PG,83.0,2.0,Crime,Canada,French,7.3,4.2,1,145839,79.9,100849,7,2010,1,1-1.5 hours,0.341475910158753
4472,4473,Title 4473,Movie,2020,2016-06-17,TV-MA,85.0,0.0,Thriller,India,Spanish,4.1,3.2,1,2101644,42.6,1977498,5,2020,0,1-1.5 hours,0.48564746693053407
4473,4474,Title 4474,TV Show,2021,2023-11-24,TV-14,0.0,5.0,Mystery,United States,German,9.3,3.5,0,535943,33.5,220339,4,2020,0,N/A,0.21439167107709545
4474,4475,Title 4475,Movie,2002,2018-04-13,G,118.0,3.0,Crime,South Korea,English,5.6,3.8,0,2758699,49.1,1161427,23,2000,1,1.5-2.5 hours,0.610205987966467
4475,4476,Title 4476,Movie,1986,2015-12-10,PG,118.0,3.0,Adventure,Germany,German,5.4,4.0,0,3802541,29.9,1032608,39,1980,1,1.5-2.5 hours,0.6899827185524761
4476,4477,Title 4477,Movie,2018,2016-06-18,TV-Y7,161.0,0.0,Horror,Germany,English,6.7,3.0,1,501111,71.8,995081,7,2010,1,> 2.5 hours,0.36236685670885593
4477,4478,Title 4478,TV Show,1982,2022-02-23,TV-14,0.0,5.0,Action,Germany,English,7.0,4.8,1,425120,73.3,1904137,43,1980,0,N/A,0.35696817536248227
4478,4479,Title 4479,Movie,1991,2018-03-06,TV-MA,169.0,0.0,Sci-Fi,Canada,German,8.2,3.0,1,2462862,21.1,1661983,34,1990,0,> 2.5 hours,0.4538303159333688
4479,4480,Title 4480,TV Show,1986,2022-05-28,TV-PG,136.0,7.0,Thriller,Canada,English,6.2,4.5,1,721672,72.1,1252397,39,1980,1,1.5-2.5 hours,0.39665109769051865
4480,4481,Title 4481,Movie,2005,2015-08-06,G,171.0,2.0,Romance,South Korea,French,6.4,3.9,1,148039,42.4,1805110,20,2000,1,> 2.5 hours,0.19180591106625544
4481,4482,Title 4482,TV Show,2012,2021-04-03,TV-Y7,61.0,5.0,Action,Japan,Hindi,6.9,4.0,1,3509537,69.2,761147,13,2010,1,1-1.5 hours,0.8032319976879937
4482,4483,Title 4483,TV Show,2016,2016-01-18,TV-Y7,141.0,5.0,Romance,United States,Spanish,6.2,3.4,0,2307624,73.0,1471744,9,2010,1,> 2.5 hours,0.6381445518975177
4483,4484,Title 4484,TV Show,1994,2022-05-14,TV-14,0.0,2.0,Action,Germany,German,9.0,4.2,1,1466067,40.8,1956564,31,1990,0,N/A,0.3831106547543006
4484,4485,Title 4485,Movie,1981,2017-03-19,TV-Y7,159.0,5.0,Action,Germany,Japanese,8.7,4.1,1,1247209,33.9,698499,44,1980,1,> 2.5 hours,0.32268186447512726
4485,4486,Title 4486,Movie,2020,2020-02-19,G,130.0,0.0,Mystery,Germany,Hindi,6.5,3.3,0,3110062,82.0,250164,5,2020,1,1.5-2.5 hours,0.794510582904103
4486,4487,Title 4487,TV Show,1986,2023-11-04,TV-Y,115.0,5.0,Drama,Canada,English,4.0,3.5,0,1185677,75.4,1885353,39,1980,1,1.5-2.5 hours,0.4794520390931075
4487,4488,Title 4488,TV Show,2011,2020-07-05,TV-PG,0.0,5.0,Adventure,Japan,English,9.0,3.1,0,1444123,82.8,588815,14,2010,1,N/A,0.5478190457023757
4488,4489,Title 4489,TV Show,1983,2022-01-20,TV-14,139.0,5.0,Romance,India,Spanish,4.7,3.1,1,79621,52.7,1241323,42,1980,0,1.5-2.5 hours,0.22274318284375283
4489,4490,Title 4490,Movie,1999,2022-01-03,TV-Y7,118.0,8.0,Romance,Japan,Hindi,5.3,3.0,1,3117119,54.2,753634,26,1990,1,1.5-2.5 hours,0.6843691358151235
4490,4491,Title 4491,Movie,2015,2017-07-18,TV-Y,163.0,0.0,Romance,Canada,Hindi,4.8,3.4,0,1971213,45.8,915620,10,2010,1,> 2.5 hours,0.4788827631275986
4491,4492,Title 4492,Movie,2011,2020-02-22,TV-PG,98.0,7.0,Mystery,India,German,5.0,4.4,1,1712097,57.4,385387,14,2010,1,1-1.5 hours,0.4864152562419547
4492,4493,Title 4493,Movie,2007,2023-08-18,R,72.0,0.0,Thriller,United Kingdom,English,8.4,3.6,0,452953,68.5,671010,18,2000,0,1-1.5 hours,0.3419431368436263
4493,4494,Title 4494,TV Show,1992,2023-03-21,TV-Y,84.0,5.0,Comedy,South Korea,Japanese,7.2,3.7,1,2179187,81.1,713075,33,1990,1,1-1.5 hours,0.6512789489171096
4494,4495,Title 4495,TV Show,1980,2021-08-27,R,0.0,5.0,Romance,United Kingdom,Korean,9.3,3.3,1,1210833,33.7,273562,45,1980,0,N/A,0.3164254494699861
4495,4496,Title 4496,Movie,2014,2021-05-26,R,118.0,4.0,Thriller,South Korea,Japanese,5.3,4.2,1,3178379,50.4,599458,11,2010,0,1.5-2.5 hours,0.678358161084943
4496,4497,Title 4497,Movie,2009,2020-02-20,TV-Y,70.0,2.0,Drama,Germany,German,6.7,3.7,0,3270952,54.6,219476,16,2000,1,1-1.5 hours,0.7090441492714106
4497,4498,Title 4498,TV Show,2015,2018-09-06,TV-Y7,177.0,5.0,Romance,United Kingdom,German,9.4,4.4,1,2160126,56.6,701329,10,2010,1,> 2.5 hours,0.5504197910544254
4498,4499,Title 4499,Movie,2004,2016-10-01,R,107.0,0.0,Adventure,Canada,German,8.5,4.5,0,2171800,60.6,1310504,21,2000,0,1.5-2.5 hours,0.5681708958699636
4499,4500,Title 4500,Movie,1995,2023-01-11,TV-Y7,118.0,7.0,Sci-Fi,United States,Spanish,8.0,4.2,1,2578494,80.1,1083778,30,1990,1,1.5-2.5 hours,0.7071751636317001
4500,4501,Title 4501,Movie,1998,2022-06-15,TV-Y7,91.0,7.0,Horror,India,Spanish,5.0,3.6,1,3153135,86.5,1925993,27,1990,1,1-1.5 hours,0.8189715506717643
4501,4502,Title 4502,Movie,1980,2015-03-01,TV-PG,176.0,2.0,Romance,France,German,8.2,4.0,1,78612,31.9,1044013,45,1980,1,> 2.5 hours,0.1393918324275392
4502,4503,Title 4503,Movie,1984,2020-05-12,G,85.0,0.0,Comedy,Australia,French,5.9,3.5,1,1731586,73.5,1629216,41,1980,1,1-1.5 hours,0.5537386142811893
4503,4504,Title 4504,Movie,2001,2016-06-30,TV-Y7,154.0,1.0,Sci-Fi,United States,Korean,6.9,4.8,1,2656146,55.9,1955940,24,2000,1,> 2.5 hours,0.622022995663238
4504,4505,Title 4505,TV Show,2003,2023-04-30,TV-PG,0.0,2.0,Adventure,United Kingdom,Hindi,7.4,4.5,1,1403296,51.3,1849315,22,2000,1,N/A,0.4156949788611919
4505,4506,Title 4506,Movie,2022,2019-01-18,PG,78.0,8.0,Mystery,India,Hindi,7.4,4.0,0,1618844,28.5,750241,3,2020,1,1-1.5 hours,0.35682726777498636
4506,4507,Title 4507,Movie,2024,2015-03-08,R,118.0,8.0,Horror,United Kingdom,English,8.0,4.9,0,2554951,24.8,1289598,1,2020,0,1.5-2.5 hours,0.48244370392018576
4507,4508,Title 4508,TV Show,2016,2020-03-10,TV-14,149.0,5.0,Mystery,United Kingdom,Hindi,7.6,4.1,1,3610130,93.3,1380063,9,2010,0,> 2.5 hours,0.9147209891827202
4508,4509,Title 4509,TV Show,2015,2020-08-27,TV-Y7,65.0,1.0,Comedy,Spain,Japanese,4.4,3.7,0,3745579,68.2,618843,10,2010,1,1-1.5 hours,0.8346383950555863
4509,4510,Title 4510,TV Show,2015,2016-08-31,TV-Y,79.0,5.0,Horror,France,Hindi,6.5,3.2,1,2829203,53.9,602167,10,2010,1,1-1.5 hours,0.6399816170494469
4510,4511,Title 4511,Movie,1983,2020-09-05,R,118.0,0.0,Comedy,Spain,Korean,7.7,4.1,1,3524999,77.1,739080,42,1980,0,1.5-2.5 hours,0.8371513040660862
4511,4512,Title 4512,TV Show,2015,2018-11-12,R,180.0,5.0,Mystery,Spain,Hindi,5.6,4.7,1,2228146,26.8,1571989,10,2010,0,> 2.5 hours,0.44142281911275255
4512,4513,Title 4513,Movie,1997,2018-09-28,PG,133.0,1.0,Adventure,Japan,Japanese,5.7,4.7,1,3594845,65.6,1446759,28,1990,1,1.5-2.5 hours,0.8016282328776403
4513,4514,Title 4514,Movie,1995,2023-10-02,TV-14,100.0,4.0,Horror,Canada,Korean,4.7,4.2,1,2777823,69.5,592641,30,1990,0,1-1.5 hours,0.6946745958551386
4514,4515,Title 4515,Movie,2020,2015-05-26,TV-PG,108.0,0.0,Crime,Canada,Spanish,6.3,3.8,0,157083,53.9,663738,5,2020,1,1.5-2.5 hours,0.2391625147969157
4515,4516,Title 4516,TV Show,1997,2023-01-15,PG,0.0,5.0,Thriller,Spain,Korean,9.4,4.3,1,1631898,38.9,844501,28,1990,1,N/A,0.4003853731597762
4516,4517,Title 4517,TV Show,2001,2020-01-01,G,0.0,4.0,Adventure,Germany,Spanish,5.6,4.5,1,2445713,91.6,1440416,24,2000,1,N/A,0.7332579588593868
4517,4518,Title 4518,TV Show,1981,2020-09-16,R,0.0,5.0,Horror,Japan,Korean,6.9,3.8,1,3027312,42.6,746425,44,1980,0,N/A,0.6244980487696341
4518,4519,Title 4519,TV Show,2000,2016-03-07,TV-Y7,0.0,5.0,Comedy,United Kingdom,German,8.1,4.0,0,261724,29.4,1962914,25,2000,1,N/A,0.15685870796144688
4519,4520,Title 4520,TV Show,2015,2015-09-28,TV-Y7,66.0,5.0,Comedy,France,Japanese,4.1,4.4,1,2034029,67.3,818814,10,2010,1,1-1.5 hours,0.5743051890392699
4520,4521,Title 4521,Movie,2023,2022-04-25,PG,118.0,6.0,Drama,Spain,French,9.0,4.8,0,168297,63.1,448326,2,2020,1,1.5-2.5 hours,0.2776446194227034
4521,4522,Title 4522,Movie,2018,2016-06-17,G,118.0,7.0,Adventure,France,Spanish,6.1,4.6,0,1656353,76.6,1949035,7,2010,1,1.5-2.5 hours,0.5548536332474914
4522,4523,Title 4523,Movie,2018,2023-04-18,PG-13,118.0,7.0,Comedy,South Korea,Spanish,8.8,3.0,1,182876,76.5,1462796,7,2010,0,1.5-2.5 hours,0.3334314754365575
4523,4524,Title 4524,Movie,2008,2020-06-13,TV-MA,90.0,0.0,Action,Japan,Hindi,4.2,3.2,0,128147,66.5,652716,17,2000,0,1-1.5 hours,0.28522210286078287
4524,4525,Title 4525,TV Show,2005,2017-01-18,TV-Y,143.0,7.0,Thriller,France,Spanish,4.8,4.7,1,1683402,35.6,1129088,20,2000,1,> 2.5 hours,0.39491099440523464
4525,4526,Title 4526,TV Show,2000,2021-11-19,TV-Y,107.0,5.0,Mystery,United Kingdom,Korean,5.8,4.7,1,507760,86.5,196293,25,2000,1,1.5-2.5 hours,0.422164209451576
4526,4527,Title 4527,Movie,1996,2016-08-26,PG-13,174.0,0.0,Sci-Fi,South Korea,German,5.9,3.8,0,1820126,38.6,1914582,29,1990,0,> 2.5 hours,0.42741965080403976
4527,4528,Title 4528,TV Show,1995,2021-10-04,R,0.0,5.0,Drama,Germany,German,8.7,4.2,1,2981461,27.0,130786,30,1990,0,N/A,0.5552203798560446
4528,4529,Title 4529,TV Show,2010,2023-12-18,TV-PG,118.0,5.0,Comedy,United Kingdom,Hindi,4.1,4.8,0,1352020,42.6,1947146,15,2010,1,1.5-2.5 hours,0.37320355770978364
4529,4530,Title 4530,Movie,1988,2019-07-09,TV-14,100.0,0.0,Action,Australia,Korean,7.5,4.8,1,1010160,56.2,904727,37,1980,0,1-1.5 hours,0.37632441669214595
4530,4531,Title 4531,Movie,2010,2023-09-18,PG-13,118.0,4.0,Drama,Canada,Korean,4.7,4.6,0,3611781,35.5,886039,15,2010,0,1.5-2.5 hours,0.6837686398637597
4531,4532,Title 4532,TV Show,1993,2017-04-05,G,0.0,7.0,Action,United States,English,8.5,3.4,0,365535,45.0,1208916,32,1990,1,N/A,0.23483040078360218
4532,4533,Title 4533,TV Show,2016,2016-04-17,TV-Y7,0.0,8.0,Drama,India,Spanish,8.3,4.5,1,63229,58.5,1551418,9,2010,1,N/A,0.24348437608203422
4533,4534,Title 4534,Movie,1981,2015-06-18,TV-MA,118.0,7.0,Comedy,United States,Hindi,6.7,3.2,1,994791,44.2,1498481,44,1980,0,1.5-2.5 hours,0.32601906035241596
4534,4535,Title 4535,Movie,1993,2015-08-15,R,118.0,0.0,Action,Germany,German,5.2,4.8,1,1771212,26.7,241985,32,1990,0,1.5-2.5 hours,0.37248253062695924
4535,4536,Title 4536,Movie,2012,2015-03-03,TV-MA,118.0,5.0,Horror,Canada,Japanese,7.5,3.3,0,1846612,34.8,1698276,13,2010,0,1.5-2.5 hours,0.4161925617295447
4536,4537,Title 4537,TV Show,2014,2020-11-01,TV-14,0.0,5.0,Adventure,France,French,4.9,4.3,0,1233938,79.6,1023763,11,2010,0,N/A,0.5034912090008248
4537,4538,Title 4538,Movie,2018,2019-03-06,TV-Y7,152.0,8.0,Sci-Fi,Japan,English,5.0,4.2,1,405810,91.6,225403,7,2010,1,> 2.5 hours,0.42727166739708533
4538,4539,Title 4539,Movie,1999,2023-06-17,G,118.0,2.0,Mystery,United Kingdom,Korean,7.4,4.6,1,2197964,31.1,707635,26,1990,1,1.5-2.5 hours,0.4540955066626433
4539,4540,Title 4540,TV Show,1981,2021-01-10,TV-Y,92.0,5.0,Sci-Fi,Canada,Spanish,9.5,4.1,0,1519914,71.1,920724,44,1980,1,1-1.5 hours,0.5123877269662491
4540,4541,Title 4541,TV Show,2020,2015-03-21,TV-14,0.0,8.0,Mystery,Canada,German,8.9,3.1,1,162203,87.9,817664,5,2020,0,N/A,0.37593051690892154
4541,4542,Title 4542,TV Show,1998,2019-02-04,PG-13,0.0,5.0,Crime,Spain,Japanese,7.3,4.4,0,2840193,42.4,877326,27,1990,0,N/A,0.5956301215828343
4542,4543,Title 4543,TV Show,2016,2018-08-27,TV-Y,0.0,8.0,Thriller,India,English,7.0,3.8,0,991224,82.2,447718,9,2010,1,N/A,0.4774840088810245
4543,4544,Title 4544,TV Show,1997,2020-07-12,TV-Y,0.0,4.0,Crime,United Kingdom,Korean,9.5,3.6,1,2125352,87.9,1723682,28,1990,1,N/A,0.6704036767101109
4544,4545,Title 4545,Movie,1995,2018-08-22,G,119.0,2.0,Romance,Canada,German,7.0,5.0,0,2613254,42.5,207033,30,1990,1,1.5-2.5 hours,0.5619891779702394
4545,4546,Title 4546,Movie,1983,2023-01-04,PG-13,170.0,0.0,Comedy,Spain,German,6.3,4.2,0,1544864,24.3,1971837,42,1980,0,> 2.5 hours,0.32893023725815246
4546,4547,Title 4547,TV Show,1991,2021-07-22,PG,83.0,5.0,Horror,South Korea,Korean,9.0,4.4,0,2779072,88.8,432286,34,1990,1,1-1.5 hours,0.7720619463703525
4547,4548,Title 4548,TV Show,2008,2022-02-17,TV-14,174.0,5.0,Adventure,Germany,Korean,5.3,4.1,1,1869923,44.8,672457,17,2000,0,> 2.5 hours,0.4596892213453587
4548,4549,Title 4549,TV Show,1986,2016-12-23,TV-PG,0.0,5.0,Horror,Germany,Hindi,4.5,4.5,0,52523,21.0,525853,39,1980,1,N/A,0.09187847166579709
4549,4550,Title 4550,TV Show,1993,2019-04-12,TV-Y7,83.0,5.0,Sci-Fi,Japan,German,7.5,4.5,1,2928641,55.6,1476671,32,1990,1,1-1.5 hours,0.6616973580677348
4550,4551,Title 4551,TV Show,1991,2019-02-27,G,0.0,5.0,Mystery,Japan,Korean,4.5,4.3,1,149964,28.7,1032791,34,1990,1,N/A,0.1372946618603201
4551,4552,Title 4552,Movie,2014,2021-01-30,TV-Y7,104.0,4.0,Crime,Canada,French,6.1,5.0,0,2139393,87.6,1088984,11,2010,1,1.5-2.5 hours,0.6713098325020393
4552,4553,Title 4553,Movie,1984,2016-05-13,TV-14,88.0,8.0,Horror,Canada,Japanese,6.3,3.9,1,450846,31.6,1410935,41,1980,0,1-1.5 hours,0.19402708597448642
4553,4554,Title 4554,Movie,1996,2020-04-21,PG-13,118.0,1.0,Crime,United Kingdom,Japanese,7.0,4.4,1,1889520,42.8,672858,29,1990,0,1.5-2.5 hours,0.4546287794291434
4554,4555,Title 4555,Movie,2021,2017-04-20,TV-PG,118.0,0.0,Thriller,India,French,9.5,4.6,0,2827798,79.3,395387,4,2020,1,1.5-2.5 hours,0.7413708664698828
4555,4556,Title 4556,TV Show,2011,2015-06-06,TV-MA,77.0,5.0,Thriller,Canada,Japanese,5.2,3.8,0,320473,80.5,214141,14,2010,0,1-1.5 hours,0.3700710821954761
4556,4557,Title 4557,Movie,1989,2017-02-01,TV-PG,118.0,8.0,Mystery,Germany,English,6.1,3.9,0,2683192,87.6,662369,36,1980,1,1.5-2.5 hours,0.7528799068197437
4557,4558,Title 4558,TV Show,2022,2023-07-03,G,0.0,7.0,Romance,France,Japanese,4.7,4.9,1,3836457,57.3,499278,3,2020,1,N/A,0.8046701325428645
4558,4559,Title 4559,TV Show,1996,2020-02-27,TV-Y7,162.0,3.0,Horror,Canada,Spanish,7.3,3.1,1,913016,94.0,883014,29,1990,1,> 2.5 hours,0.5129527766201357
4559,4560,Title 4560,TV Show,1984,2019-02-10,TV-PG,76.0,3.0,Adventure,Spain,Japanese,8.0,3.7,0,614391,58.7,127535,41,1980,1,1-1.5 hours,0.32695890343698447
4560,4561,Title 4561,Movie,2024,2017-06-10,R,118.0,0.0,Crime,Germany,French,6.7,4.0,1,3447765,79.3,1195515,1,2020,0,1.5-2.5 hours,0.8343661722069735
4561,4562,Title 4562,TV Show,2021,2021-02-21,PG-13,0.0,5.0,Crime,Canada,Hindi,5.4,3.0,1,1476592,47.1,487859,4,2020,0,N/A,0.409889409095875
4562,4563,Title 4563,Movie,1988,2017-03-20,PG-13,118.0,2.0,Thriller,United States,Korean,7.4,4.8,0,2858591,90.6,1070716,37,1980,0,1.5-2.5 hours,0.7911898291720303
4563,4564,Title 4564,Movie,2012,2018-10-30,R,86.0,0.0,Comedy,United States,Spanish,7.0,3.6,1,376423,71.4,1379172,13,2010,0,1-1.5 hours,0.34206360527491453
4564,4565,Title 4565,TV Show,2015,2023-08-13,TV-Y,0.0,5.0,Mystery,United States,Hindi,4.9,3.5,0,1571399,25.8,1850346,10,2010,1,N/A,0.33891049820387004
4565,4566,Title 4566,TV Show,2015,2023-10-24,TV-Y,0.0,3.0,Crime,India,German,6.2,4.6,1,3409453,28.1,1396863,10,2010,1,N/A,0.6238193564032302
4566,4567,Title 4567,TV Show,1997,2019-10-26,TV-14,0.0,2.0,Thriller,Australia,Spanish,6.4,3.6,0,887435,86.8,421497,28,1990,0,N/A,0.48031561606794415
4567,4568,Title 4568,Movie,1988,2015-11-30,PG,115.0,1.0,Thriller,Spain,French,9.4,4.3,1,3202248,80.7,178660,37,1980,1,1.5-2.5 hours,0.8031385209309325
4568,4569,Title 4569,TV Show,2008,2018-01-18,TV-MA,0.0,7.0,Action,Spain,Hindi,8.7,4.6,0,2992281,44.8,1862106,17,2000,0,N/A,0.6280433843193068
4569,4570,Title 4570,Movie,1993,2022-01-02,R,173.0,8.0,Crime,Germany,Korean,8.0,4.6,1,3957978,59.1,179771,32,1990,0,> 2.5 hours,0.8300983326704148
4570,4571,Title 4571,TV Show,2004,2018-03-10,TV-14,0.0,5.0,Action,France,Korean,8.9,4.6,0,3790843,84.0,1203201,21,2000,0,N/A,0.9046280137270377
4571,4572,Title 4572,TV Show,1994,2021-01-18,TV-Y7,149.0,5.0,Adventure,Germany,Japanese,8.0,3.2,1,3149093,27.8,369585,31,1990,1,> 2.5 hours,0.5835652490044347
4572,4573,Title 4573,Movie,1985,2016-10-29,R,99.0,0.0,Adventure,United Kingdom,Hindi,9.0,3.2,0,2162258,30.4,1862594,40,1980,0,1-1.5 hours,0.4459395919338778
4573,4574,Title 4574,Movie,2021,2019-02-02,PG,118.0,5.0,Thriller,South Korea,German,4.3,3.6,0,2924789,73.7,1271659,4,2020,1,1.5-2.5 hours,0.7335195564787803
4574,4575,Title 4575,Movie,2008,2019-03-19,R,118.0,0.0,Comedy,United States,Japanese,6.5,3.1,0,741455,26.2,1830147,17,2000,0,1.5-2.5 hours,0.21601855585102858
4575,4576,Title 4576,Movie,1994,2016-01-03,PG,152.0,0.0,Comedy,France,French,8.1,4.0,0,3883511,46.4,933273,31,1990,1,> 2.5 hours,0.7681282519526929
4576,4577,Title 4577,Movie,2008,2022-10-26,PG,118.0,6.0,Action,South Korea,Hindi,7.2,3.8,1,2798374,38.9,580873,17,2000,1,1.5-2.5 hours,0.5753572543324494
4577,4578,Title 4578,Movie,1983,2018-03-13,PG,118.0,0.0,Thriller,South Korea,English,5.0,4.1,1,3267388,77.0,72063,42,1980,1,1.5-2.5 hours,0.7981095478012565
4578,4579,Title 4579,TV Show,1997,2019-09-02,PG-13,74.0,5.0,Action,South Korea,Hindi,5.9,3.6,1,1308615,20.2,685723,28,1990,0,1-1.5 hours,0.277092789805172
4579,4580,Title 4580,TV Show,2023,2017-01-02,TV-PG,114.0,8.0,Mystery,India,Hindi,5.7,4.0,1,2984802,28.7,1433746,2,2020,1,1.5-2.5 hours,0.5625215312342109
4580,4581,Title 4581,Movie,2018,2017-02-23,PG-13,118.0,4.0,Action,Canada,French,5.4,3.7,0,620151,27.4,1320016,7,2010,0,1.5-2.5 hours,0.20262290581299097
4581,4582,Title 4582,TV Show,1995,2020-05-10,TV-14,145.0,6.0,Romance,South Korea,Korean,5.9,3.4,0,3441284,43.9,868212,30,1990,0,> 2.5 hours,0.6917940195335537
4582,4583,Title 4583,Movie,1990,2017-07-14,PG-13,118.0,0.0,Crime,Canada,Japanese,6.8,4.3,1,3294278,37.4,1395767,35,1990,0,1.5-2.5 hours,0.6437430588934119
4583,4584,Title 4584,TV Show,1993,2020-04-28,PG-13,0.0,5.0,Adventure,Japan,German,8.7,4.3,1,268316,37.1,1360640,32,1990,0,N/A,0.18864751068065438
4584,4585,Title 4585,TV Show,1982,2015-08-03,TV-Y7,102.0,5.0,Drama,United States,Japanese,8.1,4.7,1,3006707,47.8,1142736,43,1980,1,1.5-2.5 hours,0.6422072902700483
4585,4586,Title 4586,Movie,2021,2018-06-16,R,118.0,1.0,Thriller,South Korea,Hindi,8.6,4.7,0,2871186,36.1,777436,4,2020,0,1.5-2.5 hours,0.575079084367482
4586,4587,Title 4587,Movie,2017,2020-11-13,PG-13,118.0,1.0,Comedy,Spain,Spanish,8.9,4.4,0,1475749,28.0,1788533,8,2010,0,1.5-2.5 hours,0.3333629587481366
4587,4588,Title 4588,Movie,2024,2023-10-05,PG,118.0,0.0,Horror,Canada,Korean,6.3,4.4,0,3685544,63.7,823774,1,2020,1,1.5-2.5 hours,0.8076331202910808
4588,4589,Title 4589,TV Show,2021,2021-07-05,R,136.0,5.0,Crime,Spain,Korean,5.9,3.1,0,883427,91.4,1004589,4,2020,0,1.5-2.5 hours,0.49811441441463966
4589,4590,Title 4590,Movie,1997,2023-10-01,TV-Y,61.0,6.0,Drama,Spain,Hindi,4.3,3.2,1,1355499,65.5,381927,28,1990,1,1-1.5 hours,0.46532540914487514
4590,4591,Title 4591,TV Show,1999,2016-03-07,TV-Y7,0.0,7.0,Romance,Australia,French,9.1,4.6,0,3420680,76.8,793815,26,1990,1,N/A,0.8203034110343803
4591,4592,Title 4592,Movie,2004,2023-04-07,TV-PG,118.0,3.0,Horror,South Korea,Spanish,4.4,3.5,1,314578,92.9,525010,21,2000,1,1.5-2.5 hours,0.4187868297637819
4592,4593,Title 4593,TV Show,2017,2016-05-15,TV-Y7,124.0,5.0,Comedy,Japan,Hindi,8.1,3.7,1,2294715,31.5,1616606,8,2010,1,1.5-2.5 hours,0.47020819657254054
4593,4594,Title 4594,TV Show,1992,2015-03-25,PG,0.0,7.0,Romance,France,Spanish,6.1,3.3,1,3956212,54.5,1261555,33,1990,1,N/A,0.8114334319419378
4594,4595,Title 4595,Movie,1983,2021-01-06,R,118.0,0.0,Comedy,Spain,Korean,9.2,3.4,1,3970504,63.6,825146,42,1980,0,1.5-2.5 hours,0.849977237837404
4595,4596,Title 4596,TV Show,1993,2023-06-07,TV-PG,0.0,5.0,Comedy,United States,Spanish,6.3,4.6,0,726837,44.2,503748,32,1990,1,N/A,0.285825849821087
4596,4597,Title 4597,TV Show,2012,2022-03-22,TV-MA,139.0,8.0,Thriller,United Kingdom,Japanese,8.5,3.5,1,1095075,66.0,78094,13,2010,0,1.5-2.5 hours,0.4282617017196797
4597,4598,Title 4598,Movie,2007,2018-11-28,G,161.0,0.0,Horror,Spain,Hindi,5.6,3.9,0,2193533,66.8,1331421,18,2000,1,> 2.5 hours,0.5962308548348507
4598,4599,Title 4599,TV Show,2016,2017-10-11,TV-Y7,131.0,4.0,Mystery,United States,English,5.6,3.3,1,502356,83.2,1675309,9,2010,1,1.5-2.5 hours,0.4081536072224199
4599,4600,Title 4600,Movie,1987,2018-10-19,TV-PG,118.0,5.0,Action,Germany,English,7.3,4.4,0,1333178,82.4,1911864,38,1980,1,1.5-2.5 hours,0.5295772499374374
4600,4601,Title 4601,Movie,2023,2023-07-08,TV-14,118.0,0.0,Action,United States,Spanish,9.5,4.5,1,254410,30.7,855355,2,2020,0,1.5-2.5 hours,0.1609616049444136
4601,4602,Title 4602,Movie,2013,2021-05-03,TV-PG,70.0,5.0,Crime,India,French,6.8,3.7,0,3339672,32.7,361268,12,2010,1,1-1.5 hours,0.6317521776184885
4602,4603,Title 4603,Movie,2023,2020-04-28,G,118.0,7.0,Comedy,France,Hindi,9.1,4.6,0,3271980,36.7,1183364,2,2020,1,1.5-2.5 hours,0.6375983496954617
4603,4604,Title 4604,TV Show,1984,2022-01-10,PG,77.0,7.0,Crime,Germany,German,8.3,3.5,1,2854048,39.6,364040,41,1980,1,1-1.5 hours,0.5865083772980375
4604,4605,Title 4605,TV Show,1984,2022-02-06,R,97.0,7.0,Horror,Australia,English,8.4,4.4,1,471323,62.3,532117,41,1980,0,1-1.5 hours,0.31989864442127214
4605,4606,Title 4606,TV Show,2010,2020-12-27,TV-MA,0.0,5.0,Comedy,United States,Korean,6.4,4.5,1,1502344,44.6,1344354,15,2010,0,N/A,0.4037522197186042
4606,4607,Title 4607,Movie,2024,2017-10-25,TV-14,65.0,0.0,Comedy,United States,Japanese,6.1,4.9,1,2422761,91.5,1306251,1,2020,0,1-1.5 hours,0.7294151493916609
4607,4608,Title 4608,TV Show,1988,2015-04-22,TV-PG,0.0,5.0,Drama,Canada,Hindi,5.1,3.5,1,1366640,28.9,1823412,37,1980,1,N/A,0.3205965637405503
4608,4609,Title 4609,TV Show,2021,2019-08-24,PG-13,120.0,2.0,Adventure,Japan,Hindi,9.3,3.2,0,2057648,38.5,985104,4,2020,0,1.5-2.5 hours,0.46264804878213417
4609,4610,Title 4610,Movie,2011,2021-05-12,PG,130.0,0.0,Action,France,Japanese,9.3,3.5,1,2595443,85.1,1321960,14,2010,1,1.5-2.5 hours,0.7297175206231817
4610,4611,Title 4611,Movie,2012,2015-07-11,TV-Y7,118.0,6.0,Horror,India,English,8.1,3.2,1,3070124,63.8,323865,13,2010,1,1.5-2.5 hours,0.7157198664296327
4611,4612,Title 4612,TV Show,1982,2019-01-15,TV-Y7,0.0,7.0,Romance,Spain,Japanese,5.6,3.3,1,3145317,61.1,379389,43,1980,1,N/A,0.7161988474468305
4612,4613,Title 4613,Movie,2009,2017-04-26,G,76.0,0.0,Romance,India,Japanese,5.3,3.7,1,653901,64.6,779049,16,2000,1,1-1.5 hours,0.3564854197349042
4613,4614,Title 4614,Movie,1991,2023-03-27,PG,118.0,8.0,Mystery,Australia,German,9.4,3.8,1,2436513,38.9,1324042,34,1990,1,1.5-2.5 hours,0.5210779550643765
4614,4615,Title 4615,Movie,2008,2020-07-14,TV-14,118.0,1.0,Sci-Fi,South Korea,Japanese,4.4,4.8,1,3498336,77.1,381926,17,2000,0,1.5-2.5 hours,0.8331518430675684
4615,4616,Title 4616,Movie,1982,2023-06-17,TV-Y,98.0,2.0,Horror,South Korea,Korean,8.6,3.4,1,879739,57.2,211360,43,1980,1,1-1.5 hours,0.3607612128933355
4616,4617,Title 4617,TV Show,2005,2018-06-01,TV-MA,65.0,7.0,Sci-Fi,India,German,6.0,4.9,1,1166851,23.2,1245263,20,2000,0,1-1.5 hours,0.26782813132736116
4617,4618,Title 4618,Movie,2009,2016-10-30,TV-14,104.0,0.0,Drama,Australia,Korean,6.3,4.6,1,1283623,33.3,1690093,16,2000,0,1.5-2.5 hours,0.3257439794959436
4618,4619,Title 4619,Movie,1988,2018-05-29,TV-MA,140.0,5.0,Romance,Spain,English,8.6,4.8,1,2619749,81.2,721066,37,1980,0,1.5-2.5 hours,0.7177634306494343
4619,4620,Title 4620,Movie,2005,2019-01-16,R,118.0,0.0,Horror,Germany,Hindi,4.5,4.9,0,2798651,45.9,1712346,20,2000,0,1.5-2.5 hours,0.6033988044467122
4620,4621,Title 4621,Movie,1981,2020-01-18,R,123.0,6.0,Comedy,Japan,Korean,5.9,4.5,0,2086676,78.0,1778771,44,1980,0,1.5-2.5 hours,0.6250022607562171
4621,4622,Title 4622,Movie,1982,2021-11-23,PG,68.0,3.0,Adventure,Japan,Hindi,9.2,4.6,0,761552,69.8,1934625,43,1980,1,1-1.5 hours,0.3934331141410639
4622,4623,Title 4623,Movie,1983,2021-07-01,PG,118.0,2.0,Thriller,India,Spanish,7.8,3.9,1,3515426,42.6,1462370,42,1980,1,1.5-2.5 hours,0.6977153501172128
4623,4624,Title 4624,Movie,2004,2017-09-15,TV-Y7,118.0,0.0,Adventure,Japan,Spanish,8.2,4.0,0,1057901,29.5,1013747,21,2000,1,1.5-2.5 hours,0.27668558638536256
4624,4625,Title 4625,Movie,1992,2021-08-11,PG-13,67.0,4.0,Mystery,India,English,8.2,4.9,1,2944246,80.5,486395,33,1990,0,1-1.5 hours,0.763638114504815
4625,4626,Title 4626,TV Show,2018,2016-10-16,G,0.0,5.0,Romance,South Korea,English,4.3,3.8,1,956958,68.2,929917,7,2010,1,N/A,0.4163440947462606
4626,4627,Title 4627,Movie,2023,2023-11-06,PG-13,118.0,0.0,Crime,United States,French,5.1,3.1,1,3925309,42.6,1990849,2,2020,0,1.5-2.5 hours,0.7591979691944153
4627,4628,Title 4628,TV Show,2014,2018-05-16,TV-14,0.0,2.0,Crime,Germany,English,6.7,4.5,0,3606345,59.2,1978985,11,2010,0,N/A,0.7777532376214035
4628,4629,Title 4629,Movie,2002,2016-08-12,TV-Y7,118.0,2.0,Thriller,Japan,Spanish,6.0,4.1,0,3068146,65.9,1724624,23,2000,1,1.5-2.5 hours,0.7238231656137054
4629,4630,Title 4630,Movie,1988,2016-01-30,TV-MA,118.0,5.0,Romance,United Kingdom,Korean,6.3,4.6,1,3837588,20.2,798986,37,1980,0,1.5-2.5 hours,0.6564397830094032
4630,4631,Title 4631,Movie,1981,2021-06-21,TV-Y,113.0,0.0,Horror,South Korea,Japanese,8.3,3.2,1,3133006,70.3,1623075,44,1980,1,1.5-2.5 hours,0.7511521923685289
4631,4632,Title 4632,Movie,2020,2022-11-12,TV-PG,172.0,0.0,Comedy,Australia,Japanese,4.1,4.2,1,486165,69.2,1045896,5,2020,1,> 2.5 hours,0.349724950543614
4632,4633,Title 4633,TV Show,2023,2018-12-15,R,0.0,4.0,Mystery,United Kingdom,Japanese,7.6,3.5,1,1604776,26.2,495437,2,2020,0,N/A,0.3455170619719204
4633,4634,Title 4634,Movie,2010,2023-05-24,PG-13,118.0,0.0,Crime,Canada,German,4.0,4.8,1,1353050,79.1,734298,15,2010,0,1.5-2.5 hours,0.5193580581346599
4634,4635,Title 4635,Movie,2023,2017-04-30,G,118.0,0.0,Thriller,Japan,Japanese,4.3,3.2,0,1988226,81.9,817098,2,2020,1,1.5-2.5 hours,0.6258347201454805
4635,4636,Title 4636,TV Show,1981,2021-05-22,TV-Y,0.0,3.0,Adventure,India,English,6.2,4.7,1,2092174,41.8,703784,44,1980,1,N/A,0.4810269630241483
4636,4637,Title 4637,TV Show,2011,2023-02-12,TV-Y,0.0,3.0,Comedy,Japan,Japanese,8.6,3.2,1,784549,32.2,885387,14,2010,1,N/A,0.24648267362735246
4637,4638,Title 4638,Movie,1997,2021-04-15,R,118.0,3.0,Crime,Spain,German,4.8,3.1,0,1994954,71.5,44296,28,1990,0,1.5-2.5 hours,0.585243922920788
4638,4639,Title 4639,TV Show,1992,2022-11-28,PG,103.0,5.0,Adventure,Spain,German,7.1,3.5,1,207304,29.3,305762,33,1990,1,1.5-2.5 hours,0.14829568551313516
4639,4640,Title 4640,TV Show,1984,2018-06-19,TV-Y,0.0,8.0,Horror,France,Spanish,7.7,3.7,1,3187259,84.4,336239,41,1980,1,N/A,0.8156901647479531
4640,4641,Title 4641,TV Show,2021,2017-06-02,TV-14,71.0,5.0,Adventure,Germany,French,5.3,4.3,0,273926,56.0,810064,4,2020,0,1-1.5 hours,0.26508901299478577
4641,4642,Title 4642,Movie,2023,2021-05-23,TV-14,170.0,1.0,Comedy,Spain,Korean,6.8,3.3,1,2786717,88.2,1498064,2,2020,0,> 2.5 hours,0.7708086995239236
4642,4643,Title 4643,Movie,1989,2015-03-23,PG,134.0,0.0,Adventure,United States,Spanish,9.0,3.9,1,2844106,68.2,1052685,36,1980,1,1.5-2.5 hours,0.6994170731969513
4643,4644,Title 4644,Movie,2022,2016-06-19,TV-MA,74.0,0.0,Horror,India,English,6.8,3.4,1,1454872,41.4,145746,3,2020,0,1-1.5 hours,0.38383140013635036
4644,4645,Title 4645,TV Show,2004,2022-12-10,TV-Y7,118.0,4.0,Mystery,Japan,Spanish,4.9,4.7,0,2275939,55.1,1488969,21,2000,1,1.5-2.5 hours,0.5617917888274193
4645,4646,Title 4646,Movie,2013,2022-12-21,PG,118.0,0.0,Comedy,Germany,Spanish,7.5,3.1,0,140319,59.7,1185079,12,2010,1,1.5-2.5 hours,0.25984790788174666
4646,4647,Title 4647,TV Show,2016,2021-07-15,TV-14,0.0,5.0,Mystery,Germany,Spanish,7.3,3.7,0,3345417,81.1,750575,9,2010,0,N/A,0.8262139299883074
4647,4648,Title 4648,Movie,2009,2015-03-27,TV-Y,169.0,2.0,Thriller,Canada,English,4.1,4.3,0,993056,84.6,1734846,16,2000,1,> 2.5 hours,0.4873588096367265
4648,4649,Title 4649,Movie,1986,2020-10-03,TV-14,80.0,0.0,Romance,United Kingdom,English,4.5,4.8,0,863072,71.2,1756275,39,1980,0,1-1.5 hours,0.4142611560181791
4649,4650,Title 4650,TV Show,1985,2015-02-08,TV-PG,172.0,3.0,Adventure,France,Spanish,4.9,4.7,1,1509489,42.1,1332410,40,1980,1,> 2.5 hours,0.39482397266592484
4650,4651,Title 4651,Movie,1982,2017-03-14,TV-Y7,118.0,0.0,Drama,Japan,Spanish,4.7,4.8,1,271161,59.6,585709,43,1980,1,1.5-2.5 hours,0.27907426185422013
4651,4652,Title 4652,TV Show,1992,2021-06-25,G,0.0,5.0,Mystery,France,German,5.4,3.1,1,324685,29.8,17270,33,1990,1,N/A,0.16790288393293082
4652,4653,Title 4653,TV Show,1982,2023-06-12,TV-PG,150.0,5.0,Horror,Germany,Korean,6.5,4.7,1,2164506,37.3,548941,43,1980,1,> 2.5 hours,0.47387679286118034
4653,4654,Title 4654,Movie,2005,2023-11-23,TV-MA,136.0,0.0,Crime,Spain,German,6.0,4.6,0,480690,42.7,160263,20,2000,0,1.5-2.5 hours,0.24290369828517033
4654,4655,Title 4655,TV Show,2003,2020-03-30,R,0.0,8.0,Mystery,South Korea,French,8.9,4.8,1,3562765,25.5,433585,22,2000,0,N/A,0.636416219644604
4655,4656,Title 4656,Movie,1985,2020-03-31,TV-PG,160.0,5.0,Crime,France,Korean,7.4,3.6,1,3244785,86.4,1314327,40,1980,1,> 2.5 hours,0.8323190884774934
4656,4657,Title 4657,Movie,2022,2019-08-19,TV-MA,101.0,6.0,Adventure,United States,French,8.8,4.8,1,3030835,29.2,570664,3,2020,0,1.5-2.5 hours,0.5714265002228756
4657,4658,Title 4658,TV Show,2021,2017-03-10,TV-MA,169.0,3.0,Thriller,South Korea,Korean,6.9,3.8,0,354583,72.3,722345,4,2020,0,> 2.5 hours,0.34238759626588977
4658,4659,Title 4659,Movie,1991,2018-06-04,G,118.0,0.0,Action,India,Spanish,4.5,4.3,1,2680802,57.9,826346,34,1990,1,1.5-2.5 hours,0.633721405833866
4659,4660,Title 4660,TV Show,2015,2018-04-23,R,0.0,5.0,Comedy,South Korea,German,6.5,3.8,0,2160323,82.4,1164485,10,2010,0,N/A,0.6536493411356882
4660,4661,Title 4661,Movie,1981,2021-06-08,PG-13,118.0,4.0,Crime,United States,Korean,8.5,3.9,1,2740161,75.6,151266,44,1980,0,1.5-2.5 hours,0.7134252803195209
4661,4662,Title 4662,Movie,1990,2022-06-08,PG,99.0,0.0,Crime,United Kingdom,French,5.1,4.1,1,2088880,77.0,1343974,35,1990,1,1-1.5 hours,0.6213328616653697
4662,4663,Title 4663,Movie,2018,2019-11-25,TV-Y,118.0,0.0,Comedy,Japan,Korean,4.5,3.7,0,688333,51.4,1147832,7,2010,1,1.5-2.5 hours,0.3088502339381433
4663,4664,Title 4664,Movie,2013,2023-08-29,PG-13,74.0,0.0,Action,France,English,5.8,4.6,0,600263,82.5,720223,12,2010,0,1-1.5 hours,0.4200396976091684
4664,4665,Title 4665,Movie,2005,2015-10-20,PG,172.0,0.0,Adventure,Spain,Korean,6.1,4.3,1,2662182,27.1,1109847,20,2000,1,> 2.5 hours,0.5077283981530949
4665,4666,Title 4666,TV Show,1997,2023-03-16,PG,63.0,6.0,Horror,United Kingdom,Japanese,5.7,4.4,1,1946953,53.3,990542,28,1990,1,1-1.5 hours,0.505243753120321
4666,4667,Title 4667,TV Show,2000,2017-02-06,TV-Y,0.0,5.0,Romance,United States,Spanish,4.7,3.5,1,2666641,94.6,1243885,25,2000,1,N/A,0.7783972499924375
4667,4668,Title 4668,TV Show,2015,2018-11-03,R,135.0,5.0,Crime,United Kingdom,Hindi,5.4,4.9,0,2919575,91.1,772311,10,2010,0,1.5-2.5 hours,0.8023374543279994
4668,4669,Title 4669,TV Show,2019,2018-08-25,TV-MA,0.0,7.0,Action,France,English,7.8,4.3,0,627884,26.2,1774426,6,2010,0,N/A,0.19898285900286228
4669,4670,Title 4670,TV Show,2023,2017-05-16,PG,0.0,5.0,Action,United Kingdom,Hindi,6.1,3.4,0,2228217,63.0,1711126,2,2020,1,N/A,0.5862334691420401
4670,4671,Title 4671,TV Show,2001,2019-06-02,TV-MA,67.0,8.0,Thriller,India,Spanish,7.5,4.5,1,1137794,43.7,1071473,24,2000,0,1-1.5 hours,0.3454695693413157
4671,4672,Title 4672,Movie,2009,2023-05-01,G,90.0,0.0,Crime,Canada,Japanese,6.9,3.3,0,3212310,74.6,852324,16,2000,1,1-1.5 hours,0.780247825081519
4672,4673,Title 4673,Movie,2022,2022-03-11,TV-PG,118.0,2.0,Mystery,France,Hindi,7.0,3.1,0,1986560,75.2,1875521,3,2020,1,1.5-2.5 hours,0.5987848194582535
4673,4674,Title 4674,TV Show,2009,2015-07-04,TV-MA,122.0,2.0,Adventure,Japan,Korean,5.4,4.1,1,2148299,20.0,1092282,16,2000,0,1.5-2.5 hours,0.40224573617577447
4674,4675,Title 4675,TV Show,1987,2023-04-03,R,0.0,5.0,Horror,South Korea,Hindi,6.9,4.1,1,235500,83.4,1286793,38,1980,0,N/A,0.3689250971440172
4675,4676,Title 4676,Movie,2013,2018-10-07,TV-Y,118.0,4.0,Action,France,German,4.1,3.4,1,2252206,36.8,1461668,12,2010,1,1.5-2.5 hours,0.48503182903752984
4676,4677,Title 4677,Movie,1988,2018-11-02,TV-MA,132.0,0.0,Thriller,United States,Spanish,6.4,3.7,1,1196141,92.4,758037,37,1980,0,1.5-2.5 hours,0.5490216434095194
4677,4678,Title 4678,Movie,1999,2018-06-20,TV-Y,134.0,0.0,Thriller,United Kingdom,German,7.1,4.9,1,644530,87.9,1621372,26,1990,1,1.5-2.5 hours,0.44827976586935614
4678,4679,Title 4679,TV Show,2019,2023-09-21,TV-Y7,0.0,5.0,Comedy,France,Hindi,5.0,3.6,0,2373352,34.3,1547222,6,2010,1,N/A,0.4932037790103923
4679,4680,Title 4680,TV Show,2004,2016-05-28,PG,0.0,5.0,Crime,United Kingdom,Japanese,5.4,3.3,1,3029694,67.7,1040986,21,2000,1,N/A,0.7252553497522118
4680,4681,Title 4681,TV Show,1998,2022-05-03,G,0.0,2.0,Action,Spain,German,5.2,5.0,1,3068691,42.2,1832033,27,1990,1,N/A,0.6291049158385186
4681,4682,Title 4682,Movie,1984,2017-04-15,TV-PG,118.0,5.0,Horror,Australia,English,4.4,3.6,1,3375808,27.7,388917,41,1980,1,1.5-2.5 hours,0.6171725925246294
4682,4683,Title 4683,Movie,1990,2022-04-08,R,143.0,7.0,Mystery,Japan,Hindi,5.9,4.4,1,1125434,85.6,782414,35,1990,0,> 2.5 hours,0.5112155642428017
4683,4684,Title 4684,TV Show,1994,2022-08-30,G,0.0,5.0,Drama,Germany,French,9.4,3.5,1,911885,33.6,1540495,31,1990,1,N/A,0.27118312615359697
4684,4685,Title 4685,TV Show,1987,2020-08-11,TV-PG,0.0,5.0,Drama,Australia,German,5.9,4.1,1,3614837,51.6,436123,38,1980,1,N/A,0.7486270411243631
4685,4686,Title 4686,Movie,1998,2021-01-13,G,118.0,0.0,Mystery,France,Korean,6.5,3.8,1,2373216,89.3,33799,27,1990,1,1.5-2.5 hours,0.7131833789542921
4686,4687,Title 4687,Movie,2002,2016-01-09,G,140.0,3.0,Action,United States,Hindi,7.6,4.9,1,1851033,25.7,1262245,23,2000,1,1.5-2.5 hours,0.3804557135532123
4687,4688,Title 4688,Movie,2006,2017-10-01,TV-14,118.0,4.0,Crime,Canada,Japanese,7.6,3.9,1,3134160,61.3,130578,19,2000,0,1.5-2.5 hours,0.7153252928445554
4688,4689,Title 4689,Movie,2019,2021-08-18,PG,118.0,0.0,Horror,Japan,French,9.2,4.2,0,520033,62.9,1514914,6,2010,1,1.5-2.5 hours,0.3296051645142024
4689,4690,Title 4690,TV Show,2011,2023-04-11,PG-13,0.0,7.0,Comedy,Germany,Japanese,8.7,4.9,1,3495694,77.2,1534138,14,2010,0,N/A,0.8331555419777406
4690,4691,Title 4691,Movie,2005,2019-07-30,TV-PG,153.0,5.0,Crime,Spain,English,8.4,5.0,1,2062333,82.0,62054,20,2000,1,> 2.5 hours,0.637350800714702
4691,4692,Title 4692,Movie,2006,2019-06-17,R,70.0,6.0,Romance,Canada,Korean,9.2,3.2,0,1870050,51.8,388849,19,2000,0,1-1.5 hours,0.4877082713977463
4692,4693,Title 4693,Movie,1998,2017-08-16,TV-MA,118.0,0.0,Crime,South Korea,Hindi,5.3,4.7,0,470220,75.8,93138,27,1990,0,1.5-2.5 hours,0.37373319396628346
4693,4694,Title 4694,TV Show,2021,2015-05-11,G,170.0,2.0,Crime,United Kingdom,Japanese,7.4,3.8,1,2394753,88.3,110216,4,2020,1,> 2.5 hours,0.712413937838329
4694,4695,Title 4695,TV Show,2008,2021-02-24,G,0.0,5.0,Adventure,Australia,Korean,8.9,4.2,0,3153863,86.5,1172992,17,2000,1,N/A,0.8190807509720652
4695,4696,Title 4696,Movie,2018,2016-05-07,TV-PG,118.0,0.0,Action,Canada,Hindi,7.4,3.8,1,3233359,57.6,1950100,7,2010,1,1.5-2.5 hours,0.7154051837642553
4696,4697,Title 4697,Movie,2020,2021-10-04,TV-Y7,118.0,0.0,Comedy,United Kingdom,Hindi,9.4,3.8,0,719791,65.5,129324,5,2020,1,1.5-2.5 hours,0.369968946914604
4697,4698,Title 4698,Movie,2012,2020-02-01,PG-13,118.0,0.0,Adventure,Germany,Spanish,4.6,3.3,1,3332974,70.5,1283441,13,2010,0,1.5-2.5 hours,0.7819474748555558
4698,4699,Title 4699,TV Show,1998,2023-10-31,G,0.0,5.0,Action,Spain,German,6.4,4.1,1,2231216,81.4,1188475,27,1990,1,N/A,0.6602833203791311
4699,4700,Title 4700,TV Show,2016,2017-10-16,TV-14,112.0,5.0,Sci-Fi,Germany,Hindi,9.4,4.1,1,2042149,58.1,42732,9,2010,0,1.5-2.5 hours,0.5387231923887791
4700,4701,Title 4701,TV Show,1998,2020-09-05,TV-Y,0.0,2.0,Comedy,Spain,English,6.1,3.4,0,3556880,28.4,1461436,27,1990,1,N/A,0.6471334672170349
4701,4702,Title 4702,Movie,2012,2019-09-15,TV-14,66.0,0.0,Action,Spain,French,8.1,4.1,0,1960504,48.9,208325,13,2010,0,1-1.5 hours,0.4896764087101239
4702,4703,Title 4703,TV Show,1995,2017-07-20,PG-13,0.0,5.0,Drama,India,German,4.2,4.9,0,149373,74.0,1486759,30,1990,0,N/A,0.3184060116165319
4703,4704,Title 4704,Movie,2002,2017-04-03,TV-14,109.0,3.0,Adventure,India,Spanish,7.8,4.4,1,1995378,66.8,226166,23,2000,0,1.5-2.5 hours,0.5665075230956885
4704,4705,Title 4705,Movie,1986,2023-12-21,TV-Y,118.0,0.0,Sci-Fi,Japan,German,9.1,4.0,0,3222587,76.5,1715364,39,1980,1,1.5-2.5 hours,0.7893893793207931
4705,4706,Title 4706,Movie,2005,2023-06-06,TV-MA,105.0,0.0,Comedy,India,German,6.1,4.8,1,3891584,57.5,1518639,20,2000,0,1.5-2.5 hours,0.8137392052828145
4706,4707,Title 4707,TV Show,2011,2015-06-26,PG,0.0,2.0,Romance,India,Hindi,4.1,4.2,1,2628768,33.1,1280506,14,2010,1,N/A,0.526716284369782
4707,4708,Title 4708,Movie,1991,2022-11-03,TV-MA,118.0,4.0,Horror,United Kingdom,English,4.2,3.3,0,3448305,28.6,311188,34,1990,0,1.5-2.5 hours,0.6316471724297242
4708,4709,Title 4709,TV Show,1987,2022-02-24,PG,0.0,4.0,Romance,France,Hindi,8.9,4.1,0,3398764,56.1,1262753,38,1980,1,N/A,0.7342160019940055
4709,4710,Title 4710,TV Show,1984,2022-02-24,TV-Y7,131.0,5.0,Drama,Australia,Japanese,8.0,3.4,0,1874901,35.4,184821,41,1980,1,1.5-2.5 hours,0.42283592339878934
4710,4711,Title 4711,Movie,2021,2018-12-04,TV-Y7,118.0,0.0,Drama,Australia,English,4.6,4.5,1,2221648,93.7,1192754,4,2020,1,1.5-2.5 hours,0.7080481164323202
4711,4712,Title 4712,Movie,2007,2022-07-02,TV-Y7,128.0,6.0,Mystery,South Korea,Japanese,4.3,4.9,0,2981382,34.9,139615,18,2000,1,1.5-2.5 hours,0.586808529823457
4712,4713,Title 4713,TV Show,1984,2021-10-12,TV-14,0.0,2.0,Mystery,United States,English,8.4,3.7,0,2981226,62.5,1403393,41,1980,0,N/A,0.6971851297591068
4713,4714,Title 4714,Movie,2005,2022-11-16,TV-Y7,118.0,0.0,Romance,Spain,Korean,8.5,3.9,0,1929691,20.1,565351,20,2000,1,1.5-2.5 hours,0.3698544459997265
4714,4715,Title 4715,TV Show,1984,2016-07-10,PG,0.0,5.0,Adventure,Germany,Hindi,4.7,3.8,1,1631315,39.0,1468659,41,1980,1,N/A,0.4006979229192881
4715,4716,Title 4716,Movie,2001,2019-04-06,TV-MA,75.0,1.0,Crime,United Kingdom,Japanese,5.7,3.6,1,3415366,39.4,738708,24,2000,0,1-1.5 hours,0.6699063088423493
4716,4717,Title 4717,TV Show,1994,2022-07-29,TV-PG,135.0,8.0,Action,Spain,Spanish,8.3,4.6,1,3169695,75.3,267544,31,1990,1,1.5-2.5 hours,0.7766555575027831
4717,4718,Title 4718,TV Show,1992,2022-04-15,G,0.0,5.0,Horror,United States,French,6.9,4.2,0,2340867,57.2,714899,33,1990,1,N/A,0.5799310156102929
4718,4719,Title 4719,TV Show,2007,2015-09-03,PG,0.0,7.0,Sci-Fi,India,German,9.3,3.1,0,2723535,20.9,790028,18,2000,1,N/A,0.492131373461277
4719,4720,Title 4720,TV Show,2012,2018-10-02,TV-MA,0.0,5.0,Horror,South Korea,Korean,6.6,4.7,0,2195546,48.4,1657136,13,2010,0,N/A,0.5229328056652156
4720,4721,Title 4721,Movie,2022,2022-03-11,TV-MA,118.0,5.0,Drama,India,Japanese,7.7,3.4,1,2369923,68.4,766570,3,2020,0,1.5-2.5 hours,0.6290894275959259
4721,4722,Title 4722,Movie,2002,2016-06-26,G,142.0,7.0,Mystery,Spain,Spanish,6.8,5.0,0,1064781,67.8,1061541,23,2000,1,> 2.5 hours,0.43091758922337037
4722,4723,Title 4723,TV Show,2012,2020-10-03,TV-PG,164.0,5.0,Crime,South Korea,French,9.2,3.8,1,3154851,24.0,733642,13,2010,1,> 2.5 hours,0.5692289513796163
4723,4724,Title 4724,TV Show,2022,2020-04-01,TV-MA,0.0,5.0,Thriller,United States,French,6.2,4.2,0,3675369,89.7,1491738,3,2020,0,N/A,0.9101068660938817
4724,4725,Title 4725,Movie,1997,2017-01-15,TV-Y,122.0,5.0,Comedy,Germany,Hindi,5.3,3.2,1,2920761,38.5,1636692,28,1990,1,1.5-2.5 hours,0.5921153548172258
4725,4726,Title 4726,Movie,2009,2022-06-02,R,140.0,0.0,Thriller,Germany,English,5.8,3.7,0,2694295,86.9,650137,16,2000,0,1.5-2.5 hours,0.7517453613997439
4726,4727,Title 4727,Movie,2005,2019-03-07,PG,83.0,0.0,Thriller,Japan,Japanese,8.7,4.6,1,2128657,36.0,1144722,20,2000,1,1-1.5 hours,0.46329942807342717
4727,4728,Title 4728,Movie,1995,2023-03-11,TV-14,118.0,6.0,Adventure,Canada,Hindi,6.7,4.0,1,944567,62.6,1811614,30,1990,0,1.5-2.5 hours,0.392085439634959
4728,4729,Title 4729,Movie,1992,2019-04-10,TV-Y7,118.0,0.0,Adventure,Canada,French,5.9,4.8,1,1313961,50.5,234506,33,1990,1,1.5-2.5 hours,0.39909469201040304
4729,4730,Title 4730,Movie,2018,2017-03-19,TV-14,153.0,4.0,Mystery,Germany,Hindi,7.0,4.2,1,1093354,63.6,200074,7,2010,0,> 2.5 hours,0.41840355100976534
4730,4731,Title 4731,TV Show,2012,2015-12-17,PG-13,0.0,5.0,Thriller,Canada,Korean,4.7,4.9,1,2694064,57.3,456829,13,2010,0,N/A,0.633310711304456
4731,4732,Title 4732,Movie,2005,2016-07-25,TV-Y,126.0,0.0,Sci-Fi,Australia,Japanese,4.0,5.0,1,1609164,20.2,551092,20,2000,1,1.5-2.5 hours,0.32217526378197536
4732,4733,Title 4733,Movie,1980,2016-05-29,TV-14,118.0,1.0,Drama,France,Spanish,5.5,3.9,0,2558982,46.3,1423543,45,1980,0,1.5-2.5 hours,0.5690483555829778
4733,4734,Title 4734,TV Show,2017,2015-09-20,G,169.0,2.0,Thriller,United States,French,7.3,4.1,0,946326,20.8,790048,8,2010,1,> 2.5 hours,0.22514929036054848
4734,4735,Title 4735,Movie,1981,2017-07-31,R,134.0,5.0,Crime,France,Japanese,7.9,4.7,1,2994565,71.3,202403,44,1980,0,1.5-2.5 hours,0.7343859852614595
4735,4736,Title 4736,Movie,1985,2020-10-29,TV-PG,116.0,0.0,Comedy,Canada,Korean,8.5,3.4,1,501373,84.0,1867266,40,1980,1,1.5-2.5 hours,0.4112061568169313
4736,4737,Title 4737,Movie,2017,2019-03-29,G,114.0,5.0,Action,India,Spanish,9.1,4.7,1,3084787,48.9,796307,8,2010,1,1.5-2.5 hours,0.6583193224781367
4737,4738,Title 4738,Movie,2021,2021-02-20,TV-Y,118.0,0.0,Mystery,Japan,Korean,6.3,4.2,1,3917519,59.4,235249,4,2020,1,1.5-2.5 hours,0.8252294659810314
4738,4739,Title 4739,Movie,2003,2021-06-15,TV-Y,118.0,0.0,Mystery,Canada,German,8.1,4.5,1,2713060,24.9,169838,22,2000,1,1.5-2.5 hours,0.5065601191403276
4739,4740,Title 4740,TV Show,1997,2016-06-30,R,0.0,5.0,Romance,United Kingdom,English,4.4,3.2,0,2004736,48.9,912305,28,1990,0,N/A,0.49631122695587415
4740,4741,Title 4741,Movie,2006,2022-08-13,TV-MA,118.0,0.0,Crime,Spain,English,4.3,4.5,1,1109617,30.4,1407570,19,2000,0,1.5-2.5 hours,0.28804300771827124
4741,4742,Title 4742,TV Show,2020,2021-05-27,TV-14,0.0,7.0,Adventure,South Korea,English,4.7,3.6,1,2485449,24.9,847403,5,2020,0,N/A,0.47241837525053193
4742,4743,Title 4743,TV Show,1987,2023-03-01,TV-Y7,134.0,8.0,Drama,India,German,6.5,4.6,1,1689510,32.9,1434744,38,1980,1,1.5-2.5 hours,0.38502719692479154
4743,4744,Title 4744,Movie,2007,2023-04-15,TV-Y7,103.0,2.0,Sci-Fi,Spain,French,5.2,4.0,0,954865,85.3,476148,18,2000,1,1.5-2.5 hours,0.4844301438828957
4744,4745,Title 4745,TV Show,1989,2023-06-16,TV-14,0.0,1.0,Crime,Australia,French,5.6,3.5,1,2055671,93.7,498563,36,1980,0,N/A,0.6831514979666194
4745,4746,Title 4746,Movie,1996,2020-06-29,R,70.0,0.0,Horror,Japan,German,7.6,4.9,0,3401686,85.9,909292,29,1990,0,1-1.5 hours,0.853854303199334
4746,4747,Title 4747,TV Show,2008,2015-07-13,TV-MA,0.0,3.0,Action,United Kingdom,English,6.0,4.5,0,1297321,92.7,530654,17,2000,0,N/A,0.5653986851463841
4747,4748,Title 4748,TV Show,1985,2015-07-26,TV-PG,0.0,5.0,Comedy,Australia,English,7.1,5.0,1,1391927,74.8,190131,40,1980,1,N/A,0.5079896241714665
4748,4749,Title 4749,Movie,1993,2023-03-09,R,118.0,3.0,Romance,Australia,Spanish,6.3,3.7,1,3995267,32.0,1108658,32,1990,0,1.5-2.5 hours,0.7272916980521696
4749,4750,Title 4750,Movie,2001,2016-05-12,TV-Y7,118.0,1.0,Crime,Australia,Spanish,4.9,4.3,1,1493632,62.2,1382840,24,2000,1,1.5-2.5 hours,0.4728454161248944
4750,4751,Title 4751,Movie,1985,2016-10-15,TV-Y,118.0,0.0,Romance,Germany,Hindi,4.4,4.2,1,2788038,74.9,332874,40,1980,1,1.5-2.5 hours,0.7178068500688377
4751,4752,Title 4752,Movie,2005,2017-12-15,TV-Y,118.0,7.0,Action,Spain,Japanese,5.3,4.4,0,209312,58.5,420953,20,2000,1,1.5-2.5 hours,0.26539688634143743
4752,4753,Title 4753,Movie,2018,2020-10-31,PG-13,70.0,7.0,Thriller,South Korea,Japanese,4.3,3.1,0,3829422,61.6,600480,7,2010,0,1-1.5 hours,0.8208148796409189
4753,4754,Title 4754,TV Show,1991,2015-01-05,PG,91.0,5.0,Romance,France,Japanese,7.4,3.6,1,83510,64.0,1245229,34,1990,1,1-1.5 hours,0.26852653444796976
4754,4755,Title 4755,TV Show,2014,2015-09-22,G,174.0,4.0,Mystery,United Kingdom,Korean,8.4,4.8,0,1888168,55.0,879557,11,2010,1,> 2.5 hours,0.5032259788714419
4755,4756,Title 4756,TV Show,1993,2023-03-26,G,172.0,5.0,Adventure,France,Spanish,5.9,3.8,1,2656372,41.8,717379,32,1990,1,> 2.5 hours,0.5656568957564634
4756,4757,Title 4757,TV Show,2001,2021-07-18,TV-Y7,0.0,5.0,Thriller,United Kingdom,Spanish,6.1,4.9,1,1660173,67.8,903383,24,2000,1,N/A,0.5202266348232457
4757,4758,Title 4758,TV Show,2002,2023-08-26,G,0.0,2.0,Crime,United States,Spanish,8.5,3.4,0,106718,24.0,539302,23,2000,1,N/A,0.11200774402129607
4758,4759,Title 4759,TV Show,1986,2017-06-25,G,0.0,1.0,Comedy,Germany,Spanish,5.2,5.0,1,3105105,32.8,522274,39,1980,1,N/A,0.5969670308593349
4759,4760,Title 4760,TV Show,2019,2021-07-24,R,146.0,5.0,Mystery,United Kingdom,German,4.7,4.4,0,1554650,89.4,1806132,6,2010,0,> 2.5 hours,0.5907981412948886
4760,4761,Title 4761,Movie,2004,2022-09-22,TV-PG,115.0,0.0,Action,Canada,Hindi,6.8,4.6,1,2956975,56.7,1093834,21,2000,1,1.5-2.5 hours,0.6703474697555418
4761,4762,Title 4762,Movie,1992,2018-07-24,TV-Y7,118.0,7.0,Thriller,Canada,Spanish,7.6,3.8,1,528941,81.6,993914,33,1990,1,1.5-2.5 hours,0.40574136818876255
4762,4763,Title 4763,TV Show,2000,2018-07-22,PG-13,0.0,5.0,Mystery,United States,French,7.3,4.8,1,1058656,74.5,807731,25,2000,0,N/A,0.4567988366968009
4763,4764,Title 4764,TV Show,2020,2021-04-01,TV-PG,110.0,5.0,Adventure,South Korea,Korean,7.9,4.1,0,2161447,44.1,931667,5,2020,1,1.5-2.5 hours,0.5006179415993395
4764,4765,Title 4765,Movie,1989,2022-09-24,PG-13,164.0,3.0,Thriller,Japan,Japanese,4.3,4.4,0,1073916,80.3,560297,36,1980,0,> 2.5 hours,0.48228784299156824
4765,4766,Title 4766,Movie,1988,2016-05-15,TV-Y7,126.0,0.0,Drama,Germany,Spanish,6.4,3.2,0,2132499,26.8,1253118,37,1980,1,1.5-2.5 hours,0.4270757296582566
4766,4767,Title 4767,Movie,1994,2021-12-31,TV-MA,118.0,4.0,Drama,Australia,German,5.3,4.3,1,1731015,85.6,481399,31,1990,0,1.5-2.5 hours,0.6020529640456511
4767,4768,Title 4768,Movie,1981,2018-03-08,TV-MA,119.0,0.0,Thriller,Spain,French,8.2,4.8,1,2980620,71.0,897928,44,1980,0,1.5-2.5 hours,0.7310942295091312
4768,4769,Title 4769,TV Show,2004,2017-02-04,G,0.0,5.0,Thriller,India,Japanese,8.8,3.4,0,1342973,89.5,783786,21,2000,1,N/A,0.559446503977886
4769,4770,Title 4770,Movie,1992,2018-04-01,TV-Y,118.0,0.0,Drama,Germany,English,5.5,4.5,1,1051234,87.2,1712604,33,1990,1,1.5-2.5 hours,0.5064855336352175
4770,4771,Title 4771,TV Show,2013,2016-07-08,R,96.0,5.0,Crime,United States,English,4.5,3.1,1,1008146,48.5,956109,12,2010,0,1-1.5 hours,0.34522231586136864
4771,4772,Title 4772,TV Show,2013,2021-08-22,G,64.0,7.0,Romance,Canada,Japanese,5.4,4.9,1,1857363,84.3,735939,12,2010,1,1-1.5 hours,0.6158052161643444
4772,4773,Title 4773,TV Show,2014,2022-10-06,PG,176.0,6.0,Comedy,Spain,Hindi,4.6,5.0,0,2993256,62.2,1377595,11,2010,1,> 2.5 hours,0.6977896347214955
4773,4774,Title 4774,Movie,2017,2023-11-10,TV-MA,60.0,0.0,Mystery,United Kingdom,English,5.8,3.7,1,2518808,31.8,1114353,8,2010,0,1-1.5 hours,0.5050222390111573
4774,4775,Title 4775,Movie,1982,2019-08-10,G,173.0,5.0,Mystery,South Korea,Spanish,7.0,3.2,0,2620772,82.2,1204272,43,1980,1,> 2.5 hours,0.7219168810714229
4775,4776,Title 4776,TV Show,2021,2017-04-19,TV-Y,97.0,5.0,Action,South Korea,Japanese,9.4,4.3,1,3942694,88.1,1162877,4,2020,1,1-1.5 hours,0.9438057263657476
4776,4777,Title 4777,TV Show,1985,2016-06-04,PG-13,69.0,5.0,Comedy,Japan,German,6.2,3.1,0,1769533,26.3,1277801,40,1980,0,1-1.5 hours,0.3706306799343698
4777,4778,Title 4778,TV Show,1998,2016-03-08,PG-13,0.0,8.0,Sci-Fi,Japan,Hindi,5.2,4.0,1,468396,89.8,770019,27,1990,0,N/A,0.4294595932138814
4778,4779,Title 4779,Movie,1982,2015-10-05,TV-14,171.0,0.0,Drama,Germany,French,4.9,3.5,1,2254125,65.1,321870,43,1980,0,> 2.5 hours,0.5985196798291195
4779,4780,Title 4780,TV Show,1997,2020-10-11,R,0.0,5.0,Sci-Fi,India,Spanish,5.0,3.9,1,3128232,21.9,1149783,28,1990,0,N/A,0.5568360903992485
4780,4781,Title 4781,Movie,2018,2023-02-24,PG-13,118.0,0.0,Adventure,United States,English,5.1,3.0,1,2891712,60.6,1897055,7,2010,0,1.5-2.5 hours,0.6761579928344803
4781,4782,Title 4782,TV Show,1988,2019-10-20,TV-14,131.0,3.0,Comedy,Spain,Korean,8.2,3.1,0,3168812,79.8,1814228,37,1980,0,1.5-2.5 hours,0.7945231071385446
4782,4783,Title 4783,TV Show,1991,2022-01-08,TV-MA,0.0,2.0,Horror,Canada,Spanish,4.3,3.0,1,3233201,60.0,1689649,34,1990,0,N/A,0.7249814836990801
4783,4784,Title 4784,TV Show,1984,2020-11-28,PG-13,0.0,5.0,Action,United States,Korean,9.5,4.2,1,2933725,73.0,982826,41,1980,0,N/A,0.7320599601648905
4784,4785,Title 4785,Movie,1982,2020-11-25,G,118.0,0.0,Thriller,United States,French,6.9,4.1,0,1867237,86.0,389299,43,1980,1,1.5-2.5 hours,0.6240863202373806
4785,4786,Title 4786,Movie,1990,2021-03-24,TV-Y,118.0,0.0,Adventure,France,Korean,7.0,3.5,1,3724671,85.2,959123,35,1990,1,1.5-2.5 hours,0.8995021864310127
4786,4787,Title 4787,TV Show,2009,2015-02-16,PG,0.0,8.0,Romance,France,French,6.0,4.3,1,2853762,33.4,1023097,16,2000,1,N/A,0.5616654771800622
4787,4788,Title 4788,Movie,1983,2019-07-05,PG-13,92.0,0.0,Horror,United Kingdom,Hindi,7.8,4.8,1,2112543,52.0,339268,42,1980,0,1-1.5 hours,0.5248823214263839
4788,4789,Title 4789,TV Show,1984,2015-06-30,PG,98.0,5.0,Comedy,India,German,6.6,3.6,1,1469786,28.3,327169,41,1980,1,1-1.5 hours,0.3336685062883923
4789,4790,Title 4790,Movie,1980,2020-02-13,PG,120.0,0.0,Comedy,United Kingdom,English,5.8,4.7,0,2996555,64.6,691414,45,1980,1,1.5-2.5 hours,0.7078844860823367
4790,4791,Title 4791,Movie,2006,2015-07-29,PG,118.0,4.0,Sci-Fi,Spain,English,5.5,4.3,1,668426,91.6,919923,19,2000,1,1.5-2.5 hours,0.4666641757264832
4791,4792,Title 4792,Movie,2007,2017-11-24,TV-PG,118.0,0.0,Crime,Canada,Spanish,9.1,3.1,1,1267805,33.6,1304807,18,2000,1,1.5-2.5 hours,0.3245712729710007
4792,4793,Title 4793,TV Show,2008,2015-05-04,PG,0.0,6.0,Sci-Fi,Canada,Japanese,5.6,3.8,0,821334,50.3,1369438,17,2000,1,N/A,0.3244004388012067
4793,4794,Title 4794,Movie,1997,2016-01-19,TV-PG,101.0,0.0,Mystery,United States,English,6.4,4.0,1,2172937,91.6,1756865,28,1990,1,1.5-2.5 hours,0.6923414463389774
4794,4795,Title 4795,Movie,1991,2021-08-16,TV-Y,160.0,0.0,Sci-Fi,Japan,Hindi,5.9,4.5,0,3425911,76.3,1136768,34,1990,1,> 2.5 hours,0.8190880631921738
4795,4796,Title 4796,TV Show,1992,2018-11-06,PG,133.0,5.0,Crime,Canada,English,4.5,3.6,0,3858476,25.3,1713237,33,1990,1,1.5-2.5 hours,0.6799729916257269
4796,4797,Title 4797,TV Show,2020,2022-06-17,TV-14,119.0,6.0,Romance,Japan,Spanish,5.0,5.0,0,3025824,52.1,10409,5,2020,0,1.5-2.5 hours,0.6622748481558325
4797,4798,Title 4798,TV Show,1981,2016-11-27,PG,82.0,5.0,Adventure,Japan,English,5.0,4.4,1,2462253,94.1,839017,44,1980,1,1-1.5 hours,0.7457389656821556
4798,4799,Title 4799,TV Show,2016,2022-08-04,TV-Y7,0.0,5.0,Drama,Spain,German,7.8,3.7,1,152808,54.0,636551,9,2010,1,N/A,0.23892126303347336
4799,4800,Title 4800,Movie,2024,2016-02-28,R,131.0,0.0,Comedy,India,French,6.2,3.2,0,345885,67.2,1651974,1,2020,0,1.5-2.5 hours,0.3206828926779549
4800,4801,Title 4801,Movie,1995,2021-07-09,TV-14,118.0,0.0,Thriller,United States,Korean,8.3,3.4,1,1199818,72.6,287528,30,1990,0,1.5-2.5 hours,0.47037319492628604
4801,4802,Title 4802,Movie,2003,2017-08-25,PG-13,67.0,0.0,Sci-Fi,Canada,Korean,7.9,4.0,0,3423737,69.8,1738672,22,2000,0,1-1.5 hours,0.7927619622953963
4802,4803,Title 4803,Movie,2014,2020-09-24,TV-Y,68.0,0.0,Horror,Australia,French,5.1,4.0,1,3457957,58.9,312274,11,2010,1,1-1.5 hours,0.7542949764111851
4803,4804,Title 4804,Movie,2001,2016-01-29,TV-Y,62.0,6.0,Romance,India,Korean,7.1,4.5,1,1974651,30.0,892376,24,2000,1,1-1.5 hours,0.41619846454577747
4804,4805,Title 4805,TV Show,2015,2015-05-02,TV-Y7,0.0,5.0,Action,France,German,8.1,4.5,1,916407,73.1,648372,10,2010,1,N/A,0.429861428018927
4805,4806,Title 4806,Movie,1990,2017-11-12,TV-Y7,118.0,0.0,Comedy,Australia,Hindi,7.5,3.4,1,1878123,90.0,1962421,35,1990,1,1.5-2.5 hours,0.641719224727868
4806,4807,Title 4807,Movie,2008,2018-02-07,TV-Y7,134.0,0.0,Crime,Spain,Spanish,7.3,4.2,1,1713435,90.6,939562,17,2000,1,1.5-2.5 hours,0.6194159567938812
4807,4808,Title 4808,Movie,2014,2019-12-08,TV-Y7,118.0,5.0,Mystery,India,German,8.1,3.0,1,1965619,64.5,1898268,11,2010,1,1.5-2.5 hours,0.5528436608200673
4808,4809,Title 4809,TV Show,1994,2017-04-03,TV-Y7,86.0,7.0,Crime,Spain,Spanish,4.3,3.8,1,3095051,56.9,95398,31,1990,1,1-1.5 hours,0.6918589267120484
4809,4810,Title 4810,TV Show,2010,2015-06-24,TV-MA,174.0,7.0,Sci-Fi,India,Hindi,8.0,4.5,1,1707292,45.0,1494738,15,2010,0,> 2.5 hours,0.4360945042598867
4810,4811,Title 4811,Movie,2021,2018-07-01,G,154.0,1.0,Adventure,Japan,German,5.5,3.8,1,2721736,27.8,1011302,4,2020,1,> 2.5 hours,0.5194615227191874
4811,4812,Title 4812,TV Show,2020,2017-10-21,TV-Y,0.0,5.0,Mystery,United States,English,7.1,4.7,1,434660,86.2,693362,5,2020,1,N/A,0.40999917929774304
4812,4813,Title 4813,TV Show,2022,2018-07-23,TV-Y7,110.0,5.0,Horror,Canada,Japanese,5.3,5.0,1,668288,30.3,1135621,3,2020,1,1.5-2.5 hours,0.22144347566955808
4813,4814,Title 4814,TV Show,1995,2015-01-19,PG-13,77.0,5.0,Crime,Germany,Hindi,8.6,4.2,1,113927,41.6,245607,30,1990,0,1-1.5 hours,0.18348909699501675
4814,4815,Title 4815,TV Show,1989,2021-04-30,TV-MA,116.0,8.0,Horror,South Korea,Korean,6.6,3.3,1,3511688,75.5,1603782,36,1980,0,1.5-2.5 hours,0.8287546485752836
4815,4816,Title 4816,TV Show,2011,2020-04-28,TV-14,0.0,5.0,Action,United States,German,7.5,3.8,0,440996,72.9,195995,14,2010,0,N/A,0.3577495819113503
4816,4817,Title 4817,TV Show,1981,2018-03-06,TV-14,134.0,5.0,Horror,Japan,Hindi,8.4,3.0,1,684044,71.1,1439301,44,1980,0,1.5-2.5 hours,0.387006882168926
4817,4818,Title 4818,TV Show,2003,2022-06-26,TV-PG,0.0,5.0,Comedy,Japan,Hindi,8.9,4.2,1,97972,75.6,558095,22,2000,1,N/A,0.31709584041356115
4818,4819,Title 4819,Movie,2002,2016-09-16,G,156.0,7.0,Romance,Germany,German,8.0,4.6,1,1807733,60.6,72739,23,2000,1,> 2.5 hours,0.5135606956919132
4819,4820,Title 4820,Movie,1981,2023-10-31,TV-14,118.0,0.0,Mystery,Japan,Korean,4.8,4.3,1,1579544,31.6,648609,44,1980,0,1.5-2.5 hours,0.3633322515636918
4820,4821,Title 4821,TV Show,2017,2018-09-12,TV-Y7,0.0,6.0,Comedy,Australia,French,8.7,4.6,0,3521588,94.9,1989398,8,2010,1,N/A,0.9078396526590449
4821,4822,Title 4822,Movie,2010,2015-04-02,TV-Y,118.0,0.0,Thriller,Japan,Korean,7.4,4.6,0,1091793,86.9,1403139,15,2010,1,1.5-2.5 hours,0.5113694003658511
4822,4823,Title 4823,Movie,2019,2022-06-03,TV-PG,118.0,0.0,Crime,France,Hindi,7.4,4.7,1,3536850,52.3,198661,6,2010,1,1.5-2.5 hours,0.7397289589546372
4823,4824,Title 4824,TV Show,2005,2018-09-07,R,0.0,8.0,Crime,Canada,Spanish,9.1,3.5,0,1528826,59.8,1030249,20,2000,0,N/A,0.46852453064245925
4824,4825,Title 4825,Movie,2008,2023-06-01,TV-MA,118.0,1.0,Thriller,United States,French,5.4,4.7,0,3631257,49.5,492507,17,2000,0,1.5-2.5 hours,0.7426900478976317
4825,4826,Title 4826,TV Show,1982,2017-08-04,R,75.0,5.0,Horror,South Korea,French,5.3,4.3,0,1938290,67.8,591089,43,1980,0,1-1.5 hours,0.5619442995468238
4826,4827,Title 4827,TV Show,1993,2022-01-09,R,0.0,5.0,Comedy,Australia,Hindi,6.8,3.6,1,1943576,74.8,777727,32,1990,0,N/A,0.5907372017273047
4827,4828,Title 4828,TV Show,2004,2018-10-14,TV-Y7,142.0,5.0,Mystery,Australia,German,8.1,5.0,1,3557367,37.4,1313007,21,2000,1,> 2.5 hours,0.6832065174179229
4828,4829,Title 4829,Movie,1980,2017-07-18,R,118.0,7.0,Mystery,South Korea,German,6.5,4.9,1,361279,52.5,916333,45,1980,0,1.5-2.5 hours,0.26419199902799734
4829,4830,Title 4830,Movie,1982,2015-07-10,R,168.0,5.0,Thriller,Japan,German,7.5,4.1,0,1517900,68.0,74385,43,1980,0,> 2.5 hours,0.49968562613547185
4830,4831,Title 4831,Movie,2005,2015-09-07,TV-14,118.0,8.0,Crime,India,Korean,6.5,4.7,1,2632396,94.1,1772613,20,2000,0,1.5-2.5 hours,0.7712604858663361
4831,4832,Title 4832,Movie,1997,2021-02-03,TV-PG,95.0,0.0,Thriller,Australia,English,7.4,3.5,0,459086,44.4,586007,28,1990,1,1-1.5 hours,0.2464630893734958
4832,4833,Title 4833,TV Show,1988,2018-01-21,R,0.0,5.0,Action,Australia,German,8.5,3.8,0,3780677,75.9,114352,37,1980,0,N/A,0.8707031095335511
4833,4834,Title 4834,TV Show,2017,2020-03-09,G,75.0,5.0,Action,United States,German,5.0,3.4,1,1304623,46.0,1188029,8,2010,1,1-1.5 hours,0.37969398815846744
4834,4835,Title 4835,Movie,2002,2018-01-19,PG-13,118.0,0.0,Action,Germany,French,7.8,4.0,0,3128484,26.9,612281,23,2000,0,1.5-2.5 hours,0.5768738905031988
4835,4836,Title 4836,TV Show,2000,2016-03-21,TV-PG,0.0,6.0,Drama,France,Spanish,8.3,4.0,0,306569,77.8,440198,25,2000,1,N/A,0.35718547646006027
4836,4837,Title 4837,TV Show,1980,2022-05-09,G,72.0,5.0,Romance,South Korea,Spanish,6.5,3.4,0,3857009,68.7,1853957,45,1980,1,1-1.5 hours,0.8533529410205879
4837,4838,Title 4838,Movie,2000,2020-01-13,PG-13,118.0,2.0,Adventure,Japan,Hindi,5.8,4.3,0,1717608,58.6,1729935,25,2000,0,1.5-2.5 hours,0.49204190851524837
4838,4839,Title 4839,TV Show,2006,2016-07-25,R,0.0,5.0,Sci-Fi,Spain,Hindi,4.1,3.2,1,1346361,70.6,1506797,19,2000,0,N/A,0.4843547053754398
4839,4840,Title 4840,Movie,2021,2019-05-04,PG,118.0,4.0,Drama,Spain,Hindi,8.4,3.1,0,3215623,85.9,53070,4,2020,1,1.5-2.5 hours,0.8259447764481354
4840,4841,Title 4841,TV Show,1985,2017-09-21,TV-Y,0.0,5.0,Mystery,India,German,5.8,3.8,1,1652079,76.7,1606532,40,1980,1,N/A,0.5546125314844615
4841,4842,Title 4842,Movie,2023,2015-01-17,G,118.0,1.0,Horror,Australia,Spanish,6.0,3.8,1,2120125,84.3,894844,2,2020,1,1.5-2.5 hours,0.6552196245539675
4842,4843,Title 4843,TV Show,2015,2018-12-22,R,0.0,4.0,Crime,Australia,Hindi,5.8,3.6,0,3621300,41.8,141817,10,2010,0,N/A,0.7103964937903579
4843,4844,Title 4844,TV Show,2007,2015-09-20,TV-PG,150.0,5.0,Horror,Germany,Spanish,6.7,3.5,1,1112037,80.0,134396,18,2000,1,> 2.5 hours,0.486806008716524
4844,4845,Title 4845,Movie,2024,2023-12-18,TV-14,118.0,0.0,Thriller,Australia,German,7.9,3.7,1,1229518,47.0,1869547,1,2020,0,1.5-2.5 hours,0.37242820717756975
4845,4846,Title 4846,Movie,1996,2021-04-06,R,118.0,0.0,Crime,Spain,French,8.2,3.3,1,3564200,21.5,279004,29,1990,0,1.5-2.5 hours,0.6206314702365431
4846,4847,Title 4847,Movie,2019,2015-09-11,PG,118.0,0.0,Sci-Fi,South Korea,German,6.2,3.8,1,205328,23.2,1248615,6,2010,1,1.5-2.5 hours,0.12359928469803291
4847,4848,Title 4848,Movie,1982,2019-05-02,R,118.0,4.0,Sci-Fi,India,Hindi,7.6,4.8,1,3873971,74.8,1546416,43,1980,0,1.5-2.5 hours,0.880297248017432
4848,4849,Title 4849,TV Show,1991,2022-01-09,R,155.0,7.0,Comedy,Germany,German,8.0,3.4,0,3244644,40.4,1961044,34,1990,0,> 2.5 hours,0.6482979384193306
4849,4850,Title 4850,TV Show,2018,2022-11-02,TV-Y,0.0,4.0,Horror,France,German,5.6,4.4,1,423480,43.1,1589899,7,2010,1,N/A,0.23592217468598037
4850,4851,Title 4851,Movie,1991,2016-09-02,TV-14,118.0,0.0,Adventure,Spain,Spanish,4.5,3.3,1,3105583,66.7,1504255,34,1990,0,1.5-2.5 hours,0.7326387310565105
4851,4852,Title 4852,TV Show,1981,2020-08-12,G,76.0,5.0,Sci-Fi,United Kingdom,English,8.9,3.7,1,2520907,75.6,1280469,44,1980,1,1-1.5 hours,0.6805370898769971
4852,4853,Title 4853,Movie,2001,2015-11-25,TV-Y7,118.0,8.0,Romance,United States,Korean,7.7,3.6,1,2317508,61.9,644371,24,2000,1,1.5-2.5 hours,0.5952271559746789
4853,4854,Title 4854,Movie,2002,2020-02-20,TV-Y7,118.0,0.0,Comedy,Germany,Hindi,7.6,4.9,1,250091,73.0,1841529,23,2000,1,1.5-2.5 hours,0.32951375316282117
4854,4855,Title 4855,TV Show,2009,2015-03-03,TV-PG,125.0,5.0,Adventure,Germany,Japanese,4.3,3.9,0,831563,90.6,1754490,16,2000,1,1.5-2.5 hours,0.4871347930206808
4855,4856,Title 4856,TV Show,1984,2022-03-27,R,147.0,4.0,Crime,Spain,English,8.5,4.4,1,1370850,84.1,858123,41,1980,0,> 2.5 hours,0.5420280654771801
4856,4857,Title 4857,Movie,1988,2018-07-29,TV-PG,118.0,6.0,Horror,India,French,7.1,4.2,1,3311431,38.1,1573833,37,1980,1,1.5-2.5 hours,0.6491160159690439
4857,4858,Title 4858,Movie,2000,2015-11-03,G,84.0,0.0,Horror,United States,Japanese,8.7,3.3,0,1170269,88.0,813553,25,2000,1,1-1.5 hours,0.5275408327372901
4858,4859,Title 4859,Movie,1990,2017-11-02,G,168.0,4.0,Adventure,South Korea,Hindi,9.4,4.9,0,3103782,42.3,1167623,35,1990,1,> 2.5 hours,0.6347685803135958
4859,4860,Title 4860,TV Show,1984,2017-01-05,TV-14,156.0,5.0,Adventure,South Korea,English,9.3,3.7,1,429415,69.5,976164,41,1980,0,> 2.5 hours,0.3424124271341746
4860,4861,Title 4861,TV Show,2014,2016-05-11,TV-Y7,0.0,7.0,Sci-Fi,Australia,German,8.7,3.1,1,907107,85.6,1273769,11,2010,1,N/A,0.4784664241826665
4861,4862,Title 4862,TV Show,2006,2016-05-21,TV-Y7,0.0,5.0,Crime,United Kingdom,Hindi,4.1,3.6,0,2426607,66.8,114671,19,2000,1,N/A,0.6311920509781401
4862,4863,Title 4863,TV Show,1981,2022-10-10,TV-PG,129.0,3.0,Comedy,Canada,English,8.9,3.7,0,1468727,80.5,1677669,44,1980,1,1.5-2.5 hours,0.5423096558515537
4863,4864,Title 4864,Movie,2003,2018-01-05,TV-Y,82.0,0.0,Romance,Spain,Korean,4.4,3.2,1,2722329,89.6,1154360,22,2000,1,1-1.5 hours,0.7667504729638006
4864,4865,Title 4865,Movie,2010,2020-08-13,TV-Y7,118.0,4.0,Mystery,India,German,8.7,4.2,0,3300611,92.5,713309,15,2010,1,1.5-2.5 hours,0.8650930115057817
4865,4866,Title 4866,Movie,2012,2019-10-19,TV-Y,118.0,0.0,Mystery,United States,Hindi,5.5,3.7,0,1505424,50.8,1469617,13,2010,1,1.5-2.5 hours,0.4290142209891077
4866,4867,Title 4867,Movie,2018,2020-06-12,TV-Y,118.0,0.0,Drama,India,French,7.4,4.3,1,3985198,94.5,367860,7,2010,1,1.5-2.5 hours,0.9757813438986956
4867,4868,Title 4868,Movie,2009,2022-06-19,G,118.0,0.0,Romance,Canada,French,4.2,3.0,1,1105795,40.4,698811,16,2000,1,1.5-2.5 hours,0.3274697061416919
4868,4869,Title 4869,Movie,2016,2020-04-29,TV-14,102.0,0.0,Crime,South Korea,Hindi,8.2,5.0,1,1170612,54.7,1928848,9,2010,0,1.5-2.5 hours,0.3943922828787779
4869,4870,Title 4870,TV Show,2007,2018-08-07,TV-PG,140.0,3.0,Crime,India,English,4.6,3.3,1,723465,77.1,1809839,18,2000,1,1.5-2.5 hours,0.4169200484301332
4870,4871,Title 4871,TV Show,2010,2019-03-30,PG-13,0.0,5.0,Comedy,South Korea,Hindi,6.3,4.3,1,3051038,92.8,1380271,15,2010,0,N/A,0.828856958556636
4871,4872,Title 4872,Movie,1990,2018-11-04,TV-PG,136.0,0.0,Horror,South Korea,Japanese,8.5,4.4,1,1621687,24.0,1522498,35,1990,1,1.5-2.5 hours,0.33925371894772705
4872,4873,Title 4873,Movie,2002,2015-08-12,TV-Y,127.0,0.0,Drama,United Kingdom,German,7.8,3.3,0,3356078,90.9,720261,23,2000,1,1.5-2.5 hours,0.8670130843859821
4873,4874,Title 4874,TV Show,1981,2015-10-12,TV-14,0.0,7.0,Comedy,South Korea,Spanish,4.0,3.2,0,209067,94.9,431143,44,1980,0,N/A,0.4109601362403747
4874,4875,Title 4875,TV Show,2019,2022-02-13,G,129.0,7.0,Drama,Japan,French,6.2,3.3,0,2412121,88.2,1183675,6,2010,1,1.5-2.5 hours,0.7146191450026487
4875,4876,Title 4876,TV Show,2020,2016-06-20,G,0.0,2.0,Horror,South Korea,English,4.2,3.5,1,2274453,28.1,1401572,5,2020,1,N/A,0.4535688882144426
4876,4877,Title 4877,TV Show,2006,2017-02-23,TV-Y,0.0,6.0,Thriller,United States,Korean,7.7,3.3,1,2170206,83.1,106587,19,2000,1,N/A,0.6579317952124368
4877,4878,Title 4878,Movie,2014,2022-04-21,TV-Y,118.0,0.0,Drama,United States,Hindi,9.3,4.3,1,2846206,68.0,1391971,11,2010,1,1.5-2.5 hours,0.6989320740632037
4878,4879,Title 4879,Movie,1981,2017-02-19,PG,159.0,0.0,Comedy,United States,German,7.6,3.8,1,2188330,20.7,1991732,44,1980,1,> 2.5 hours,0.4110504026886074
4879,4880,Title 4880,Movie,2018,2023-09-09,PG,115.0,0.0,Thriller,Germany,Hindi,5.2,4.1,1,460004,93.8,990819,7,2010,1,1.5-2.5 hours,0.4442007897521718
4880,4881,Title 4881,Movie,2016,2016-05-24,TV-Y,118.0,4.0,Adventure,Spain,Korean,6.0,3.1,1,2663827,31.3,1777489,9,2010,1,1.5-2.5 hours,0.5247751488316592
4881,4882,Title 4882,Movie,2000,2016-06-09,TV-Y7,118.0,0.0,Romance,Spain,German,9.4,4.7,0,1635941,49.8,238621,25,2000,1,1.5-2.5 hours,0.44459182482751824
4882,4883,Title 4883,TV Show,1984,2019-08-11,TV-PG,172.0,5.0,Sci-Fi,Spain,Korean,5.2,3.3,1,2337422,22.3,702112,41,1980,1,> 2.5 hours,0.43981426418922653
4883,4884,Title 4884,Movie,2024,2022-07-25,TV-Y7,153.0,0.0,Comedy,Japan,German,7.1,3.7,1,3357813,43.2,308327,1,2020,1,> 2.5 hours,0.6764733351016715
4884,4885,Title 4885,TV Show,2000,2021-03-03,G,129.0,5.0,Adventure,United States,Spanish,6.2,3.1,1,2218846,62.6,1752813,25,2000,1,1.5-2.5 hours,0.583227815276492
4885,4886,Title 4886,Movie,2008,2017-08-29,PG-13,175.0,0.0,Mystery,Australia,French,8.2,3.3,0,2233493,89.8,501790,17,2000,0,> 2.5 hours,0.6942248713183962
4886,4887,Title 4887,Movie,1999,2021-12-17,TV-PG,118.0,7.0,Mystery,Spain,German,8.8,4.3,1,3888922,94.3,858956,26,1990,1,1.5-2.5 hours,0.9605399041847364
4887,4888,Title 4888,Movie,2017,2020-03-24,TV-Y7,113.0,2.0,Crime,Canada,Korean,5.9,4.4,1,3795579,51.8,115136,8,2010,1,1.5-2.5 hours,0.7765384156806432
4888,4889,Title 4889,Movie,1999,2015-11-03,TV-Y7,124.0,1.0,Comedy,Canada,English,7.6,4.4,1,738285,52.1,1674865,26,1990,1,1.5-2.5 hours,0.31914305454340003
4889,4890,Title 4890,Movie,2004,2020-10-25,TV-MA,118.0,0.0,Action,India,French,7.0,4.1,1,823223,32.0,1350020,21,2000,0,1.5-2.5 hours,0.25148378958042134
4890,4891,Title 4891,TV Show,1981,2015-05-03,TV-PG,82.0,1.0,Sci-Fi,Germany,Japanese,5.5,4.9,0,1776231,57.4,621463,44,1980,1,1-1.5 hours,0.4960353826973024
4891,4892,Title 4892,TV Show,2011,2016-04-10,PG-13,0.0,5.0,Action,Australia,Spanish,5.5,4.0,0,2124197,90.5,1153785,14,2010,0,N/A,0.6806304262336722
4892,4893,Title 4893,TV Show,2005,2015-05-11,TV-14,178.0,5.0,Romance,South Korea,Hindi,7.0,3.9,1,340397,32.4,1409042,20,2000,0,> 2.5 hours,0.18065969041414867
4893,4894,Title 4894,Movie,1985,2015-10-24,TV-14,118.0,2.0,Crime,United States,Spanish,4.8,3.5,1,2933245,40.0,1622106,40,1980,0,1.5-2.5 hours,0.59998795996689
4894,4895,Title 4895,Movie,2020,2016-03-11,TV-Y7,84.0,0.0,Sci-Fi,Japan,Spanish,8.5,3.2,1,2252499,86.8,1914538,5,2020,1,1-1.5 hours,0.6850757791583927
4895,4896,Title 4896,TV Show,1982,2016-12-22,TV-Y,0.0,5.0,Thriller,Germany,Hindi,4.4,4.1,1,1827393,67.0,1463448,43,1980,1,N/A,0.5421097038016854
4896,4897,Title 4897,Movie,2012,2017-09-26,PG-13,66.0,0.0,Drama,United Kingdom,German,4.5,3.6,1,2819701,44.8,1012254,13,2010,0,1-1.5 hours,0.6021563131298611
4897,4898,Title 4898,Movie,1980,2023-08-16,PG-13,118.0,0.0,Sci-Fi,United Kingdom,Spanish,5.9,4.0,0,272489,81.0,224559,45,1980,0,1.5-2.5 hours,0.3648734624020217
4898,4899,Title 4899,TV Show,1984,2018-08-09,G,0.0,3.0,Horror,France,French,4.6,3.4,1,2976738,28.2,400397,41,1980,1,N/A,0.5593119279078017
4899,4900,Title 4900,Movie,1992,2021-05-13,TV-MA,118.0,6.0,Thriller,South Korea,Spanish,6.6,4.7,1,132423,84.4,1785882,33,1990,0,1.5-2.5 hours,0.3574635046246378
4900,4901,Title 4901,TV Show,1998,2018-02-20,G,0.0,5.0,Drama,United States,English,6.2,5.0,1,2006932,58.9,442002,27,1990,1,N/A,0.5366406278617266
4901,4902,Title 4902,Movie,1991,2018-05-27,PG-13,136.0,0.0,Romance,Germany,French,8.0,3.6,0,3285374,76.8,1165865,34,1990,0,1.5-2.5 hours,0.8000074552205019
4902,4903,Title 4903,TV Show,2004,2021-06-01,R,125.0,5.0,Mystery,United Kingdom,English,9.2,4.7,0,3447474,58.9,1493782,21,2000,0,1.5-2.5 hours,0.7527225220869358
4903,4904,Title 4904,Movie,2014,2022-12-03,TV-Y,118.0,0.0,Drama,France,French,8.1,4.7,0,2667756,38.5,502379,11,2010,1,1.5-2.5 hours,0.5541645004523763
4904,4905,Title 4905,Movie,1991,2016-06-30,PG-13,118.0,0.0,Horror,Japan,Korean,5.0,5.0,1,3331983,68.1,1104070,34,1990,0,1.5-2.5 hours,0.7721988244467672
4905,4906,Title 4906,TV Show,2009,2017-05-14,TV-MA,106.0,2.0,Crime,United States,Hindi,9.1,3.7,1,2952607,31.6,100662,16,2000,0,1.5-2.5 hours,0.5692922679537369
4906,4907,Title 4907,Movie,1984,2016-05-25,PG-13,118.0,0.0,Drama,United Kingdom,French,6.2,4.5,1,321101,37.2,1457939,41,1980,0,1.5-2.5 hours,0.19696528245452677
4907,4908,Title 4908,Movie,2013,2022-11-04,TV-PG,118.0,0.0,Sci-Fi,Spain,French,6.6,3.5,0,2425916,61.2,1821997,12,2010,1,1.5-2.5 hours,0.6086884006931019
4908,4909,Title 4909,TV Show,2001,2019-03-17,TV-PG,141.0,4.0,Sci-Fi,Canada,German,6.3,4.2,0,1365211,49.2,600501,24,2000,1,> 2.5 hours,0.4015822131510862
4909,4910,Title 4910,Movie,2018,2017-09-08,PG,118.0,0.0,Crime,France,German,5.5,4.4,1,3566372,75.9,196674,7,2010,1,1.5-2.5 hours,0.8385572711324956
4910,4911,Title 4911,TV Show,1992,2022-03-02,TV-MA,76.0,5.0,Sci-Fi,Japan,Korean,8.9,4.5,1,1137304,63.8,1788125,33,1990,0,1-1.5 hours,0.4257960691391902
4911,4912,Title 4912,Movie,1982,2021-12-29,TV-Y7,144.0,2.0,Romance,United Kingdom,German,5.8,3.4,1,1163226,48.6,1826099,43,1980,1,> 2.5 hours,0.3688843798320446
4912,4913,Title 4913,Movie,1999,2020-05-15,TV-Y7,118.0,0.0,Horror,Japan,Japanese,7.2,4.7,0,2837079,44.5,255086,26,1990,1,1.5-2.5 hours,0.6035630202983058
4913,4914,Title 4914,Movie,2010,2019-04-17,TV-14,118.0,1.0,Comedy,South Korea,Japanese,5.3,3.8,0,3199115,88.5,1297666,15,2010,0,1.5-2.5 hours,0.8338685696385665
4914,4915,Title 4915,Movie,1984,2019-03-16,PG-13,155.0,7.0,Comedy,India,German,8.4,3.4,1,66025,23.0,1715170,41,1980,0,> 2.5 hours,0.1019037772353874
4915,4916,Title 4916,TV Show,2003,2021-10-01,R,171.0,6.0,Mystery,France,Japanese,8.3,4.1,0,2921199,71.8,1985408,22,2000,0,> 2.5 hours,0.7253810549979013
4916,4917,Title 4917,Movie,2019,2018-08-12,TV-MA,68.0,0.0,Adventure,Germany,English,5.6,4.7,1,3066102,49.4,546692,6,2010,0,1-1.5 hours,0.6575165647705531
4917,4918,Title 4918,TV Show,2012,2023-12-28,R,0.0,2.0,Romance,Germany,Japanese,7.7,4.9,0,1852371,48.3,1408075,13,2010,0,N/A,0.47105641410513877
4918,4919,Title 4919,Movie,1987,2015-11-28,PG,133.0,2.0,Adventure,United Kingdom,German,7.9,4.5,0,3824689,68.9,1661250,38,1980,1,1.5-2.5 hours,0.8493049276885511
4919,4920,Title 4920,Movie,2003,2021-01-30,PG-13,118.0,0.0,Comedy,Spain,German,7.1,3.0,1,3977643,83.8,574171,22,2000,0,1.5-2.5 hours,0.9318480907822497
4920,4921,Title 4921,Movie,1999,2017-07-16,TV-14,118.0,7.0,Drama,Spain,Japanese,7.3,3.3,1,2251048,74.3,924864,26,1990,0,1.5-2.5 hours,0.6348581285598536
4921,4922,Title 4922,Movie,1995,2015-09-11,G,118.0,7.0,Drama,South Korea,Korean,7.2,3.2,0,2042690,70.3,426782,30,1990,1,1.5-2.5 hours,0.5876043426119422
4922,4923,Title 4923,TV Show,1991,2021-10-01,TV-Y7,0.0,3.0,Drama,Germany,Korean,4.5,3.2,1,480197,57.2,978904,34,1990,1,N/A,0.30082974808180724
4923,4924,Title 4924,TV Show,1992,2019-12-16,TV-PG,0.0,2.0,Sci-Fi,France,Spanish,7.7,3.8,1,1783245,55.2,1115242,33,1990,1,N/A,0.48828748559058543
4924,4925,Title 4925,TV Show,2024,2015-06-07,TV-MA,0.0,5.0,Sci-Fi,Canada,German,6.6,3.7,0,3255116,54.6,18315,1,2020,0,N/A,0.7066687427390426
4925,4926,Title 4926,TV Show,2021,2017-09-22,R,167.0,5.0,Action,Spain,German,6.4,3.2,0,3162822,30.9,231011,4,2020,0,> 2.5 hours,0.5980246046676628
4926,4927,Title 4927,Movie,2018,2022-07-12,PG-13,143.0,0.0,Drama,Germany,French,8.7,4.8,1,3054331,62.0,219051,7,2010,0,> 2.5 hours,0.7061509099150023
4927,4928,Title 4928,TV Show,2004,2022-03-18,G,91.0,5.0,Drama,India,German,4.1,4.2,0,211506,43.7,1472680,21,2000,1,1-1.5 hours,0.20652598724646498
4928,4929,Title 4929,TV Show,2011,2023-09-08,TV-Y,0.0,5.0,Thriller,France,English,5.4,4.6,1,423074,66.4,607199,14,2010,1,N/A,0.3290612745185049
4929,4930,Title 4930,Movie,2003,2022-07-31,TV-Y,118.0,6.0,Crime,Canada,Japanese,4.7,3.7,1,2014450,60.1,1554657,22,2000,1,1.5-2.5 hours,0.5425683309629101
4930,4931,Title 4931,Movie,2023,2015-12-03,TV-PG,61.0,1.0,Comedy,India,French,4.2,3.8,0,3754242,90.5,383489,2,2020,1,1-1.5 hours,0.9251378486290838
4931,4932,Title 4932,Movie,1988,2019-06-04,TV-Y,88.0,0.0,Sci-Fi,Germany,German,5.5,3.6,0,2611202,52.6,1039283,37,1980,1,1-1.5 hours,0.6020813771237872
4932,4933,Title 4933,Movie,2019,2015-04-12,TV-Y7,118.0,0.0,Horror,United Kingdom,English,9.4,3.9,0,2951990,69.8,563731,6,2010,1,1.5-2.5 hours,0.7219997176992237
4933,4934,Title 4934,TV Show,2002,2018-03-03,PG,126.0,5.0,Sci-Fi,Australia,Spanish,5.5,4.2,0,1002220,64.5,1727524,23,2000,1,1.5-2.5 hours,0.4083334134168869
4934,4935,Title 4935,TV Show,1992,2023-12-02,TV-Y,144.0,5.0,Horror,Australia,French,7.7,4.0,0,3743005,71.3,79466,33,1990,1,> 2.5 hours,0.8466522939938085
4935,4936,Title 4936,Movie,2011,2020-08-09,TV-PG,118.0,0.0,Action,South Korea,Japanese,4.7,4.7,1,2189732,40.0,1717712,14,2010,1,1.5-2.5 hours,0.48846070326693397
4936,4937,Title 4937,Movie,1994,2019-11-06,PG,119.0,8.0,Horror,South Korea,Japanese,7.3,4.8,1,2979315,39.3,1536596,31,1990,1,1.5-2.5 hours,0.6040984789708171
4937,4938,Title 4938,Movie,2015,2018-12-25,TV-Y7,118.0,0.0,Sci-Fi,Canada,Hindi,9.4,3.9,1,2748981,62.0,375547,10,2010,1,1.5-2.5 hours,0.6603482839577809
4938,4939,Title 4939,TV Show,1984,2021-04-04,TV-PG,0.0,5.0,Mystery,India,German,5.6,3.5,1,2809373,83.7,1909245,41,1980,1,N/A,0.7562071088695494
4939,4940,Title 4940,TV Show,2001,2019-03-11,TV-Y,0.0,5.0,Sci-Fi,Germany,French,8.7,4.9,0,2449335,74.0,686233,24,2000,1,N/A,0.6634012603534659
4940,4941,Title 4941,Movie,1995,2019-10-16,TV-MA,118.0,1.0,Romance,Germany,Japanese,9.5,4.5,0,2550721,56.7,1797953,30,1990,0,1.5-2.5 hours,0.609409202175306
4941,4942,Title 4942,Movie,2020,2018-03-13,TV-Y,118.0,0.0,Mystery,United Kingdom,Korean,7.2,4.3,0,1466891,39.1,365028,5,2020,1,1.5-2.5 hours,0.3764342550942015
4942,4943,Title 4943,TV Show,1989,2016-01-09,TV-PG,0.0,5.0,Drama,Japan,French,5.7,4.5,0,3866718,77.0,1674777,36,1980,1,N/A,0.8880092950255614
4943,4944,Title 4944,Movie,2003,2018-11-22,TV-MA,118.0,2.0,Comedy,South Korea,Korean,7.7,3.2,0,2735490,89.5,1602921,22,2000,0,1.5-2.5 hours,0.7683246283927281
4944,4945,Title 4945,Movie,1997,2018-05-30,TV-MA,143.0,0.0,Horror,Japan,German,8.6,3.1,1,1225857,36.0,935839,28,1990,0,> 2.5 hours,0.32787905566740305
4945,4946,Title 4946,TV Show,1997,2017-11-27,PG,60.0,5.0,Sci-Fi,Japan,English,4.9,3.3,1,240173,79.9,542645,28,1990,1,1-1.5 hours,0.355626049071635
4946,4947,Title 4947,Movie,1986,2015-10-08,TV-Y7,154.0,0.0,Sci-Fi,United Kingdom,Korean,6.5,3.3,1,2741694,32.9,1389394,39,1980,1,> 2.5 hours,0.542855230951885
4947,4948,Title 4948,TV Show,1983,2016-08-29,TV-Y,116.0,5.0,Horror,Japan,French,5.8,3.8,0,1201030,87.6,1030947,42,1980,1,1.5-2.5 hours,0.5305549954262374
4948,4949,Title 4949,Movie,2005,2015-06-10,G,85.0,0.0,Adventure,Japan,French,5.6,3.3,1,1377627,68.2,385406,20,2000,1,1-1.5 hours,0.4794446182727003
4949,4950,Title 4950,Movie,1984,2015-08-29,TV-Y7,118.0,8.0,Comedy,United Kingdom,Japanese,8.7,4.7,1,1723649,33.6,984916,41,1980,1,1.5-2.5 hours,0.3929480610071678
4950,4951,Title 4951,TV Show,1995,2022-08-10,G,113.0,7.0,Thriller,Spain,Korean,6.3,4.2,0,2143245,22.7,782549,30,1990,1,1.5-2.5 hours,0.4122876340909937
4951,4952,Title 4952,TV Show,2014,2020-01-17,G,149.0,5.0,Crime,Japan,Spanish,5.9,3.7,0,578772,72.1,788264,11,2010,1,> 2.5 hours,0.37521603874410653
4952,4953,Title 4953,Movie,2005,2023-03-03,R,118.0,3.0,Drama,South Korea,Japanese,7.3,3.1,1,2694634,65.5,1816168,20,2000,0,1.5-2.5 hours,0.6661962115395818
4953,4954,Title 4954,TV Show,1997,2019-10-13,PG,75.0,7.0,Mystery,United Kingdom,Spanish,5.2,4.2,1,1122462,65.8,159813,28,1990,1,1-1.5 hours,0.4315697630168483
4954,4955,Title 4955,Movie,2008,2021-12-04,TV-14,118.0,0.0,Sci-Fi,France,Spanish,5.3,3.2,1,58537,56.2,38683,17,2000,0,1.5-2.5 hours,0.23358057414657893
4955,4956,Title 4956,Movie,2002,2022-06-08,PG-13,118.0,0.0,Action,Japan,Korean,6.9,4.5,1,281688,66.1,1190224,23,2000,0,1.5-2.5 hours,0.3066533161966195
4956,4957,Title 4957,TV Show,1993,2018-12-22,PG-13,0.0,5.0,Comedy,Spain,Korean,6.3,4.6,0,3481271,85.5,1466821,32,1990,0,N/A,0.8641920860282366
4957,4958,Title 4958,Movie,1994,2015-11-09,PG,118.0,0.0,Horror,South Korea,French,5.6,4.1,0,794551,91.4,907257,31,1990,1,1.5-2.5 hours,0.48478297775318885
4958,4959,Title 4959,Movie,2012,2023-11-03,PG,108.0,7.0,Sci-Fi,United States,German,4.3,3.3,1,1590236,45.8,1249874,13,2010,1,1.5-2.5 hours,0.4217360559741539
4959,4960,Title 4960,TV Show,2004,2020-11-09,G,150.0,1.0,Mystery,South Korea,German,6.9,4.6,0,581180,56.6,1268388,21,2000,1,> 2.5 hours,0.3135772397374093
4960,4961,Title 4961,TV Show,2000,2019-06-03,PG,0.0,5.0,Action,India,English,8.5,3.6,0,1490299,40.5,181140,25,2000,1,N/A,0.38554546475002804
4961,4962,Title 4962,Movie,1996,2017-02-09,G,118.0,5.0,Crime,France,Korean,8.7,3.4,1,3193085,50.9,1433033,29,1990,1,1.5-2.5 hours,0.6825640671511846
4962,4963,Title 4963,TV Show,2002,2020-01-10,TV-Y7,0.0,8.0,Crime,Australia,Japanese,5.3,3.9,0,2711984,79.7,1453459,23,2000,1,N/A,0.7255987186964764
4963,4964,Title 4964,TV Show,2022,2022-12-13,TV-14,118.0,2.0,Mystery,Germany,Japanese,7.3,4.8,0,3565489,51.9,1059874,3,2020,0,1.5-2.5 hours,0.7424248207682571
4964,4965,Title 4965,TV Show,1996,2015-11-16,R,0.0,8.0,Comedy,India,German,8.7,3.6,1,69267,49.4,1081952,29,1990,0,N/A,0.20799007857271606
4965,4966,Title 4966,TV Show,1993,2023-12-20,G,0.0,5.0,Action,United Kingdom,German,6.2,4.8,0,1925404,83.8,974406,32,1990,1,N/A,0.6240113942313341
4966,4967,Title 4967,Movie,2008,2016-05-15,PG,112.0,0.0,Horror,United Kingdom,Spanish,9.1,3.1,1,2914073,20.1,1908300,17,2000,1,1.5-2.5 hours,0.5175121520584182
4967,4968,Title 4968,Movie,1999,2015-02-13,TV-MA,61.0,1.0,Action,Germany,Spanish,9.0,3.2,0,163204,83.9,48599,26,1990,0,1-1.5 hours,0.3600806673218352
4968,4969,Title 4969,Movie,2009,2016-11-27,TV-Y,118.0,6.0,Romance,Canada,Japanese,5.1,4.4,1,2145360,33.6,547188,16,2000,1,1.5-2.5 hours,0.45620488496343364
4969,4970,Title 4970,TV Show,1998,2021-09-09,PG-13,0.0,5.0,Horror,Canada,Japanese,5.4,3.4,0,2664282,40.6,1038247,27,1990,0,N/A,0.5620433990193473
4970,4971,Title 4971,TV Show,2018,2016-11-01,TV-14,0.0,1.0,Drama,Germany,Spanish,5.0,3.6,0,2929665,47.1,1053907,7,2010,0,N/A,0.6278509584901358
4971,4972,Title 4972,TV Show,1992,2016-08-07,TV-Y,0.0,3.0,Thriller,United Kingdom,Hindi,5.1,3.3,1,540888,86.0,77799,33,1990,1,N/A,0.4251334231169136
4972,4973,Title 4973,TV Show,1997,2020-06-11,TV-PG,102.0,4.0,Drama,South Korea,German,9.0,3.7,0,1730342,88.2,342434,28,1990,1,1.5-2.5 hours,0.6123520137680378
4973,4974,Title 4974,TV Show,2002,2016-08-25,PG,70.0,4.0,Thriller,France,Spanish,9.1,3.6,0,3763420,69.6,701991,23,2000,1,1-1.5 hours,0.8429145524150191
4974,4975,Title 4975,TV Show,2012,2020-08-23,G,69.0,8.0,Drama,Spain,Spanish,4.3,4.5,1,741588,53.0,1554501,13,2010,1,1-1.5 hours,0.32323850590589126
4975,4976,Title 4976,TV Show,2018,2021-08-19,R,0.0,1.0,Action,Australia,Korean,7.3,4.4,0,3509608,58.7,1328120,7,2010,0,N/A,0.7612426477172812
4976,4977,Title 4977,Movie,2019,2015-02-03,TV-MA,63.0,0.0,Comedy,France,Japanese,7.1,4.9,0,1611213,63.5,1910012,6,2010,0,1-1.5 hours,0.4956826146271902
4977,4978,Title 4978,Movie,1997,2016-05-03,R,116.0,6.0,Mystery,Germany,French,6.1,4.4,1,2632793,91.5,1611684,28,1990,0,1.5-2.5 hours,0.7609200360300992
4978,4979,Title 4979,TV Show,1988,2023-11-09,TV-Y,0.0,5.0,Sci-Fi,United Kingdom,Spanish,7.5,4.4,1,2353108,92.7,1867872,37,1980,1,N/A,0.7237671706597193
4979,4980,Title 4980,TV Show,2012,2019-10-27,TV-MA,89.0,1.0,Thriller,Canada,Korean,9.2,4.4,1,2556005,83.5,46295,13,2010,0,1-1.5 hours,0.7174018043549619
4980,4981,Title 4981,TV Show,2011,2020-10-22,PG-13,107.0,5.0,Sci-Fi,United Kingdom,English,4.9,4.8,1,3451257,63.8,670958,14,2010,0,1.5-2.5 hours,0.7728899736474275
4981,4982,Title 4982,Movie,1996,2021-05-11,PG,133.0,0.0,Romance,Canada,Spanish,4.7,3.6,1,782120,49.3,704778,29,1990,1,1.5-2.5 hours,0.31451832262538726
4982,4983,Title 4983,Movie,1998,2018-12-02,TV-PG,161.0,0.0,Romance,France,French,4.2,3.6,1,1800116,37.3,218146,27,1990,1,> 2.5 hours,0.419218142549892
4983,4984,Title 4984,TV Show,2006,2021-02-20,TV-Y,80.0,5.0,Sci-Fi,India,Korean,6.0,4.5,0,498915,60.1,1094362,19,2000,1,1-1.5 hours,0.31523745580300344
4984,4985,Title 4985,TV Show,1985,2015-01-11,G,0.0,5.0,Romance,South Korea,French,5.9,3.5,0,1689707,45.9,281540,40,1980,1,N/A,0.43705674700605424
4985,4986,Title 4986,Movie,2014,2019-02-16,PG-13,126.0,5.0,Horror,France,Spanish,6.4,4.8,1,2883684,25.5,41725,11,2010,0,1.5-2.5 hours,0.5345537895229212
4986,4987,Title 4987,Movie,2016,2016-07-31,TV-PG,91.0,5.0,Sci-Fi,South Korea,English,6.8,4.1,1,2618330,55.7,139457,9,2010,1,1-1.5 hours,0.6155505800640952
4987,4988,Title 4988,Movie,2013,2017-01-08,R,118.0,0.0,Romance,Japan,Spanish,8.2,3.6,1,2913172,62.8,1164198,12,2010,0,1.5-2.5 hours,0.6881770016867547
4988,4989,Title 4989,Movie,1999,2017-12-13,PG-13,118.0,0.0,Thriller,France,Korean,6.2,4.6,0,249460,65.8,366132,26,1990,0,1.5-2.5 hours,0.30061910290253296
4989,4990,Title 4990,TV Show,2004,2021-04-21,TV-PG,0.0,5.0,Comedy,United States,English,5.8,3.6,0,2722816,25.5,163371,21,2000,1,N/A,0.5104235231646888
4990,4991,Title 4991,Movie,1983,2022-02-24,TV-PG,107.0,6.0,Romance,United States,English,8.5,4.9,1,348356,56.2,1893606,42,1980,1,1.5-2.5 hours,0.2770535436972452
4991,4992,Title 4992,Movie,1989,2019-09-26,R,118.0,5.0,Sci-Fi,South Korea,English,8.7,5.0,1,3129876,69.2,577499,36,1980,0,1.5-2.5 hours,0.7462826910774005
4992,4993,Title 4993,TV Show,1989,2020-12-16,TV-PG,0.0,5.0,Thriller,Japan,Hindi,5.3,4.3,1,292208,92.1,927071,36,1980,1,N/A,0.4122313205361315
4993,4994,Title 4994,Movie,2003,2018-03-18,TV-14,96.0,1.0,Sci-Fi,South Korea,Korean,5.7,3.2,0,3636348,21.9,1472735,22,2000,0,1-1.5 hours,0.633053699997675
4994,4995,Title 4995,Movie,2000,2015-02-20,TV-MA,118.0,6.0,Crime,Germany,Hindi,8.5,3.5,0,3246131,70.7,715485,25,2000,0,1.5-2.5 hours,0.7697209890327199
4995,4996,Title 4996,Movie,1990,2022-09-06,TV-14,155.0,5.0,Action,United States,French,4.4,4.0,0,2828759,24.7,940118,35,1990,0,> 2.5 hours,0.5231150168662964
4996,4997,Title 4997,TV Show,2006,2018-03-08,R,73.0,5.0,Action,United Kingdom,English,5.8,4.7,1,3410115,31.9,1832868,19,2000,0,1-1.5 hours,0.6391186566763059
4997,4998,Title 4998,Movie,1995,2019-06-28,TV-Y7,126.0,2.0,Action,South Korea,Hindi,6.5,3.4,1,665414,33.0,1051684,30,1990,1,1.5-2.5 hours,0.23181237448402983
4998,4999,Title 4999,TV Show,2005,2018-05-17,PG-13,75.0,5.0,Drama,South Korea,Spanish,5.0,3.2,1,906709,44.7,63160,20,2000,0,1-1.5 hours,0.3148067240184911
4999,5000,Title 5000,TV Show,2009,2015-07-07,G,136.0,5.0,Horror,Australia,Hindi,5.0,3.1,1,1015006,82.3,1984306,16,2000,1,1.5-2.5 hours,0.4814513186911264
